timestamp,stream,method,value,score,threshold,is_anomaly,is_weekend,dayofweek,hour,weekday,month,temperature,temp_bucket,detector
2004-03-11 19:00:00,CO(GT),isolation_forest,3.350488587569169,0.03492525522978818,0.034858152111304004,True,False,3,19,3,3,-1.0049366734851894,low,Isolation Forest
2004-03-15 09:00:00,CO(GT),isolation_forest,4.189086226686502,0.09499770552303544,0.034858152111304004,True,False,0,9,0,3,-0.4167676256784165,mid,Isolation Forest
2004-03-15 10:00:00,CO(GT),isolation_forest,2.581774085044945,0.04298637185167764,0.034858152111304004,True,False,0,10,0,3,-0.1169167385612385,mid,Isolation Forest
2004-03-15 19:00:00,CO(GT),isolation_forest,4.119203090093391,0.05161243214242539,0.034858152111304004,True,False,0,19,0,3,0.2290650542662749,mid,Isolation Forest
2004-03-17 19:00:00,CO(GT),isolation_forest,3.8396705437209455,0.044036298956999786,0.034858152111304004,True,False,2,19,2,3,0.5404486678110373,mid,Isolation Forest
2004-04-29 08:00:00,CO(GT),isolation_forest,3.560137997348502,0.043205276450367425,0.034858152111304004,True,False,3,8,3,4,-0.2668421821198273,mid,Isolation Forest
2004-05-18 08:00:00,CO(GT),isolation_forest,3.070956041196724,0.06935136334403169,0.034858152111304004,True,False,1,8,1,5,0.0445414314249346,mid,Isolation Forest
2004-10-20 17:00:00,CO(GT),isolation_forest,4.119203090093391,0.0642817589447563,0.034858152111304004,True,False,2,17,2,10,0.713439564224794,mid,Isolation Forest
2004-10-22 18:00:00,CO(GT),isolation_forest,4.398735636465836,0.08661761786330824,0.034858152111304004,True,False,4,18,4,10,0.6788413849420426,mid,Isolation Forest
2004-10-25 17:00:00,CO(GT),isolation_forest,4.04931995350028,0.08064704093307329,0.034858152111304004,True,False,0,17,0,10,0.3789904978248641,mid,Isolation Forest
2004-10-25 18:00:00,CO(GT),isolation_forest,4.398735636465836,0.06212614514354997,0.034858152111304004,True,False,0,18,0,10,0.2982614128317777,mid,Isolation Forest
2004-10-25 19:00:00,CO(GT),isolation_forest,4.119203090093391,0.05171239380372361,0.034858152111304004,True,False,0,19,0,10,0.1829341485559399,mid,Isolation Forest
2004-10-25 20:00:00,CO(GT),isolation_forest,3.0010729046036126,0.04862090024290855,0.034858152111304004,True,False,0,20,0,10,0.1022050635628535,mid,Isolation Forest
2004-10-26 17:00:00,CO(GT),isolation_forest,4.398735636465836,0.0554638184126367,0.034858152111304004,True,False,1,17,1,10,0.5519813942386208,mid,Isolation Forest
2004-10-26 18:00:00,CO(GT),isolation_forest,5.167450138990059,0.06471741495794303,0.034858152111304004,True,False,1,18,1,10,0.4712523092455344,mid,Isolation Forest
2004-10-26 19:00:00,CO(GT),isolation_forest,2.8613066314173903,0.06587810979799924,0.034858152111304004,True,False,1,19,1,10,0.436654129962783,mid,Isolation Forest
2004-10-26 21:00:00,CO(GT),isolation_forest,-0.0039019689001675,0.03860390728596108,0.034858152111304004,True,False,1,21,1,10,0.2982614128317777,mid,Isolation Forest
2004-11-02 14:00:00,CO(GT),isolation_forest,3.769787407127835,0.10132599766951111,0.034858152111304004,True,False,1,14,1,11,0.8172341020730479,mid,Isolation Forest
2004-11-02 15:00:00,CO(GT),isolation_forest,2.581774085044945,0.042235193929478276,0.034858152111304004,True,False,1,15,1,11,0.7826359227902965,mid,Isolation Forest
2004-11-02 18:00:00,CO(GT),isolation_forest,4.04931995350028,0.06167046827386313,0.034858152111304004,True,False,1,18,1,11,0.5289159413834533,mid,Isolation Forest
2004-11-02 19:00:00,CO(GT),isolation_forest,4.119203090093391,0.048301055173221696,0.034858152111304004,True,False,1,19,1,11,0.390523224252448,mid,Isolation Forest
2004-11-02 20:00:00,CO(GT),isolation_forest,4.9578007292107245,0.08326391531434074,0.034858152111304004,True,False,1,20,1,11,0.2867286864041938,mid,Isolation Forest
2004-11-02 21:00:00,CO(GT),isolation_forest,2.651657221638057,0.05143029286581058,0.034858152111304004,True,False,1,21,1,11,0.2059996014111074,mid,Isolation Forest
2004-11-03 00:00:00,CO(GT),isolation_forest,-0.7027333348312792,0.042359963149090296,0.034858152111304004,True,False,2,0,2,11,0.2290650542662749,mid,Isolation Forest
2004-11-04 17:00:00,CO(GT),isolation_forest,4.538494845202291,0.10404740242063582,0.034858152111304004,True,False,3,17,3,11,0.7365050170799615,mid,Isolation Forest
2004-11-04 18:00:00,CO(GT),isolation_forest,4.608385046245169,0.09127068063725974,0.034858152111304004,True,False,3,18,3,11,0.5404486678110373,mid,Isolation Forest
2004-11-05 09:00:00,CO(GT),isolation_forest,2.8613066314173903,0.040271736595423935,0.034858152111304004,True,False,4,9,4,11,-0.2207112764094923,mid,Isolation Forest
2004-11-05 17:00:00,CO(GT),isolation_forest,4.189086226686502,0.05507991597993955,0.034858152111304004,True,False,4,17,4,11,0.5289159413834533,mid,Isolation Forest
2004-11-05 18:00:00,CO(GT),isolation_forest,4.119203090093391,0.04171295910806461,0.034858152111304004,True,False,4,18,4,11,0.3443923185421127,mid,Isolation Forest
2004-11-11 09:00:00,CO(GT),isolation_forest,3.280605450976057,0.062030433485870895,0.034858152111304004,True,False,3,9,3,11,-0.981871220630022,low,Isolation Forest
2004-11-17 17:00:00,CO(GT),isolation_forest,3.9794368169071688,0.07362792704618071,0.034858152111304004,True,False,2,17,2,11,-0.2783749085474112,mid,Isolation Forest
2004-11-17 18:00:00,CO(GT),isolation_forest,5.656632095141837,0.13469633968650796,0.034858152111304004,True,False,2,18,2,11,-0.5436276163818383,mid,Isolation Forest
2004-11-17 19:00:00,CO(GT),isolation_forest,3.1408391777898346,0.08431382040171487,0.034858152111304004,True,False,2,19,2,11,-0.6243567013749247,mid,Isolation Forest
2004-11-19 19:00:00,CO(GT),isolation_forest,4.328852499872725,0.0599855383198733,0.034858152111304004,True,False,4,19,4,11,-0.2553094556922438,mid,Isolation Forest
2004-11-19 20:00:00,CO(GT),isolation_forest,4.538501909652058,0.06230994496978526,0.034858152111304004,True,False,4,20,4,11,-0.3706367199680815,mid,Isolation Forest
2004-11-19 21:00:00,CO(GT),isolation_forest,1.533527036148278,0.03684660435036202,0.034858152111304004,True,False,4,21,4,11,-0.4859639842439194,mid,Isolation Forest
2004-11-23 14:00:00,CO(GT),isolation_forest,3.630021133941613,0.0732363164355242,0.034858152111304004,True,False,1,14,1,11,-0.5205621635266706,mid,Isolation Forest
2004-11-23 17:00:00,CO(GT),isolation_forest,3.630021133941613,0.04317364185791828,0.034858152111304004,True,False,1,17,1,11,-0.5551603428094221,mid,Isolation Forest
2004-11-23 18:00:00,CO(GT),isolation_forest,5.656632095141837,0.11245596285401027,0.034858152111304004,True,False,1,18,1,11,-0.6012912485197572,mid,Isolation Forest
2004-11-23 19:00:00,CO(GT),isolation_forest,6.844645417224727,0.1295690124461587,0.034858152111304004,True,False,1,19,1,11,-0.6935530599404273,mid,Isolation Forest
2004-11-23 20:00:00,CO(GT),isolation_forest,6.565112870852283,0.12019491217954426,0.034858152111304004,True,False,1,20,1,11,-0.7973475977886814,mid,Isolation Forest
2004-11-23 21:00:00,CO(GT),isolation_forest,4.328852499872725,0.13116265390489878,0.034858152111304004,True,False,1,21,1,11,-0.9242075884921028,low,Isolation Forest
2004-11-23 22:00:00,CO(GT),isolation_forest,1.813059582520723,0.07851512452167408,0.034858152111304004,True,False,1,22,1,11,-0.970338494202438,low,Isolation Forest
2004-11-23 23:00:00,CO(GT),isolation_forest,1.323877626368945,0.05416128397680764,0.034858152111304004,True,False,1,23,1,11,-0.970338494202438,low,Isolation Forest
2004-11-24 00:00:00,CO(GT),isolation_forest,1.2539944897758333,0.0792276946935836,0.034858152111304004,True,False,2,0,2,11,-0.9588057677748544,low,Isolation Forest
2004-11-24 01:00:00,CO(GT),isolation_forest,0.4852799872516105,0.07702470280969531,0.034858152111304004,True,False,2,1,2,11,-0.970338494202438,low,Isolation Forest
2004-11-24 02:00:00,CO(GT),isolation_forest,0.1358643042860546,0.04054429921854463,0.034858152111304004,True,False,2,2,2,11,-0.9242075884921028,low,Isolation Forest
2004-11-24 20:00:00,CO(GT),isolation_forest,4.398735636465836,0.07726511104207179,0.034858152111304004,True,False,2,20,2,11,-0.9588057677748544,low,Isolation Forest
2004-11-24 21:00:00,CO(GT),isolation_forest,2.23235840207939,0.059469256718652885,0.034858152111304004,True,False,2,21,2,11,-0.970338494202438,low,Isolation Forest
2004-11-26 17:00:00,CO(GT),isolation_forest,3.909553680314058,0.04831105079510123,0.034858152111304004,True,False,4,17,4,11,-0.3360385406853302,mid,Isolation Forest
2004-11-26 18:00:00,CO(GT),isolation_forest,5.586748958548726,0.13370820955695328,0.034858152111304004,True,False,4,18,4,11,-0.3360385406853302,mid,Isolation Forest
2004-11-26 19:00:00,CO(GT),isolation_forest,3.0010729046036126,0.0633532652596015,0.034858152111304004,True,False,4,19,4,11,-0.3245058142577464,mid,Isolation Forest
2004-11-26 20:00:00,CO(GT),isolation_forest,3.909553680314058,0.07037270800023221,0.034858152111304004,True,False,4,20,4,11,-0.3821694463956653,mid,Isolation Forest
2004-11-26 21:00:00,CO(GT),isolation_forest,4.189086226686502,0.08325881824145165,0.034858152111304004,True,False,4,21,4,11,-0.4398330785335842,mid,Isolation Forest
2004-11-26 22:00:00,CO(GT),isolation_forest,1.813059582520723,0.059950108413982295,0.034858152111304004,True,False,4,22,4,11,-0.5320948899542544,mid,Isolation Forest
2004-11-29 11:00:00,CO(GT),isolation_forest,3.1408391777898346,0.03722985381188426,0.034858152111304004,True,False,0,11,0,11,-0.4052348992508328,mid,Isolation Forest
2004-12-02 19:00:00,CO(GT),isolation_forest,5.097567002396948,0.10289725422309437,0.034858152111304004,True,False,3,19,3,12,-0.3475712671129139,mid,Isolation Forest
2004-12-02 20:00:00,CO(GT),isolation_forest,3.9794368169071688,0.1098194103922362,0.034858152111304004,True,False,3,20,3,12,-0.3475712671129139,mid,Isolation Forest
2004-12-02 21:00:00,CO(GT),isolation_forest,3.1408391777898346,0.07597960812371696,0.034858152111304004,True,False,3,21,3,12,-0.3591039935404976,mid,Isolation Forest
2004-12-13 18:00:00,CO(GT),isolation_forest,5.446982685362504,0.1110898275792751,0.034858152111304004,True,False,0,18,0,12,-0.6704876070852598,mid,Isolation Forest
2004-12-13 19:00:00,CO(GT),isolation_forest,3.350488587569169,0.05661282162489922,0.034858152111304004,True,False,0,19,0,12,-0.7742821449335139,mid,Isolation Forest
2004-12-14 18:00:00,CO(GT),isolation_forest,5.027683865803837,0.06475719570333771,0.034858152111304004,True,False,1,18,1,12,0.2720137960973683,mid,Isolation Forest
2004-12-14 19:00:00,CO(GT),isolation_forest,3.699904270534725,0.041945495659793886,0.034858152111304004,True,False,1,19,1,12,0.2629616194702487,mid,Isolation Forest
2004-12-16 19:00:00,CO(GT),isolation_forest,4.538501909652058,0.07557296872979624,0.034858152111304004,True,False,3,19,3,12,0.263257258209237,mid,Isolation Forest
2004-12-16 20:00:00,CO(GT),isolation_forest,4.8879175926176135,0.08543438390174363,0.034858152111304004,True,False,3,20,3,12,0.2717117782486845,mid,Isolation Forest
2004-12-16 21:00:00,CO(GT),isolation_forest,4.538501909652058,0.09686517028861508,0.034858152111304004,True,False,3,21,3,12,0.2722331054893113,mid,Isolation Forest
2004-12-16 22:00:00,CO(GT),isolation_forest,2.3022415386725013,0.0628124695133907,0.034858152111304004,True,False,3,22,3,12,0.2687243751875232,mid,Isolation Forest
2004-12-23 18:00:00,CO(GT),isolation_forest,4.468618773058947,0.07738480233814504,0.034858152111304004,True,False,3,18,3,12,-1.2009930227541137,low,Isolation Forest
2004-12-23 19:00:00,CO(GT),isolation_forest,4.608385046245169,0.07546439700621566,0.034858152111304004,True,False,3,19,3,12,-1.3047875606023678,low,Isolation Forest
2004-12-23 20:00:00,CO(GT),isolation_forest,4.8879175926176135,0.09887616980202818,0.034858152111304004,True,False,3,20,3,12,-1.408582098450622,low,Isolation Forest
2004-12-23 21:00:00,CO(GT),isolation_forest,3.560137997348502,0.09210201355918568,0.034858152111304004,True,False,3,21,3,12,-1.397049372023038,low,Isolation Forest
2004-12-24 14:00:00,CO(GT),isolation_forest,4.04931995350028,0.050930458564290126,0.034858152111304004,True,False,4,14,4,12,-0.9126748620645192,low,Isolation Forest
2005-01-17 18:00:00,CO(GT),isolation_forest,4.538501909652058,0.09754939793911577,0.034858152111304004,True,False,0,18,0,1,-1.0626003056231084,low,Isolation Forest
2005-01-17 19:00:00,CO(GT),isolation_forest,4.608385046245169,0.08631050662863415,0.034858152111304004,True,False,0,19,0,1,-1.2240584756092812,low,Isolation Forest
2005-02-10 20:00:00,CO(GT),isolation_forest,4.398735636465836,0.06589095027329162,0.034858152111304004,True,False,3,20,3,2,0.2007894965627574,mid,Isolation Forest
2005-02-11 16:00:00,CO(GT),isolation_forest,3.4902548607553907,0.03615707100306276,0.034858152111304004,True,False,4,16,4,2,0.2174211553545509,mid,Isolation Forest
2005-02-11 20:00:00,CO(GT),isolation_forest,1.9528258557069451,0.04678386280391633,0.034858152111304004,True,False,4,20,4,2,0.2031781431897474,mid,Isolation Forest
2005-03-21 09:00:00,CO(GT),isolation_forest,2.791423494824279,0.041885062963983755,0.034858152111304004,True,False,0,9,0,3,-0.4283003521060005,mid,Isolation Forest
2004-03-29 08:00:00,NMHC(GT),isolation_forest,3.1559985739984886,0.07836575108431976,0.0221434520503324,True,False,0,8,0,3,-0.866543956354184,mid,Isolation Forest
2004-03-30 10:00:00,NMHC(GT),isolation_forest,3.1079905337241365,0.05555862270654599,0.0221434520503324,True,False,1,10,1,3,-0.0592531064233196,mid,Isolation Forest
2004-03-30 11:00:00,NMHC(GT),isolation_forest,2.591904100774855,0.06425823500125938,0.0221434520503324,True,False,1,11,1,3,-0.0131222007129842,mid,Isolation Forest
2004-03-30 12:00:00,NMHC(GT),isolation_forest,2.213840783614335,0.04383984640928962,0.0221434520503324,True,False,1,12,1,3,0.2751959599766103,mid,Isolation Forest
2004-03-30 13:00:00,NMHC(GT),isolation_forest,1.973800582242576,0.02351781667053854,0.0221434520503324,True,False,1,13,1,3,0.4597195828179505,mid,Isolation Forest
2004-04-01 08:00:00,NMHC(GT),isolation_forest,4.950299079252385,0.09855171323093748,0.0221434520503324,True,False,3,8,3,4,-0.7512166920783462,mid,Isolation Forest
2004-04-01 09:00:00,NMHC(GT),isolation_forest,3.1199925437927245,0.08837111916855345,0.0221434520503324,True,False,3,9,3,4,-0.2553094556922438,mid,Isolation Forest
2004-04-01 10:00:00,NMHC(GT),isolation_forest,0.9476287213783072,0.023801132569340466,0.0221434520503324,True,False,3,10,3,4,0.0906723371352696,mid,Isolation Forest
2004-04-01 19:00:00,NMHC(GT),isolation_forest,3.738096062325004,0.09064866639773561,0.0221434520503324,True,False,3,19,3,4,0.2751959599766103,mid,Isolation Forest
2004-04-06 08:00:00,NMHC(GT),isolation_forest,5.202341290692733,0.11410487036014794,0.0221434520503324,True,False,1,8,1,4,-0.2553094556922438,mid,Isolation Forest
2004-04-06 09:00:00,NMHC(GT),isolation_forest,3.3540317401301896,0.07841602134390291,0.0221434520503324,True,False,1,9,1,4,-0.0015894742854006,mid,Isolation Forest
2004-04-06 10:00:00,NMHC(GT),isolation_forest,1.5177241996362345,0.02606302620172951,0.0221434520503324,True,False,1,10,1,4,0.136803242845605,mid,Isolation Forest
2004-04-06 11:00:00,NMHC(GT),isolation_forest,-0.2885783156862507,0.027960388000848102,0.0221434520503324,True,False,1,11,1,4,0.2059996014111074,mid,Isolation Forest
2004-04-08 08:00:00,NMHC(GT),isolation_forest,3.5100578710218326,0.06336008413371774,0.0221434520503324,True,False,3,8,3,4,-0.981871220630022,low,Isolation Forest
2004-04-08 19:00:00,NMHC(GT),isolation_forest,4.542230736920396,0.08157545976335956,0.0221434520503324,True,False,3,19,3,4,-0.0477203799957356,mid,Isolation Forest
2004-04-14 08:00:00,NMHC(GT),isolation_forest,3.714092042187828,0.030706315797433992,0.0221434520503324,True,False,2,8,2,4,-0.5897585220921733,mid,Isolation Forest
2004-04-15 17:00:00,NMHC(GT),isolation_forest,3.3660337501987776,0.04707511414214438,0.0221434520503324,True,False,3,17,3,4,0.136803242845605,mid,Isolation Forest
2004-04-15 18:00:00,NMHC(GT),isolation_forest,4.254182495274285,0.040917316549495486,0.0221434520503324,True,False,3,18,3,4,-0.0131222007129842,mid,Isolation Forest
2004-04-15 19:00:00,NMHC(GT),isolation_forest,5.832446819293599,0.11051230771146536,0.0221434520503324,True,False,3,19,3,4,-0.1169167385612385,mid,Isolation Forest
2004-04-15 20:00:00,NMHC(GT),isolation_forest,3.6420799817763,0.07212291149053829,0.0221434520503324,True,False,3,20,3,4,-0.1861130971267409,mid,Isolation Forest
2004-04-15 21:00:00,NMHC(GT),isolation_forest,2.657915156152089,0.024179073335225842,0.0221434520503324,True,False,3,21,3,4,-0.2553094556922438,mid,Isolation Forest
2004-04-15 22:00:00,NMHC(GT),isolation_forest,-0.0845441445202557,0.02830915328260608,0.0221434520503324,True,False,3,22,3,4,-0.4052348992508328,mid,Isolation Forest
2004-04-15 23:00:00,NMHC(GT),isolation_forest,-0.4866114818179518,0.033434141923751826,0.0221434520503324,True,False,3,23,3,4,-0.5205621635266706,mid,Isolation Forest
2004-04-16 19:00:00,NMHC(GT),isolation_forest,3.3960387753702475,0.033859565040457174,0.0221434520503324,True,False,4,19,4,4,-0.5205621635266706,mid,Isolation Forest
2004-04-16 21:00:00,NMHC(GT),isolation_forest,0.4915523387719654,0.025326719797718278,0.0221434520503324,True,False,4,21,4,4,-0.5666930692370058,mid,Isolation Forest
2004-04-23 08:00:00,NMHC(GT),isolation_forest,3.9781362636967614,0.06688824775698843,0.0221434520503324,True,False,4,8,4,4,-0.3475712671129139,mid,Isolation Forest
2004-04-23 11:00:00,NMHC(GT),isolation_forest,2.5318940504319154,0.033952614172563234,0.0221434520503324,True,False,4,11,4,4,0.9786922720592206,high,Isolation Forest
2004-04-23 15:00:00,NMHC(GT),isolation_forest,2.789937266906556,0.029038431134543408,0.0221434520503324,True,False,4,15,4,4,1.336206791314318,high,Isolation Forest
2004-04-23 21:00:00,NMHC(GT),isolation_forest,-0.432602436509306,0.056869956161076485,0.0221434520503324,True,False,4,21,4,4,0.2405977806938588,mid,Isolation Forest
2004-04-28 07:00:00,NMHC(GT),isolation_forest,3.222009629375722,0.05245252123689159,0.0221434520503324,True,False,2,7,2,4,-0.393702172823249,mid,Isolation Forest
2004-04-29 07:00:00,NMHC(GT),isolation_forest,2.50789003029474,0.03768246770689487,0.0221434520503324,True,False,3,7,3,4,-0.4167676256784165,mid,Isolation Forest
2004-04-29 08:00:00,NMHC(GT),isolation_forest,5.472386517235961,0.12459275768945388,0.0221434520503324,True,False,3,8,3,4,-0.2668421821198273,mid,Isolation Forest
2004-04-29 09:00:00,NMHC(GT),isolation_forest,1.5477292248077044,0.03485351823339311,0.0221434520503324,True,False,3,9,3,4,0.0214759785697671,mid,Isolation Forest
2004-04-29 13:00:00,NMHC(GT),isolation_forest,1.7937704312137572,0.023578712641624144,0.0221434520503324,True,False,3,13,3,4,0.748037743507545,mid,Isolation Forest
2004-04-29 14:00:00,NMHC(GT),isolation_forest,0.773599575383782,0.028552946399401424,0.0221434520503324,True,False,3,14,3,4,0.4597195828179505,mid,Isolation Forest
2004-04-29 19:00:00,NMHC(GT),isolation_forest,3.678086011982064,0.03018447491404852,0.0221434520503324,True,False,3,19,3,4,0.2059996014111074,mid,Isolation Forest
2004-04-29 20:00:00,NMHC(GT),isolation_forest,1.3076890234359453,0.030945119505718544,0.0221434520503324,True,False,3,20,3,4,0.0214759785697671,mid,Isolation Forest
2004-05-10 07:00:00,NMHC(GT),isolation_forest,2.7990999342611644,0.05996635858287103,0.0221434520503324,True,False,0,7,0,5,-0.4283003521060005,mid,Isolation Forest
2004-05-12 13:00:00,NMHC(GT),isolation_forest,2.85501908950962,0.027332445037369202,0.0221434520503324,True,False,2,13,2,5,0.2290650542662749,mid,Isolation Forest
2004-05-18 08:00:00,NMHC(GT),isolation_forest,3.318901100673447,0.07281998735442874,0.0221434520503324,True,False,1,8,1,5,0.0445414314249346,mid,Isolation Forest
2004-05-20 08:00:00,NMHC(GT),isolation_forest,3.139611552194636,0.025573677133343686,0.0221434520503324,True,False,3,8,3,5,0.0330087049973507,mid,Isolation Forest
2004-06-28 08:00:00,NMHC(GT),isolation_forest,3.053707883022387,0.0372716780425284,0.0221434520503324,True,False,0,8,0,6,0.8172341020730479,mid,Isolation Forest
2004-09-21 07:00:00,NMHC(GT),isolation_forest,2.9302997637471995,0.0256339213400143,0.0221434520503324,True,False,1,7,1,9,-0.0246549271405681,mid,Isolation Forest
2004-09-27 07:00:00,NMHC(GT),isolation_forest,2.6378921494254195,0.043558552953999796,0.0221434520503324,True,False,0,7,0,9,-0.393702172823249,mid,Isolation Forest
2004-10-05 07:00:00,NMHC(GT),isolation_forest,2.73035099359149,0.04644598190563398,0.0221434520503324,True,False,1,7,1,10,-0.1169167385612385,mid,Isolation Forest
2004-10-05 12:00:00,NMHC(GT),isolation_forest,2.902864138619405,0.02385258089587894,0.0221434520503324,True,False,1,12,1,10,1.1747486213281453,high,Isolation Forest
2004-10-08 07:00:00,NMHC(GT),isolation_forest,2.9203430180897136,0.039662613935092406,0.0221434520503324,True,False,4,7,4,10,0.1137377899904371,mid,Isolation Forest
2004-10-26 21:00:00,NMHC(GT),isolation_forest,-0.066182640423397,0.04174960702659536,0.0221434520503324,True,False,1,21,1,10,0.2982614128317777,mid,Isolation Forest
2004-11-02 13:00:00,NMHC(GT),isolation_forest,2.9588895128290384,0.039327446987350356,0.0221434520503324,True,False,1,13,1,11,0.8402995549282154,high,Isolation Forest
2004-11-02 14:00:00,NMHC(GT),isolation_forest,3.2313462760632947,0.07406932850779502,0.0221434520503324,True,False,1,14,1,11,0.8172341020730479,mid,Isolation Forest
2004-11-02 15:00:00,NMHC(GT),isolation_forest,3.075660412119702,0.05447911983641762,0.0221434520503324,True,False,1,15,1,11,0.7826359227902965,mid,Isolation Forest
2004-11-02 16:00:00,NMHC(GT),isolation_forest,3.074666349151985,0.02370922768648498,0.0221434520503324,True,False,1,16,1,11,0.805701375645464,mid,Isolation Forest
2004-11-02 17:00:00,NMHC(GT),isolation_forest,3.1932858246394304,0.02292791829836094,0.0221434520503324,True,False,1,17,1,11,0.6903741113696261,mid,Isolation Forest
2004-11-02 20:00:00,NMHC(GT),isolation_forest,3.0529921869874133,0.0327313619574201,0.0221434520503324,True,False,1,20,1,11,0.2867286864041938,mid,Isolation Forest
2004-11-02 21:00:00,NMHC(GT),isolation_forest,2.81130815562335,0.025428686682171242,0.0221434520503324,True,False,1,21,1,11,0.2059996014111074,mid,Isolation Forest
2004-11-05 09:00:00,NMHC(GT),isolation_forest,3.075649057679024,0.030095556139471347,0.0221434520503324,True,False,4,9,4,11,-0.2207112764094923,mid,Isolation Forest
2004-11-11 09:00:00,NMHC(GT),isolation_forest,3.198301190968446,0.038939163639518326,0.0221434520503324,True,False,3,9,3,11,-0.981871220630022,low,Isolation Forest
2004-11-23 14:00:00,NMHC(GT),isolation_forest,3.4049102562623146,0.04836457900383562,0.0221434520503324,True,False,1,14,1,11,-0.5205621635266706,mid,Isolation Forest
2004-11-23 15:00:00,NMHC(GT),isolation_forest,2.715159484509313,0.02306627863058963,0.0221434520503324,True,False,1,15,1,11,-0.4859639842439194,mid,Isolation Forest
2004-11-23 21:00:00,NMHC(GT),isolation_forest,3.2390284708624453,0.027938649291317952,0.0221434520503324,True,False,1,21,1,11,-0.9242075884921028,low,Isolation Forest
2004-11-23 22:00:00,NMHC(GT),isolation_forest,2.3048261143982662,0.032614276828973665,0.0221434520503324,True,False,1,22,1,11,-0.970338494202438,low,Isolation Forest
2004-11-26 20:00:00,NMHC(GT),isolation_forest,3.2124422311517966,0.022179723562487763,0.0221434520503324,True,False,4,20,4,11,-0.3821694463956653,mid,Isolation Forest
2004-11-26 21:00:00,NMHC(GT),isolation_forest,3.369623218542044,0.03625788033088195,0.0221434520503324,True,False,4,21,4,11,-0.4398330785335842,mid,Isolation Forest
2004-11-26 22:00:00,NMHC(GT),isolation_forest,2.132194297151656,0.03663650565772725,0.0221434520503324,True,False,4,22,4,11,-0.5320948899542544,mid,Isolation Forest
2004-11-29 11:00:00,NMHC(GT),isolation_forest,3.140581074919598,0.04968135129204432,0.0221434520503324,True,False,0,11,0,11,-0.4052348992508328,mid,Isolation Forest
2004-11-29 12:00:00,NMHC(GT),isolation_forest,2.5462193255720686,0.034575565129252084,0.0221434520503324,True,False,0,12,0,11,-0.3591039935404976,mid,Isolation Forest
2004-12-01 19:00:00,NMHC(GT),isolation_forest,0.7204322237744043,0.03585468051232632,0.0221434520503324,True,False,2,19,2,12,-0.6820203335128435,mid,Isolation Forest
2004-12-02 20:00:00,NMHC(GT),isolation_forest,3.29553659193702,0.025720187803307537,0.0221434520503324,True,False,3,20,3,12,-0.3475712671129139,mid,Isolation Forest
2004-12-02 21:00:00,NMHC(GT),isolation_forest,3.1330757896316515,0.032479190133717695,0.0221434520503324,True,False,3,21,3,12,-0.3591039935404976,mid,Isolation Forest
2004-12-03 22:00:00,NMHC(GT),isolation_forest,0.4074943156182588,0.026936414211534587,0.0221434520503324,True,False,4,22,4,12,-0.5090294370990869,mid,Isolation Forest
2004-12-16 20:00:00,NMHC(GT),isolation_forest,3.231682880288546,0.03157442779027153,0.0221434520503324,True,False,3,20,3,12,0.2717117782486845,mid,Isolation Forest
2004-12-16 21:00:00,NMHC(GT),isolation_forest,3.1549360181144257,0.03398019613875414,0.0221434520503324,True,False,3,21,3,12,0.2722331054893113,mid,Isolation Forest
2004-04-01 14:00:00,C6H6(GT),isolation_forest,3.094885167422515,0.035753528035453064,0.025063116156613757,True,False,3,14,3,4,0.2845870213070672,mid,Isolation Forest
2004-04-08 23:00:00,C6H6(GT),isolation_forest,3.0499751677872027,0.029191603148702505,0.025063116156613757,True,False,3,23,3,4,0.2407123846990768,mid,Isolation Forest
2004-04-09 02:00:00,C6H6(GT),isolation_forest,3.117226546840716,0.03480374256180052,0.025063116156613757,True,False,4,2,4,4,0.2517154690464998,mid,Isolation Forest
2004-04-09 03:00:00,C6H6(GT),isolation_forest,3.1756452782967823,0.064133453160797,0.025063116156613757,True,False,4,3,4,4,0.2695162646669563,mid,Isolation Forest
2004-04-09 04:00:00,C6H6(GT),isolation_forest,3.115319786350032,0.07064072249461795,0.025063116156613757,True,False,4,4,4,4,0.2643571047084497,mid,Isolation Forest
2004-04-09 05:00:00,C6H6(GT),isolation_forest,3.118771625640988,0.03143649604997012,0.025063116156613757,True,False,4,5,4,4,0.2491598657209293,mid,Isolation Forest
2004-04-09 06:00:00,C6H6(GT),isolation_forest,3.106719138521106,0.029913225937267862,0.025063116156613757,True,False,4,6,4,4,0.2485514306375648,mid,Isolation Forest
2004-04-09 23:00:00,C6H6(GT),isolation_forest,-0.3062268387624732,0.05693380643851087,0.025063116156613757,True,False,4,23,4,4,-0.7396839656507624,mid,Isolation Forest
2004-04-10 00:00:00,C6H6(GT),isolation_forest,-0.6181106711688734,0.029940590202142014,0.025063116156613757,True,True,5,0,5,4,-0.7396839656507624,mid,Isolation Forest
2004-04-10 01:00:00,C6H6(GT),isolation_forest,-0.4621687549656733,0.032131253206008736,0.025063116156613757,True,True,5,1,5,4,-0.7973475977886814,mid,Isolation Forest
2004-04-10 03:00:00,C6H6(GT),isolation_forest,-0.8052409706127136,0.04118388381280491,0.025063116156613757,True,True,5,3,5,4,-0.8434785034990165,mid,Isolation Forest
2004-04-10 04:00:00,C6H6(GT),isolation_forest,-0.8364293538533536,0.04704265422062337,0.025063116156613757,True,True,5,4,5,4,-0.8780766827817678,mid,Isolation Forest
2004-05-18 08:00:00,C6H6(GT),isolation_forest,2.8645921240359287,0.040509268671573895,0.025063116156613757,True,False,1,8,1,5,0.0445414314249346,mid,Isolation Forest
2004-05-25 21:00:00,C6H6(GT),isolation_forest,3.289559940706348,0.03500980117534602,0.025063116156613757,True,False,1,21,1,5,0.2815105306794696,mid,Isolation Forest
2004-05-25 22:00:00,C6H6(GT),isolation_forest,3.289559940706348,0.05206135013008739,0.025063116156613757,True,False,1,22,1,5,0.2799054146985187,mid,Isolation Forest
2004-05-25 23:00:00,C6H6(GT),isolation_forest,3.290961853837498,0.058624813357683325,0.025063116156613757,True,False,1,23,1,5,0.2822604060226328,mid,Isolation Forest
2004-05-26 00:00:00,C6H6(GT),isolation_forest,3.2255565584121326,0.047195313213262535,0.025063116156613757,True,False,2,0,2,5,0.2674177575464586,mid,Isolation Forest
2004-05-26 01:00:00,C6H6(GT),isolation_forest,3.2298876173386644,0.02581955194147756,0.025063116156613757,True,False,2,1,2,5,0.2674177575464586,mid,Isolation Forest
2004-06-19 14:00:00,C6H6(GT),isolation_forest,3.2719767377372384,0.04557767681341496,0.025063116156613757,True,True,5,14,5,6,0.3837197057898986,mid,Isolation Forest
2004-06-19 15:00:00,C6H6(GT),isolation_forest,3.2719767377372384,0.026282274557506202,0.025063116156613757,True,True,5,15,5,6,0.3812938843512352,mid,Isolation Forest
2004-06-19 16:00:00,C6H6(GT),isolation_forest,3.2719767377372384,0.042422088256123036,0.025063116156613757,True,True,5,16,5,6,0.3812938843512352,mid,Isolation Forest
2004-06-19 17:00:00,C6H6(GT),isolation_forest,3.270423727320949,0.049321019084638706,0.025063116156613757,True,True,5,17,5,6,0.3810719353276941,mid,Isolation Forest
2004-06-19 18:00:00,C6H6(GT),isolation_forest,3.230043077012614,0.06448272134261979,0.025063116156613757,True,True,5,18,5,6,0.3780614354900493,mid,Isolation Forest
2004-06-19 19:00:00,C6H6(GT),isolation_forest,3.2524804289846303,0.06731051478164995,0.025063116156613757,True,True,5,19,5,6,0.3678253840911772,mid,Isolation Forest
2004-06-19 20:00:00,C6H6(GT),isolation_forest,3.2297662636135915,0.02917299367971693,0.025063116156613757,True,True,5,20,5,6,0.3384011906977419,mid,Isolation Forest
2004-06-19 21:00:00,C6H6(GT),isolation_forest,3.2551307784769854,0.03723949204066079,0.025063116156613757,True,True,5,21,5,6,0.3839040400631666,mid,Isolation Forest
2004-06-19 22:00:00,C6H6(GT),isolation_forest,3.2297662636135915,0.02508696009773903,0.025063116156613757,True,True,5,22,5,6,0.3353777126714063,mid,Isolation Forest
2004-06-21 04:00:00,C6H6(GT),isolation_forest,-1.0235596532971938,0.1002450381391492,0.025063116156613757,True,False,0,4,0,6,0.0560741578525182,mid,Isolation Forest
2004-06-21 05:00:00,C6H6(GT),isolation_forest,-0.8156370983595936,0.0625758907170828,0.025063116156613757,True,False,0,5,0,6,-0.0246549271405681,mid,Isolation Forest
2004-06-21 06:00:00,C6H6(GT),isolation_forest,-0.3166229665093532,0.051205356100384014,0.025063116156613757,True,False,0,6,0,6,0.0214759785697671,mid,Isolation Forest
2004-06-21 09:00:00,C6H6(GT),isolation_forest,0.2551640595690471,0.028340222586858865,0.025063116156613757,True,False,0,9,0,6,0.771103196362713,mid,Isolation Forest
2004-07-31 00:00:00,C6H6(GT),isolation_forest,3.221815215136526,0.0303592257330354,0.025063116156613757,True,True,5,0,5,7,0.3110601065738152,mid,Isolation Forest
2004-08-09 16:00:00,C6H6(GT),isolation_forest,3.371775899700686,0.06547004746706597,0.025063116156613757,True,False,0,16,0,8,0.3828787631566006,mid,Isolation Forest
2004-08-09 17:00:00,C6H6(GT),isolation_forest,3.371775899700686,0.03703747812234859,0.025063116156613757,True,False,0,17,0,8,0.3826568141330595,mid,Isolation Forest
2004-08-09 18:00:00,C6H6(GT),isolation_forest,3.3272823099063094,0.056198861800674904,0.025063116156613757,True,False,0,18,0,8,0.3672932783548582,mid,Isolation Forest
2004-08-09 19:00:00,C6H6(GT),isolation_forest,3.326508977344572,0.06842916302227109,0.025063116156613757,True,False,0,19,0,8,0.3444545258601083,mid,Isolation Forest
2004-08-26 06:00:00,C6H6(GT),isolation_forest,3.124976132270929,0.06639602727489635,0.025063116156613757,True,False,3,6,3,8,0.3509537387932556,mid,Isolation Forest
2004-08-26 08:00:00,C6H6(GT),isolation_forest,3.1080219064520334,0.030962295604348822,0.025063116156613757,True,False,3,8,3,8,0.3406066028979631,mid,Isolation Forest
2004-08-26 09:00:00,C6H6(GT),isolation_forest,3.264980655828718,0.06181362150586145,0.025063116156613757,True,False,3,9,3,8,0.383365775186452,mid,Isolation Forest
2004-08-26 10:00:00,C6H6(GT),isolation_forest,3.285153928008447,0.07783484207502978,0.025063116156613757,True,False,3,10,3,8,0.3818735034563203,mid,Isolation Forest
2004-08-26 11:00:00,C6H6(GT),isolation_forest,3.284751795076344,0.0908147847429841,0.025063116156613757,True,False,3,11,3,8,0.4071407170213316,mid,Isolation Forest
2004-08-26 12:00:00,C6H6(GT),isolation_forest,3.271823657548094,0.05352857197894789,0.025063116156613757,True,False,3,12,3,8,0.3939311206271883,mid,Isolation Forest
2004-08-26 13:00:00,C6H6(GT),isolation_forest,3.272495862005605,0.05410914792526589,0.025063116156613757,True,False,3,13,3,8,0.394874348984913,mid,Isolation Forest
2004-08-26 14:00:00,C6H6(GT),isolation_forest,3.2709095388020404,0.053813460706717,0.025063116156613757,True,False,3,14,3,8,0.3859207186041229,mid,Isolation Forest
2004-08-26 15:00:00,C6H6(GT),isolation_forest,3.27179034476082,0.03465114628040389,0.025063116156613757,True,False,3,15,3,8,0.3852251756780208,mid,Isolation Forest
2004-08-28 03:00:00,C6H6(GT),isolation_forest,-0.7844487151189536,0.08728085599197977,0.025063116156613757,True,True,5,3,5,8,0.1598686957007724,mid,Isolation Forest
2004-08-28 04:00:00,C6H6(GT),isolation_forest,-0.9195983758283937,0.05639712279266318,0.025063116156613757,True,True,5,4,5,8,0.1829341485559399,mid,Isolation Forest
2004-08-28 05:00:00,C6H6(GT),isolation_forest,-1.0027673978034335,0.05769688098383907,0.025063116156613757,True,True,5,5,5,8,0.4712523092455344,mid,Isolation Forest
2004-08-28 06:00:00,C6H6(GT),isolation_forest,-0.8260332261064736,0.05231265041379729,0.025063116156613757,True,True,5,6,5,8,0.125270516418021,mid,Isolation Forest
2004-08-28 07:00:00,C6H6(GT),isolation_forest,-0.7324680763845536,0.05155117725215608,0.025063116156613757,True,True,5,7,5,8,0.136803242845605,mid,Isolation Forest
2004-08-28 08:00:00,C6H6(GT),isolation_forest,-0.4413764994719134,0.04733952496395133,0.025063116156613757,True,True,5,8,5,8,0.2636632335490263,mid,Isolation Forest
2004-09-07 23:00:00,C6H6(GT),isolation_forest,3.301063163416995,0.05352605632563745,0.025063116156613757,True,False,1,23,1,9,0.333457600653081,mid,Isolation Forest
2004-09-08 01:00:00,C6H6(GT),isolation_forest,3.251849072349612,0.03373339764500771,0.025063116156613757,True,False,2,1,2,9,0.3160525298030412,mid,Isolation Forest
2004-09-08 02:00:00,C6H6(GT),isolation_forest,3.256180131276144,0.04885080512101869,0.025063116156613757,True,False,2,2,2,9,0.3165210644117057,mid,Isolation Forest
2004-09-08 03:00:00,C6H6(GT),isolation_forest,3.2590414617545727,0.06758268520883814,0.025063116156613757,True,False,2,3,2,9,0.3184220391009448,mid,Isolation Forest
2004-09-08 04:00:00,C6H6(GT),isolation_forest,3.256192821861772,0.0724640042740966,0.025063116156613757,True,False,2,4,2,9,0.3174548340895373,mid,Isolation Forest
2004-09-08 05:00:00,C6H6(GT),isolation_forest,3.256192821861772,0.03202972498133827,0.025063116156613757,True,False,2,5,2,9,0.3174548340895373,mid,Isolation Forest
2004-09-08 06:00:00,C6H6(GT),isolation_forest,3.25045984980409,0.02737528352048979,0.025063116156613757,True,False,2,6,2,9,0.3135772152719132,mid,Isolation Forest
2004-10-01 14:00:00,C6H6(GT),isolation_forest,3.2672403732321955,0.025774050158955508,0.025063116156613757,True,False,4,14,4,10,0.2922830872006576,mid,Isolation Forest
2004-10-25 17:00:00,C6H6(GT),isolation_forest,3.633905577305049,0.03792397046226259,0.025063116156613757,True,False,0,17,0,10,0.3789904978248641,mid,Isolation Forest
2004-11-04 17:00:00,C6H6(GT),isolation_forest,3.592321066317529,0.04499730634988597,0.025063116156613757,True,False,3,17,3,11,0.7365050170799615,mid,Isolation Forest
2004-11-17 18:00:00,C6H6(GT),isolation_forest,3.7794513657613695,0.038728595885975436,0.025063116156613757,True,False,2,18,2,11,-0.5436276163818383,mid,Isolation Forest
2004-11-22 09:00:00,C6H6(GT),isolation_forest,4.09133519816777,0.09345091502335046,0.025063116156613757,True,False,0,9,0,11,-1.500843909871292,low,Isolation Forest
2004-11-22 10:00:00,C6H6(GT),isolation_forest,5.442831805262171,0.11367504795052452,0.025063116156613757,True,False,0,10,0,11,-1.408582098450622,low,Isolation Forest
2004-11-22 11:00:00,C6H6(GT),isolation_forest,1.4611148782071277,0.05390674105527793,0.025063116156613757,True,False,0,11,0,11,-1.339385739885119,low,Isolation Forest
2004-11-22 18:00:00,C6H6(GT),isolation_forest,2.8022153575546485,0.039961798401595416,0.025063116156613757,True,False,0,18,0,11,-1.0971984849058596,low,Isolation Forest
2004-12-13 18:00:00,C6H6(GT),isolation_forest,4.101731325914649,0.05625269954936396,0.025063116156613757,True,False,0,18,0,12,-0.6704876070852598,mid,Isolation Forest
2004-12-17 20:00:00,C6H6(GT),isolation_forest,0.5254633809879271,0.05056094097783259,0.025063116156613757,True,False,4,20,4,12,-0.5897585220921733,mid,Isolation Forest
2004-12-17 22:00:00,C6H6(GT),isolation_forest,-0.3270190942562334,0.042374241538775004,0.025063116156613757,True,False,4,22,4,12,-0.6704876070852598,mid,Isolation Forest
2004-12-17 23:00:00,C6H6(GT),isolation_forest,-0.5869222879282334,0.03211690164397796,0.025063116156613757,True,False,4,23,4,12,-0.6704876070852598,mid,Isolation Forest
2004-12-18 00:00:00,C6H6(GT),isolation_forest,-0.4517726272187933,0.038013886192387436,0.025063116156613757,True,True,5,0,5,12,-0.6358894278025085,mid,Isolation Forest
2004-12-18 01:00:00,C6H6(GT),isolation_forest,-0.5973184156751135,0.03638258755926893,0.025063116156613757,True,True,5,1,5,12,-0.612823974947341,mid,Isolation Forest
2005-01-02 21:00:00,C6H6(GT),isolation_forest,3.071969539004624,0.04133285990502711,0.025063116156613757,True,True,6,21,6,1,0.1940074031100126,mid,Isolation Forest
2005-01-02 23:00:00,C6H6(GT),isolation_forest,3.0870824401649823,0.04883289139514069,0.025063116156613757,True,True,6,23,6,1,0.1947572784531758,mid,Isolation Forest
2005-01-03 00:00:00,C6H6(GT),isolation_forest,3.2442160816748604,0.06550172231275242,0.025063116156613757,True,False,0,0,0,1,0.1823782861352379,mid,Isolation Forest
2005-01-03 01:00:00,C6H6(GT),isolation_forest,3.3427168380961905,0.07894098246463188,0.025063116156613757,True,False,0,1,0,1,0.1781724731222488,mid,Isolation Forest
2005-01-03 02:00:00,C6H6(GT),isolation_forest,3.217499226280428,0.07460228778780009,0.025063116156613757,True,False,0,2,0,1,0.1844910912602253,mid,Isolation Forest
2005-01-03 03:00:00,C6H6(GT),isolation_forest,3.2575273162567706,0.042057765115448786,0.025063116156613757,True,False,0,3,0,1,0.2289574452847921,mid,Isolation Forest
2005-01-03 04:00:00,C6H6(GT),isolation_forest,3.279895663169432,0.041147415179107805,0.025063116156613757,True,False,0,4,0,1,0.1838663784486725,mid,Isolation Forest
2005-01-03 05:00:00,C6H6(GT),isolation_forest,3.190947745079967,0.03487260296109018,0.025063116156613757,True,False,0,5,0,1,0.1821591967125947,mid,Isolation Forest
2005-01-05 01:00:00,C6H6(GT),isolation_forest,-0.5973184156751135,0.07593593429798906,0.025063116156613757,True,False,2,1,2,1,-1.028002126340357,low,Isolation Forest
2005-01-05 02:00:00,C6H6(GT),isolation_forest,-0.3374152220031133,0.03491349084651851,0.025063116156613757,True,False,2,2,2,1,-1.074133032050692,low,Isolation Forest
2005-01-05 05:00:00,C6H6(GT),isolation_forest,-0.4725648827125534,0.025325418631711782,0.025063116156613757,True,False,2,5,2,1,-1.2471239284644489,low,Isolation Forest
2005-01-05 06:00:00,C6H6(GT),isolation_forest,-0.3374152220031133,0.030699210222111972,0.025063116156613757,True,False,2,6,2,1,-1.2586566548920326,low,Isolation Forest
2005-01-17 18:00:00,C6H6(GT),isolation_forest,3.290833361658009,0.04801782015289402,0.025063116156613757,True,False,0,18,0,1,-1.0626003056231084,low,Isolation Forest
2005-01-28 17:00:00,C6H6(GT),isolation_forest,3.051022537682356,0.0597679211861194,0.025063116156613757,True,False,4,17,4,1,0.2070542222222725,mid,Isolation Forest
2005-01-28 19:00:00,C6H6(GT),isolation_forest,3.106537901095099,0.040274487751383536,0.025063116156613757,True,False,4,19,4,1,0.189330195887461,mid,Isolation Forest
2005-01-28 20:00:00,C6H6(GT),isolation_forest,3.029334326843223,0.053900802825634586,0.025063116156613757,True,False,4,20,4,1,0.199182180888808,mid,Isolation Forest
2005-01-28 21:00:00,C6H6(GT),isolation_forest,3.03190099778659,0.07379368335336134,0.025063116156613757,True,False,4,21,4,1,0.2014397258130919,mid,Isolation Forest
2005-01-28 22:00:00,C6H6(GT),isolation_forest,3.023662824809679,0.08674496366224826,0.025063116156613757,True,False,4,22,4,1,0.1983122023079309,mid,Isolation Forest
2005-01-28 23:00:00,C6H6(GT),isolation_forest,3.033701078041835,0.046700289296849995,0.025063116156613757,True,False,4,23,4,1,0.2053657378766813,mid,Isolation Forest
2005-01-29 00:00:00,C6H6(GT),isolation_forest,3.0608129279139558,0.04656129041384893,0.025063116156613757,True,True,5,0,5,1,0.1869197722997866,mid,Isolation Forest
2005-01-29 01:00:00,C6H6(GT),isolation_forest,3.076743975266552,0.036119084797484824,0.025063116156613757,True,True,5,1,5,1,0.2064996796173695,mid,Isolation Forest
2005-01-29 02:00:00,C6H6(GT),isolation_forest,-1.0963325475253538,0.08335258419706315,0.025063116156613757,True,True,5,2,5,1,-1.9044893348367244,low,Isolation Forest
2005-01-29 03:00:00,C6H6(GT),isolation_forest,-1.117124803019114,0.025678048211151938,0.025063116156613757,True,True,5,3,5,1,-1.9390875141194757,low,Isolation Forest
2005-02-08 17:00:00,C6H6(GT),isolation_forest,3.129770000992101,0.05842232567900141,0.025063116156613757,True,False,1,17,1,2,0.2035322937624938,mid,Isolation Forest
2005-02-08 19:00:00,C6H6(GT),isolation_forest,3.181890632749216,0.04621559374050155,0.025063116156613757,True,False,1,19,1,2,0.1843885855664987,mid,Isolation Forest
2005-02-08 20:00:00,C6H6(GT),isolation_forest,3.142543075427202,0.05647563750965279,0.025063116156613757,True,False,1,20,1,2,0.1873405735703854,mid,Isolation Forest
2005-02-08 21:00:00,C6H6(GT),isolation_forest,3.143641207664869,0.08017567000604064,0.025063116156613757,True,False,1,21,1,2,0.1914194642973653,mid,Isolation Forest
2005-02-08 22:00:00,C6H6(GT),isolation_forest,3.079151617308762,0.09003504036752707,0.025063116156613757,True,False,1,22,1,2,0.1880266578165942,mid,Isolation Forest
2005-02-08 23:00:00,C6H6(GT),isolation_forest,3.0904141154732687,0.04888356767018731,0.025063116156613757,True,False,1,23,1,2,0.1953791316638306,mid,Isolation Forest
2005-02-09 00:00:00,C6H6(GT),isolation_forest,3.0777215469407486,0.04754136514913343,0.025063116156613757,True,False,2,0,2,2,0.1857754920020058,mid,Isolation Forest
2005-02-09 01:00:00,C6H6(GT),isolation_forest,3.0777215469407486,0.03658473211103608,0.025063116156613757,True,False,2,1,2,2,0.1873553115134748,mid,Isolation Forest
2005-02-09 02:00:00,C6H6(GT),isolation_forest,3.092029785656099,0.029077080044770498,0.025063116156613757,True,False,2,2,2,2,0.2202675580945131,mid,Isolation Forest
2005-02-11 21:00:00,C6H6(GT),isolation_forest,0.5670478919754474,0.04066410339357829,0.025063116156613757,True,False,4,21,4,2,-1.1433293906161948,low,Isolation Forest
2005-03-11 11:00:00,C6H6(GT),isolation_forest,3.353984491811109,0.06526756387753985,0.025063116156613757,True,False,4,11,4,3,0.2310667309009821,mid,Isolation Forest
2004-11-04 17:00:00,NOx(GT),isolation_forest,3.995384739069727,0.04704938267669678,0.03191549640367914,True,False,3,17,3,11,0.7365050170799615,mid,Isolation Forest
2004-11-11 09:00:00,NOx(GT),isolation_forest,4.952683413705649,0.09206241542834948,0.03191549640367914,True,False,3,9,3,11,-0.981871220630022,low,Isolation Forest
2004-11-11 10:00:00,NOx(GT),isolation_forest,4.280119729474258,0.08113091710224019,0.03191549640367914,True,False,3,10,3,11,-0.9472730413472706,low,Isolation Forest
2004-11-11 11:00:00,NOx(GT),isolation_forest,4.451942568511474,0.10020274210616009,0.03191549640367914,True,False,3,11,3,11,-0.8319457770714328,mid,Isolation Forest
2004-11-11 12:00:00,NOx(GT),isolation_forest,2.365522380202413,0.060686014293043766,0.03191549640367914,True,False,3,12,3,11,-0.7627494185059299,mid,Isolation Forest
2004-11-16 08:00:00,NOx(GT),isolation_forest,3.209908903471021,0.0362440706797742,0.03191549640367914,True,False,1,8,1,11,-0.9588057677748544,low,Isolation Forest
2004-11-16 09:00:00,NOx(GT),isolation_forest,4.088659994547073,0.06926009628844931,0.03191549640367914,True,False,1,9,1,11,-0.8204130506438488,mid,Isolation Forest
2004-11-16 10:00:00,NOx(GT),isolation_forest,2.94972003292895,0.05405420947625694,0.03191549640367914,True,False,1,10,1,11,-0.4513658049611679,mid,Isolation Forest
2004-11-17 17:00:00,NOx(GT),isolation_forest,5.1637800445228015,0.11729150785134934,0.03191549640367914,True,False,2,17,2,11,-0.2783749085474112,mid,Isolation Forest
2004-11-17 19:00:00,NOx(GT),isolation_forest,4.46667024042895,0.07340649631275709,0.03191549640367914,True,False,2,19,2,11,-0.6243567013749247,mid,Isolation Forest
2004-11-18 08:00:00,NOx(GT),isolation_forest,3.700831300720212,0.0385547935099384,0.03191549640367914,True,False,3,8,3,11,-1.2355912020368651,low,Isolation Forest
2004-11-18 09:00:00,NOx(GT),isolation_forest,4.388122656869079,0.055820655877728886,0.03191549640367914,True,False,3,9,3,11,-1.0971984849058596,low,Isolation Forest
2004-11-18 10:00:00,NOx(GT),isolation_forest,4.69740376713607,0.08812473184200764,0.03191549640367914,True,False,3,10,3,11,-0.8088803242162651,mid,Isolation Forest
2004-11-18 11:00:00,NOx(GT),isolation_forest,4.329211969199177,0.10315430912996804,0.03191549640367914,True,False,3,11,3,11,-0.5782257956645895,mid,Isolation Forest
2004-11-18 12:00:00,NOx(GT),isolation_forest,3.1019059760761998,0.06114618439508146,0.03191549640367914,True,False,3,12,3,11,-0.3014403614025787,mid,Isolation Forest
2004-11-18 13:00:00,NOx(GT),isolation_forest,1.6291387843286265,0.05708300829164836,0.03191549640367914,True,False,3,13,3,11,-0.0131222007129842,mid,Isolation Forest
2004-11-18 14:00:00,NOx(GT),isolation_forest,0.716023125445131,0.06250112472351943,0.03191549640367914,True,False,3,14,3,11,0.0445414314249346,mid,Isolation Forest
2004-11-18 15:00:00,NOx(GT),isolation_forest,0.7012954535276553,0.04301939865804727,0.03191549640367914,True,False,3,15,3,11,-0.0015894742854006,mid,Isolation Forest
2004-11-22 11:00:00,NOx(GT),isolation_forest,3.170635111691086,0.03383139121530587,0.03191549640367914,True,False,0,11,0,11,-1.339385739885119,low,Isolation Forest
2004-11-22 14:00:00,NOx(GT),isolation_forest,3.509371565793028,0.040196226127761414,0.03191549640367914,True,False,0,14,0,11,-1.2009930227541137,low,Isolation Forest
2004-11-22 15:00:00,NOx(GT),isolation_forest,3.6419206130503095,0.04628978735477729,0.03191549640367914,True,False,0,15,0,11,-1.1663948434713622,low,Isolation Forest
2004-11-22 16:00:00,NOx(GT),isolation_forest,4.024840082904678,0.05080184238133123,0.03191549640367914,True,False,0,16,0,11,-1.1433293906161948,low,Isolation Forest
2004-11-22 17:00:00,NOx(GT),isolation_forest,4.1328430102995,0.03460628668922294,0.03191549640367914,True,False,0,17,0,11,-1.1433293906161948,low,Isolation Forest
2004-11-22 18:00:00,NOx(GT),isolation_forest,5.217781508220212,0.08500822945728248,0.03191549640367914,True,False,0,18,0,11,-1.0971984849058596,low,Isolation Forest
2004-11-22 19:00:00,NOx(GT),isolation_forest,5.4337873630098565,0.07223448524801568,0.03191549640367914,True,False,0,19,0,11,-1.074133032050692,low,Isolation Forest
2004-11-22 20:00:00,NOx(GT),isolation_forest,4.810315918503384,0.07335589806562004,0.03191549640367914,True,False,0,20,0,11,-1.0971984849058596,low,Isolation Forest
2004-11-22 21:00:00,NOx(GT),isolation_forest,3.170635111691086,0.06631468827945841,0.03191549640367914,True,False,0,21,0,11,-1.1433293906161948,low,Isolation Forest
2004-11-23 10:00:00,NOx(GT),isolation_forest,4.663039199328626,0.06268694510793293,0.03191549640367914,True,False,1,10,1,11,-0.8896094092093517,mid,Isolation Forest
2004-11-23 11:00:00,NOx(GT),isolation_forest,3.961020171262284,0.05984554757236693,0.03191549640367914,True,False,1,11,1,11,-0.7627494185059299,mid,Isolation Forest
2004-11-23 12:00:00,NOx(GT),isolation_forest,3.735195868527656,0.06159794676770802,0.03191549640367914,True,False,1,12,1,11,-0.5897585220921733,mid,Isolation Forest
2004-11-23 13:00:00,NOx(GT),isolation_forest,3.519190013738012,0.04865492908960567,0.03191549640367914,True,False,1,13,1,11,-0.5320948899542544,mid,Isolation Forest
2004-11-23 14:00:00,NOx(GT),isolation_forest,4.667948423301119,0.0798588420281694,0.03191549640367914,True,False,1,14,1,11,-0.5205621635266706,mid,Isolation Forest
2004-11-23 15:00:00,NOx(GT),isolation_forest,3.411187086343189,0.0641985387051267,0.03191549640367914,True,False,1,15,1,11,-0.4859639842439194,mid,Isolation Forest
2004-11-23 17:00:00,NOx(GT),isolation_forest,4.726859110971021,0.05166134157300395,0.03191549640367914,True,False,1,17,1,11,-0.5551603428094221,mid,Isolation Forest
2004-11-23 18:00:00,NOx(GT),isolation_forest,5.551608738349662,0.03552316152260271,0.03191549640367914,True,False,1,18,1,11,-0.6012912485197572,mid,Isolation Forest
2004-11-23 21:00:00,NOx(GT),isolation_forest,4.667948423301119,0.03681825823350693,0.03191549640367914,True,False,1,21,1,11,-0.9242075884921028,low,Isolation Forest
2004-11-23 22:00:00,NOx(GT),isolation_forest,3.082269080186232,0.03302529798439746,0.03191549640367914,True,False,1,22,1,11,-0.970338494202438,low,Isolation Forest
2004-11-24 00:00:00,NOx(GT),isolation_forest,2.340976260339953,0.03708993248874881,0.03191549640367914,True,False,2,0,2,11,-0.9588057677748544,low,Isolation Forest
2004-11-26 12:00:00,NOx(GT),isolation_forest,3.0233583925163288,0.03230149031984442,0.03191549640367914,True,False,4,12,4,11,-0.4052348992508328,mid,Isolation Forest
2004-11-26 13:00:00,NOx(GT),isolation_forest,3.0233583925163288,0.04362226047969109,0.03191549640367914,True,False,4,13,4,11,-0.3360385406853302,mid,Isolation Forest
2004-11-26 14:00:00,NOx(GT),isolation_forest,3.48973466990306,0.05291908838471704,0.03191549640367914,True,False,4,14,4,11,-0.3014403614025787,mid,Isolation Forest
2004-11-26 15:00:00,NOx(GT),isolation_forest,3.4062778623706977,0.03583837171511561,0.03191549640367914,True,False,4,15,4,11,-0.3014403614025787,mid,Isolation Forest
2004-11-26 16:00:00,NOx(GT),isolation_forest,4.088659994547073,0.05400690840296407,0.03191549640367914,True,False,4,16,4,11,-0.3129730878301627,mid,Isolation Forest
2004-11-26 18:00:00,NOx(GT),isolation_forest,5.6497932177995,0.09131743893668098,0.03191549640367914,True,False,4,18,4,11,-0.3360385406853302,mid,Isolation Forest
2004-11-26 19:00:00,NOx(GT),isolation_forest,3.082269080186232,0.05690343592781788,0.03191549640367914,True,False,4,19,4,11,-0.3245058142577464,mid,Isolation Forest
2004-11-26 21:00:00,NOx(GT),isolation_forest,4.501034808236393,0.0677883026227194,0.03191549640367914,True,False,4,21,4,11,-0.4398330785335842,mid,Isolation Forest
2004-11-26 22:00:00,NOx(GT),isolation_forest,2.748441850056781,0.055049832027179724,0.03191549640367914,True,False,4,22,4,11,-0.5320948899542544,mid,Isolation Forest
2004-11-29 09:00:00,NOx(GT),isolation_forest,3.4848254459305683,0.03205413825439518,0.03191549640367914,True,False,0,9,0,11,-0.8204130506438488,mid,Isolation Forest
2004-11-29 10:00:00,NOx(GT),isolation_forest,3.9561109472897913,0.05870938742646292,0.03191549640367914,True,False,0,10,0,11,-0.5320948899542544,mid,Isolation Forest
2004-11-29 11:00:00,NOx(GT),isolation_forest,4.584491615768756,0.09699787585516939,0.03191549640367914,True,False,0,11,0,11,-0.4052348992508328,mid,Isolation Forest
2004-11-29 12:00:00,NOx(GT),isolation_forest,3.7401050925001473,0.09868054450585073,0.03191549640367914,True,False,0,12,0,11,-0.3591039935404976,mid,Isolation Forest
2004-11-29 13:00:00,NOx(GT),isolation_forest,0.6276570939402767,0.037341456712514876,0.03191549640367914,True,False,0,13,0,11,0.0214759785697671,mid,Isolation Forest
2004-12-01 14:00:00,NOx(GT),isolation_forest,3.411187086343189,0.04641932539867688,0.03191549640367914,True,False,2,14,2,12,-0.5436276163818383,mid,Isolation Forest
2004-12-02 19:00:00,NOx(GT),isolation_forest,4.643402303438659,0.04643807086999474,0.03191549640367914,True,False,3,19,3,12,-0.3475712671129139,mid,Isolation Forest
2004-12-02 20:00:00,NOx(GT),isolation_forest,3.8382895719499857,0.04401018220230357,0.03191549640367914,True,False,3,20,3,12,-0.3475712671129139,mid,Isolation Forest
2004-12-13 11:00:00,NOx(GT),isolation_forest,3.3473671747007945,0.04372445265060765,0.03191549640367914,True,False,0,11,0,12,-0.7396839656507624,mid,Isolation Forest
2004-12-13 18:00:00,NOx(GT),isolation_forest,6.091623375323772,0.10733849634983117,0.03191549640367914,True,False,0,18,0,12,-0.6704876070852598,mid,Isolation Forest
2004-12-13 19:00:00,NOx(GT),isolation_forest,3.828471124005002,0.060037022476921775,0.03191549640367914,True,False,0,19,0,12,-0.7742821449335139,mid,Isolation Forest
2004-12-14 19:00:00,NOx(GT),isolation_forest,3.921746379482348,0.032286270934508754,0.03191549640367914,True,False,1,19,1,12,0.2629616194702487,mid,Isolation Forest
2004-12-15 17:00:00,NOx(GT),isolation_forest,4.90359117398073,0.0530891890247317,0.03191549640367914,True,False,2,17,2,12,0.2725349033686952,mid,Isolation Forest
2004-12-15 19:00:00,NOx(GT),isolation_forest,1.206945522694322,0.05464304780653162,0.03191549640367914,True,False,2,19,2,12,0.265581673800673,mid,Isolation Forest
2004-12-16 14:00:00,NOx(GT),isolation_forest,3.828471124005002,0.04025837495949225,0.03191549640367914,True,False,3,14,3,12,0.2746785041956606,mid,Isolation Forest
2004-12-16 16:00:00,NOx(GT),isolation_forest,4.633583855493675,0.046127332174073055,0.03191549640367914,True,False,3,16,3,12,0.2739116912164096,mid,Isolation Forest
2004-12-16 19:00:00,NOx(GT),isolation_forest,4.893772726035746,0.06699468610936632,0.03191549640367914,True,False,3,19,3,12,0.263257258209237,mid,Isolation Forest
2004-12-16 20:00:00,NOx(GT),isolation_forest,4.982138757540601,0.06446540325314032,0.03191549640367914,True,False,3,20,3,12,0.2717117782486845,mid,Isolation Forest
2004-12-16 21:00:00,NOx(GT),isolation_forest,4.90359117398073,0.06595669250025638,0.03191549640367914,True,False,3,21,3,12,0.2722331054893113,mid,Isolation Forest
2004-12-16 22:00:00,NOx(GT),isolation_forest,4.034658530849662,0.06880530485098557,0.03191549640367914,True,False,3,22,3,12,0.2687243751875232,mid,Isolation Forest
2004-12-16 23:00:00,NOx(GT),isolation_forest,3.116633647993675,0.05799820008257728,0.03191549640367914,True,False,3,23,3,12,0.2657919644513224,mid,Isolation Forest
2004-12-17 01:00:00,NOx(GT),isolation_forest,2.748441850056781,0.031926151596726626,0.03191549640367914,True,False,4,1,4,12,0.2893352786134679,mid,Isolation Forest
2004-12-23 18:00:00,NOx(GT),isolation_forest,4.177026026051927,0.04007901230596833,0.03191549640367914,True,False,3,18,3,12,-1.2009930227541137,low,Isolation Forest
2004-12-23 20:00:00,NOx(GT),isolation_forest,4.820134366448367,0.05975254573575761,0.03191549640367914,True,False,3,20,3,12,-1.408582098450622,low,Isolation Forest
2004-12-23 21:00:00,NOx(GT),isolation_forest,4.113206114409532,0.06140750882214141,0.03191549640367914,True,False,3,21,3,12,-1.397049372023038,low,Isolation Forest
2005-01-05 12:00:00,NOx(GT),isolation_forest,4.378304208924096,0.08216218217837057,0.03191549640367914,True,False,2,12,2,1,-0.6474221542300922,mid,Isolation Forest
2005-01-05 13:00:00,NOx(GT),isolation_forest,3.6271929411328334,0.06359871553747243,0.03191549640367914,True,False,2,13,2,1,-0.5782257956645895,mid,Isolation Forest
2005-01-17 18:00:00,NOx(GT),isolation_forest,4.8004974705584,0.08366783774238506,0.03191549640367914,True,False,0,18,0,1,-1.0626003056231084,low,Isolation Forest
2005-01-17 19:00:00,NOx(GT),isolation_forest,4.869226606173287,0.06569560351587656,0.03191549640367914,True,False,0,19,0,1,-1.2240584756092812,low,Isolation Forest
2005-01-18 10:00:00,NOx(GT),isolation_forest,3.980657067152251,0.05346992898877567,0.03191549640367914,True,False,1,10,1,1,-1.4777784570161243,low,Isolation Forest
2005-01-18 12:00:00,NOx(GT),isolation_forest,3.735195868527656,0.07804762731665227,0.03191549640367914,True,False,1,12,1,1,-1.5354420891540437,low,Isolation Forest
2005-01-18 13:00:00,NOx(GT),isolation_forest,3.8481080198949695,0.07173860410096544,0.03191549640367914,True,False,1,13,1,1,-1.4893111834437085,low,Isolation Forest
2005-01-18 14:00:00,NOx(GT),isolation_forest,3.853017243867461,0.06497436185060246,0.03191549640367914,True,False,1,14,1,1,-1.4893111834437085,low,Isolation Forest
2005-01-18 15:00:00,NOx(GT),isolation_forest,4.059204650712122,0.07167700340965366,0.03191549640367914,True,False,1,15,1,1,-1.5469748155816272,low,Isolation Forest
2005-01-18 16:00:00,NOx(GT),isolation_forest,4.221209041804355,0.06860613654701486,0.03191549640367914,True,False,1,16,1,1,-1.5239093627264595,low,Isolation Forest
2005-01-18 17:00:00,NOx(GT),isolation_forest,4.226118265776846,0.04541001496966868,0.03191549640367914,True,False,1,17,1,1,-1.5123766362988758,low,Isolation Forest
2005-01-21 21:00:00,NOx(GT),isolation_forest,4.721949886998529,0.07446788177854291,0.03191549640367914,True,False,4,21,4,1,-1.0395348527679409,low,Isolation Forest
2005-01-21 22:00:00,NOx(GT),isolation_forest,3.8775633637299207,0.05244601583089559,0.03191549640367914,True,False,4,22,4,1,-1.0971984849058596,low,Isolation Forest
2005-01-22 00:00:00,NOx(GT),isolation_forest,3.6271929411328334,0.056585260986091734,0.03191549640367914,True,True,5,0,5,1,-1.2817221077472,low,Isolation Forest
2005-01-22 01:00:00,NOx(GT),isolation_forest,2.8122617616991765,0.03558618403187197,0.03191549640367914,True,True,5,1,5,1,-1.2817221077472,low,Isolation Forest
2005-02-01 08:00:00,NOx(GT),isolation_forest,3.229545799360989,0.0404675607356223,0.03191549640367914,True,False,1,8,1,2,-1.766096617705719,low,Isolation Forest
2005-02-01 11:00:00,NOx(GT),isolation_forest,3.666466732912769,0.05824341521047016,0.03191549640367914,True,False,1,11,1,2,-1.4547130041609568,low,Isolation Forest
2005-02-01 12:00:00,NOx(GT),isolation_forest,3.82356190003251,0.07095166376525208,0.03191549640367914,True,False,1,12,1,2,-1.2817221077472,low,Isolation Forest
2005-02-01 13:00:00,NOx(GT),isolation_forest,2.183881093220212,0.04184582370776091,0.03191549640367914,True,False,1,13,1,2,-1.028002126340357,low,Isolation Forest
2005-02-10 20:00:00,NOx(GT),isolation_forest,3.8775633637299207,0.05461057738330455,0.03191549640367914,True,False,3,20,3,2,0.2007894965627574,mid,Isolation Forest
2005-02-11 15:00:00,NOx(GT),isolation_forest,4.00520318701471,0.054896158957822294,0.03191549640367914,True,False,4,15,4,2,0.2174211553545509,mid,Isolation Forest
2005-02-11 16:00:00,NOx(GT),isolation_forest,4.810315918503384,0.08138800702320326,0.03191549640367914,True,False,4,16,4,2,0.2174211553545509,mid,Isolation Forest
2005-02-11 17:00:00,NOx(GT),isolation_forest,4.854498934255811,0.07514205386481698,0.03191549640367914,True,False,4,17,4,2,0.2171992063310097,mid,Isolation Forest
2005-02-11 18:00:00,NOx(GT),isolation_forest,4.039567754822154,0.05786282052717073,0.03191549640367914,True,False,4,18,4,2,0.2129773355591322,mid,Isolation Forest
2005-02-11 20:00:00,NOx(GT),isolation_forest,1.977693686375552,0.0464690090855181,0.03191549640367914,True,False,4,20,4,2,0.2031781431897474,mid,Isolation Forest
2004-09-13 15:00:00,NO2(GT),isolation_forest,2.132513550863913,0.07831721916193535,0.02892317896793776,True,False,0,15,0,9,1.6360576784314964,high,Isolation Forest
2004-09-25 02:00:00,NO2(GT),isolation_forest,-2.2188323376656167,0.03303790595539147,0.02892317896793776,True,True,5,2,5,9,-0.3475712671129139,mid,Isolation Forest
2004-11-02 14:00:00,NO2(GT),isolation_forest,1.7408924208962553,0.05140311392417485,0.02892317896793776,True,False,1,14,1,11,0.8172341020730479,mid,Isolation Forest
2004-11-11 12:00:00,NO2(GT),isolation_forest,2.176027009749208,0.03751317531427201,0.02892317896793776,True,False,3,12,3,11,-0.7627494185059299,mid,Isolation Forest
2004-11-15 08:00:00,NO2(GT),isolation_forest,1.2404876437153594,0.05910321609357916,0.02892317896793776,True,False,0,8,0,11,-0.8896094092093517,mid,Isolation Forest
2004-11-16 08:00:00,NO2(GT),isolation_forest,2.001973174208027,0.04211353444633503,0.02892317896793776,True,False,1,8,1,11,-0.9588057677748544,low,Isolation Forest
2004-11-16 10:00:00,NO2(GT),isolation_forest,2.2195404686345035,0.04755201949708243,0.02892317896793776,True,False,1,10,1,11,-0.4513658049611679,mid,Isolation Forest
2004-11-16 11:00:00,NO2(GT),isolation_forest,2.371837574733037,0.08742712267727648,0.02892317896793776,True,False,1,11,1,11,-0.1053840121336545,mid,Isolation Forest
2004-11-16 12:00:00,NO2(GT),isolation_forest,1.7191356914536076,0.07387919342597493,0.02892317896793776,True,False,1,12,1,11,-0.1399821914164059,mid,Isolation Forest
2004-11-16 13:00:00,NO2(GT),isolation_forest,0.8053530548624064,0.041261285510239776,0.02892317896793776,True,False,1,13,1,11,-0.128449464988822,mid,Isolation Forest
2004-11-17 11:00:00,NO2(GT),isolation_forest,1.429339547721293,0.030576951104684724,0.02892317896793776,True,False,2,11,2,11,-0.4974967106715031,mid,Isolation Forest
2004-11-17 13:00:00,NO2(GT),isolation_forest,2.06724336253597,0.054922420609255784,0.02892317896793776,True,False,2,13,2,11,-0.4283003521060005,mid,Isolation Forest
2004-11-17 14:00:00,NO2(GT),isolation_forest,2.2195404686345035,0.03130040623447217,0.02892317896793776,True,False,2,14,2,11,-0.2207112764094923,mid,Isolation Forest
2004-11-17 17:00:00,NO2(GT),isolation_forest,3.524944235193362,0.12331233090865801,0.02892317896793776,True,False,2,17,2,11,-0.2783749085474112,mid,Isolation Forest
2004-11-17 18:00:00,NO2(GT),isolation_forest,1.7844058797815503,0.04097200708789328,0.02892317896793776,True,False,2,18,2,11,-0.5436276163818383,mid,Isolation Forest
2004-11-17 19:00:00,NO2(GT),isolation_forest,3.873051906275725,0.12097123503121787,0.02892317896793776,True,False,2,19,2,11,-0.6243567013749247,mid,Isolation Forest
2004-11-17 20:00:00,NO2(GT),isolation_forest,3.1333231052257045,0.06545289322485381,0.02892317896793776,True,False,2,20,2,11,-0.6935530599404273,mid,Isolation Forest
2004-11-17 21:00:00,NO2(GT),isolation_forest,3.416160587980124,0.07096244214026215,0.02892317896793776,True,False,2,21,2,11,-0.8896094092093517,mid,Isolation Forest
2004-11-17 22:00:00,NO2(GT),isolation_forest,1.9149462564374364,0.051788964750406286,0.02892317896793776,True,False,2,22,2,11,-0.9126748620645192,low,Isolation Forest
2004-11-17 23:00:00,NO2(GT),isolation_forest,0.761839595977111,0.0514688251331612,0.02892317896793776,True,False,2,23,2,11,-1.0049366734851894,low,Isolation Forest
2004-11-18 01:00:00,NO2(GT),isolation_forest,0.3702184660094534,0.04301080026932791,0.02892317896793776,True,False,3,1,3,11,-1.108731211333443,low,Isolation Forest
2004-11-18 08:00:00,NO2(GT),isolation_forest,2.502377951388923,0.05344427627053139,0.02892317896793776,True,False,3,8,3,11,-1.2355912020368651,low,Isolation Forest
2004-11-18 09:00:00,NO2(GT),isolation_forest,3.0245394580124665,0.05145980116610738,0.02892317896793776,True,False,3,9,3,11,-1.0971984849058596,low,Isolation Forest
2004-11-18 10:00:00,NO2(GT),isolation_forest,3.742511529619839,0.10736725423249682,0.02892317896793776,True,False,3,10,3,11,-0.8088803242162651,mid,Isolation Forest
2004-11-18 11:00:00,NO2(GT),isolation_forest,3.655484611849248,0.13275945377161724,0.02892317896793776,True,False,3,11,3,11,-0.5782257956645895,mid,Isolation Forest
2004-11-18 12:00:00,NO2(GT),isolation_forest,3.068052916897762,0.11974469507339647,0.02892317896793776,True,False,3,12,3,11,-0.3014403614025787,mid,Isolation Forest
2004-11-18 13:00:00,NO2(GT),isolation_forest,2.132513550863913,0.08604962839934671,0.02892317896793776,True,False,3,13,3,11,-0.0131222007129842,mid,Isolation Forest
2004-11-18 14:00:00,NO2(GT),isolation_forest,1.6756222325683123,0.06077081767481163,0.02892317896793776,True,False,3,14,3,11,0.0445414314249346,mid,Isolation Forest
2004-11-18 15:00:00,NO2(GT),isolation_forest,1.566838585355074,0.04785018854061862,0.02892317896793776,True,False,3,15,3,11,-0.0015894742854006,mid,Isolation Forest
2004-11-18 16:00:00,NO2(GT),isolation_forest,2.2195404686345035,0.07125548528823844,0.02892317896793776,True,False,3,16,3,11,-0.0131222007129842,mid,Isolation Forest
2004-11-18 17:00:00,NO2(GT),isolation_forest,1.3927847498138928,0.07913310329672485,0.02892317896793776,True,False,3,17,3,11,-0.0938512857060706,mid,Isolation Forest
2004-11-19 08:00:00,NO2(GT),isolation_forest,1.8279193386668455,0.07389360284709123,0.02892317896793776,True,False,4,8,4,11,-0.4283003521060005,mid,Isolation Forest
2004-11-19 10:00:00,NO2(GT),isolation_forest,1.8061626092241985,0.04956229459955275,0.02892317896793776,True,False,4,10,4,11,-0.2668421821198273,mid,Isolation Forest
2004-11-19 11:00:00,NO2(GT),isolation_forest,2.6329183280448087,0.0954964431974622,0.02892317896793776,True,False,4,11,4,11,-0.1630476442715734,mid,Isolation Forest
2004-11-19 12:00:00,NO2(GT),isolation_forest,2.001973174208027,0.0805853974787073,0.02892317896793776,True,False,4,12,4,11,-0.0938512857060706,mid,Isolation Forest
2004-11-19 13:00:00,NO2(GT),isolation_forest,1.6973789620109598,0.04917880121005502,0.02892317896793776,True,False,4,13,4,11,-0.128449464988822,mid,Isolation Forest
2004-11-19 15:00:00,NO2(GT),isolation_forest,2.43710776306098,0.06923836537988504,0.02892317896793776,True,False,4,15,4,11,-0.0131222007129842,mid,Isolation Forest
2004-11-19 16:00:00,NO2(GT),isolation_forest,2.4153510336183324,0.04035472269493334,0.02892317896793776,True,False,4,16,4,11,-0.0131222007129842,mid,Isolation Forest
2004-11-20 10:00:00,NO2(GT),isolation_forest,2.893999081356581,0.04218141877801096,0.02892317896793776,True,True,5,10,5,11,-0.7512166920783462,mid,Isolation Forest
2004-11-20 11:00:00,NO2(GT),isolation_forest,1.7844058797815503,0.06066652504520187,0.02892317896793776,True,True,5,11,5,11,-0.4167676256784165,mid,Isolation Forest
2004-11-21 00:00:00,NO2(GT),isolation_forest,2.306567386405094,0.04458499713238917,0.02892317896793776,True,True,6,0,6,11,-1.5239093627264595,low,Isolation Forest
2004-11-22 08:00:00,NO2(GT),isolation_forest,2.654675057487456,0.07582831976453208,0.02892317896793776,True,False,0,8,0,11,-1.558507542009211,low,Isolation Forest
2004-11-22 10:00:00,NO2(GT),isolation_forest,2.3500808452903894,0.0553288390227088,0.02892317896793776,True,False,0,10,0,11,-1.408582098450622,low,Isolation Forest
2004-11-22 11:00:00,NO2(GT),isolation_forest,2.80697216358599,0.09741226333637176,0.02892317896793776,True,False,0,11,0,11,-1.339385739885119,low,Isolation Forest
2004-11-22 12:00:00,NO2(GT),isolation_forest,2.4806212219462758,0.07317531800441857,0.02892317896793776,True,False,0,12,0,11,-1.2817221077472,low,Isolation Forest
2004-11-22 13:00:00,NO2(GT),isolation_forest,2.719945245815399,0.07184199140720626,0.02892317896793776,True,False,0,13,0,11,-1.2240584756092812,low,Isolation Forest
2004-11-22 14:00:00,NO2(GT),isolation_forest,2.7634587047006947,0.07689530363544816,0.02892317896793776,True,False,0,14,0,11,-1.2009930227541137,low,Isolation Forest
2004-11-22 15:00:00,NO2(GT),isolation_forest,2.80697216358599,0.1035796844272715,0.02892317896793776,True,False,0,15,0,11,-1.1663948434713622,low,Isolation Forest
2004-11-22 16:00:00,NO2(GT),isolation_forest,2.719945245815399,0.08100691812957073,0.02892317896793776,True,False,0,16,0,11,-1.1433293906161948,low,Isolation Forest
2004-11-22 18:00:00,NO2(GT),isolation_forest,2.8287288930286376,0.05587489259959577,0.02892317896793776,True,False,0,18,0,11,-1.0971984849058596,low,Isolation Forest
2004-11-22 19:00:00,NO2(GT),isolation_forest,2.937512540241876,0.0658568545586905,0.02892317896793776,True,False,0,19,0,11,-1.074133032050692,low,Isolation Forest
2004-11-22 20:00:00,NO2(GT),isolation_forest,2.80697216358599,0.06787804791822827,0.02892317896793776,True,False,0,20,0,11,-1.0971984849058596,low,Isolation Forest
2004-11-22 21:00:00,NO2(GT),isolation_forest,1.7626491503389028,0.03772460855415083,0.02892317896793776,True,False,0,21,0,11,-1.1433293906161948,low,Isolation Forest
2004-11-23 14:00:00,NO2(GT),isolation_forest,2.676431786930104,0.044927065322417525,0.02892317896793776,True,False,1,14,1,11,-0.5205621635266706,mid,Isolation Forest
2004-11-26 18:00:00,NO2(GT),isolation_forest,3.1550798346683524,0.06457218236588946,0.02892317896793776,True,False,4,18,4,11,-0.3360385406853302,mid,Isolation Forest
2004-11-26 19:00:00,NO2(GT),isolation_forest,1.3057578320433023,0.02972503375137958,0.02892317896793776,True,False,4,19,4,11,-0.3245058142577464,mid,Isolation Forest
2004-11-26 21:00:00,NO2(GT),isolation_forest,2.06724336253597,0.028972313815151196,0.02892317896793776,True,False,4,21,4,11,-0.4398330785335842,mid,Isolation Forest
2004-11-29 11:00:00,NO2(GT),isolation_forest,2.654675057487456,0.09182705048495488,0.02892317896793776,True,False,0,11,0,11,-0.4052348992508328,mid,Isolation Forest
2004-12-13 11:00:00,NO2(GT),isolation_forest,2.263053927519799,0.0528873777899842,0.02892317896793776,True,False,0,11,0,12,-0.7396839656507624,mid,Isolation Forest
2004-12-13 18:00:00,NO2(GT),isolation_forest,3.4596740468654192,0.09426580457586475,0.02892317896793776,True,False,0,18,0,12,-0.6704876070852598,mid,Isolation Forest
2004-12-13 19:00:00,NO2(GT),isolation_forest,2.328324115847742,0.030684904358148635,0.02892317896793776,True,False,0,19,0,12,-0.7742821449335139,mid,Isolation Forest
2004-12-14 17:00:00,NO2(GT),isolation_forest,3.1985932935536474,0.07644566930922958,0.02892317896793776,True,False,1,17,1,12,0.2729002723757336,mid,Isolation Forest
2004-12-15 17:00:00,NO2(GT),isolation_forest,2.5894048691595133,0.038756877137884005,0.02892317896793776,True,False,2,17,2,12,0.2725349033686952,mid,Isolation Forest
2004-12-16 14:00:00,NO2(GT),isolation_forest,2.2195404686345035,0.031219054918478206,0.02892317896793776,True,False,3,14,3,12,0.2746785041956606,mid,Isolation Forest
2004-12-16 16:00:00,NO2(GT),isolation_forest,2.741701975258047,0.04534702874992935,0.02892317896793776,True,False,3,16,3,12,0.2739116912164096,mid,Isolation Forest
2004-12-16 19:00:00,NO2(GT),isolation_forest,2.5458914102742183,0.032632703417016296,0.02892317896793776,True,False,3,19,3,12,0.263257258209237,mid,Isolation Forest
2004-12-16 20:00:00,NO2(GT),isolation_forest,2.371837574733037,0.037640550744878154,0.02892317896793776,True,False,3,20,3,12,0.2717117782486845,mid,Isolation Forest
2004-12-16 21:00:00,NO2(GT),isolation_forest,2.0237299036506746,0.04041013545750749,0.02892317896793776,True,False,3,21,3,12,0.2722331054893113,mid,Isolation Forest
2004-12-16 22:00:00,NO2(GT),isolation_forest,1.6538655031256646,0.030553614592309097,0.02892317896793776,True,False,3,22,3,12,0.2687243751875232,mid,Isolation Forest
2004-12-23 14:00:00,NO2(GT),isolation_forest,2.4806212219462758,0.049176023649945666,0.02892317896793776,True,False,3,14,3,12,-0.970338494202438,low,Isolation Forest
2004-12-23 18:00:00,NO2(GT),isolation_forest,2.981025999127171,0.06645809570517802,0.02892317896793776,True,False,3,18,3,12,-1.2009930227541137,low,Isolation Forest
2004-12-23 20:00:00,NO2(GT),isolation_forest,3.089809646340409,0.03789584823394365,0.02892317896793776,True,False,3,20,3,12,-1.408582098450622,low,Isolation Forest
2005-01-17 11:00:00,NO2(GT),isolation_forest,2.132513550863913,0.040806668518290734,0.02892317896793776,True,False,0,11,0,1,-1.1779275698989462,low,Isolation Forest
2005-01-17 18:00:00,NO2(GT),isolation_forest,3.524944235193362,0.10802982169266029,0.02892317896793776,True,False,0,18,0,1,-1.0626003056231084,low,Isolation Forest
2005-01-17 19:00:00,NO2(GT),isolation_forest,2.502377951388923,0.03218510078142567,0.02892317896793776,True,False,0,19,0,1,-1.2240584756092812,low,Isolation Forest
2005-01-18 10:00:00,NO2(GT),isolation_forest,2.719945245815399,0.0491734666504835,0.02892317896793776,True,False,1,10,1,1,-1.4777784570161243,low,Isolation Forest
2005-01-18 13:00:00,NO2(GT),isolation_forest,2.698188516372752,0.0521612887024947,0.02892317896793776,True,False,1,13,1,1,-1.4893111834437085,low,Isolation Forest
2005-01-18 14:00:00,NO2(GT),isolation_forest,2.8287288930286376,0.06494012057408038,0.02892317896793776,True,False,1,14,1,1,-1.4893111834437085,low,Isolation Forest
2005-01-18 15:00:00,NO2(GT),isolation_forest,2.893999081356581,0.0717681736556176,0.02892317896793776,True,False,1,15,1,1,-1.5469748155816272,low,Isolation Forest
2005-01-18 16:00:00,NO2(GT),isolation_forest,2.4806212219462758,0.04264081585365209,0.02892317896793776,True,False,1,16,1,1,-1.5239093627264595,low,Isolation Forest
2005-01-18 17:00:00,NO2(GT),isolation_forest,2.8287288930286376,0.03184641798156773,0.02892317896793776,True,False,1,17,1,1,-1.5123766362988758,low,Isolation Forest
2005-01-18 22:00:00,NO2(GT),isolation_forest,-0.1301863111714425,0.028937888170628923,0.02892317896793776,True,False,1,22,1,1,-0.8204130506438488,mid,Isolation Forest
2005-01-21 20:00:00,NO2(GT),isolation_forest,2.915755810799228,0.04962690707731776,0.02892317896793776,True,False,4,20,4,1,-0.9242075884921028,low,Isolation Forest
2005-01-21 21:00:00,NO2(GT),isolation_forest,2.893999081356581,0.04341001004543743,0.02892317896793776,True,False,4,21,4,1,-1.0395348527679409,low,Isolation Forest
2005-01-21 22:00:00,NO2(GT),isolation_forest,2.611161598602161,0.07776103520859634,0.02892317896793776,True,False,4,22,4,1,-1.0971984849058596,low,Isolation Forest
2005-01-21 23:00:00,NO2(GT),isolation_forest,2.110756821421265,0.05086548575346439,0.02892317896793776,True,False,4,23,4,1,-1.18946029632653,low,Isolation Forest
2005-01-22 00:00:00,NO2(GT),isolation_forest,2.458864492503628,0.06545020072145036,0.02892317896793776,True,True,5,0,5,1,-1.2817221077472,low,Isolation Forest
2005-01-22 01:00:00,NO2(GT),isolation_forest,2.306567386405094,0.058992018381402556,0.02892317896793776,True,True,5,1,5,1,-1.2817221077472,low,Isolation Forest
2005-01-22 02:00:00,NO2(GT),isolation_forest,1.9149462564374364,0.0573268976486726,0.02892317896793776,True,True,5,2,5,1,-1.3047875606023678,low,Isolation Forest
2005-01-22 03:00:00,NO2(GT),isolation_forest,0.5634966772916752,0.05296989919265915,0.02892317896793776,True,True,5,3,5,1,-1.350918466312703,low,Isolation Forest
2005-01-22 11:00:00,NO2(GT),isolation_forest,2.9592692696845235,0.04332373642098064,0.02892317896793776,True,True,5,11,5,1,-0.7858148713610976,mid,Isolation Forest
2005-01-23 05:00:00,NO2(GT),isolation_forest,-0.782888194450872,0.02960680771543911,0.02892317896793776,True,True,6,5,6,1,-1.5931057212919624,low,Isolation Forest
2005-01-25 02:00:00,NO2(GT),isolation_forest,-1.761941019370016,0.05405122258032602,0.02892317896793776,True,False,1,2,1,1,-1.4893111834437085,low,Isolation Forest
2005-01-25 11:00:00,NO2(GT),isolation_forest,1.6973789620109598,0.03021773358762192,0.02892317896793776,True,False,1,11,1,1,-1.5469748155816272,low,Isolation Forest
2005-01-28 12:00:00,NO2(GT),isolation_forest,1.7626491503389028,0.03462351307262468,0.02892317896793776,True,False,4,12,4,1,-1.604638447719546,low,Isolation Forest
2005-01-31 08:00:00,NO2(GT),isolation_forest,1.9149462564374364,0.0913475673634162,0.02892317896793776,True,False,0,8,0,1,-1.6969002591402162,low,Isolation Forest
2005-01-31 09:00:00,NO2(GT),isolation_forest,2.562693318138931,0.07499314830921955,0.02892317896793776,True,False,0,9,0,1,-1.61617117414713,low,Isolation Forest
2005-01-31 10:00:00,NO2(GT),isolation_forest,3.7642682590624874,0.14089123834764383,0.02892317896793776,True,False,0,10,0,1,-1.3624511927402867,low,Isolation Forest
2005-01-31 11:00:00,NO2(GT),isolation_forest,3.176836564111,0.12849822294887814,0.02892317896793776,True,False,0,11,0,1,-0.970338494202438,low,Isolation Forest
2005-01-31 12:00:00,NO2(GT),isolation_forest,3.2856202113242383,0.14216396942417753,0.02892317896793776,True,False,0,12,0,1,-0.7512166920783462,mid,Isolation Forest
2005-01-31 13:00:00,NO2(GT),isolation_forest,1.5450818559124264,0.11629419481599934,0.02892317896793776,True,False,0,13,0,1,-0.6820203335128435,mid,Isolation Forest
2005-01-31 14:00:00,NO2(GT),isolation_forest,1.8279193386668455,0.08544655276969904,0.02892317896793776,True,False,0,14,0,1,-0.6012912485197572,mid,Isolation Forest
2005-01-31 15:00:00,NO2(GT),isolation_forest,2.263053927519799,0.10470390163440835,0.02892317896793776,True,False,0,15,0,1,-0.5666930692370058,mid,Isolation Forest
2005-01-31 16:00:00,NO2(GT),isolation_forest,2.045486633093322,0.10072360968945449,0.02892317896793776,True,False,0,16,0,1,-0.4974967106715031,mid,Isolation Forest
2005-01-31 17:00:00,NO2(GT),isolation_forest,2.567648139716866,0.09608507770622166,0.02892317896793776,True,False,0,17,0,1,-0.6243567013749247,mid,Isolation Forest
2005-01-31 18:00:00,NO2(GT),isolation_forest,3.481430776308067,0.11159491010362066,0.02892317896793776,True,False,0,18,0,1,-0.9242075884921028,low,Isolation Forest
2005-01-31 19:00:00,NO2(GT),isolation_forest,3.8077817179477815,0.08862057506058807,0.02892317896793776,True,False,0,19,0,1,-1.131796664188611,low,Isolation Forest
2005-01-31 20:00:00,NO2(GT),isolation_forest,3.742511529619839,0.0762274687541572,0.02892317896793776,True,False,0,20,0,1,-1.2817221077472,low,Isolation Forest
2005-01-31 21:00:00,NO2(GT),isolation_forest,2.719945245815399,0.057303021097744655,0.02892317896793776,True,False,0,21,0,1,-1.397049372023038,low,Isolation Forest
2005-01-31 22:00:00,NO2(GT),isolation_forest,2.132513550863913,0.04122764586805805,0.02892317896793776,True,False,0,22,0,1,-1.500843909871292,low,Isolation Forest
2005-02-01 12:00:00,NO2(GT),isolation_forest,2.5458914102742183,0.03523485680897975,0.02892317896793776,True,False,1,12,1,2,-1.2817221077472,low,Isolation Forest
2005-02-03 08:00:00,NO2(GT),isolation_forest,3.590214423521305,0.110646239368001,0.02892317896793776,True,False,3,8,3,2,-1.9736856934022269,low,Isolation Forest
2005-02-03 09:00:00,NO2(GT),isolation_forest,4.329943224571325,0.11090741797101566,0.02892317896793776,True,False,3,9,3,2,-1.8814238819815563,low,Isolation Forest
2005-02-03 10:00:00,NO2(GT),isolation_forest,4.6127807073257445,0.1332182023564905,0.02892317896793776,True,False,3,10,3,2,-1.5354420891540437,low,Isolation Forest
2005-02-03 11:00:00,NO2(GT),isolation_forest,4.852104731194869,0.1453054416635572,0.02892317896793776,True,False,3,11,3,2,-1.1433293906161948,low,Isolation Forest
2005-02-03 12:00:00,NO2(GT),isolation_forest,2.719945245815399,0.12628441503778765,0.02892317896793776,True,False,3,12,3,2,-0.7973475977886814,mid,Isolation Forest
2005-02-03 13:00:00,NO2(GT),isolation_forest,2.850485622471285,0.11180175312864138,0.02892317896793776,True,False,3,13,3,2,-0.716618512795595,mid,Isolation Forest
2005-02-03 14:00:00,NO2(GT),isolation_forest,2.263053927519799,0.10544288400371093,0.02892317896793776,True,False,3,14,3,2,-0.5666930692370058,mid,Isolation Forest
2005-02-03 15:00:00,NO2(GT),isolation_forest,1.3927847498138928,0.10970852181943747,0.02892317896793776,True,False,3,15,3,2,-0.4052348992508328,mid,Isolation Forest
2005-02-03 16:00:00,NO2(GT),isolation_forest,1.0229203492888828,0.08360564784498381,0.02892317896793776,True,False,3,16,3,2,-0.3129730878301627,mid,Isolation Forest
2005-02-03 17:00:00,NO2(GT),isolation_forest,1.3057578320433023,0.07344702476651987,0.02892317896793776,True,False,3,17,3,2,-0.4283003521060005,mid,Isolation Forest
2005-02-03 18:00:00,NO2(GT),isolation_forest,2.2195404686345035,0.0647730280437594,0.02892317896793776,True,False,3,18,3,2,-0.716618512795595,mid,Isolation Forest
2005-02-03 19:00:00,NO2(GT),isolation_forest,3.0245394580124665,0.06948362825033438,0.02892317896793776,True,False,3,19,3,2,-0.9357403149196868,low,Isolation Forest
2005-02-03 20:00:00,NO2(GT),isolation_forest,2.6329183280448087,0.03169006186433121,0.02892317896793776,True,False,3,20,3,2,-1.0510675791955244,low,Isolation Forest
2005-02-04 08:00:00,NO2(GT),isolation_forest,4.264673036243383,0.11904304316759107,0.02892317896793776,True,False,4,8,4,2,-1.858358429126389,low,Isolation Forest
2005-02-04 09:00:00,NO2(GT),isolation_forest,4.155889389030144,0.09253338440266301,0.02892317896793776,True,False,4,9,4,2,-1.61617117414713,low,Isolation Forest
2005-02-04 10:00:00,NO2(GT),isolation_forest,3.5684576940786576,0.12182592914062496,0.02892317896793776,True,False,4,10,4,2,-1.2355912020368651,low,Isolation Forest
2005-02-04 11:00:00,NO2(GT),isolation_forest,2.981025999127171,0.13098253242863422,0.02892317896793776,True,False,4,11,4,2,-0.7281512392231787,mid,Isolation Forest
2005-02-04 12:00:00,NO2(GT),isolation_forest,1.2840011026006546,0.10593376837394253,0.02892317896793776,True,False,4,12,4,2,-0.393702172823249,mid,Isolation Forest
2005-02-04 13:00:00,NO2(GT),isolation_forest,0.6095424898785775,0.0846196073376484,0.02892317896793776,True,False,4,13,4,2,-0.4513658049611679,mid,Isolation Forest
2005-02-04 14:00:00,NO2(GT),isolation_forest,0.8488665137477016,0.09351612711499702,0.02892317896793776,True,False,4,14,4,2,-0.6358894278025085,mid,Isolation Forest
2005-02-04 15:00:00,NO2(GT),isolation_forest,1.196974184830064,0.06470793198755986,0.02892317896793776,True,False,4,15,4,2,-0.7281512392231787,mid,Isolation Forest
2005-02-05 08:00:00,NO2(GT),isolation_forest,3.7642682590624874,0.0867541499395792,0.02892317896793776,True,True,5,8,5,2,-1.8929566084091405,low,Isolation Forest
2005-02-05 09:00:00,NO2(GT),isolation_forest,4.351699954013973,0.09299643273032332,0.02892317896793776,True,True,5,9,5,2,-1.650769353429881,low,Isolation Forest
2005-02-05 10:00:00,NO2(GT),isolation_forest,1.958459715322732,0.10124792376302949,0.02892317896793776,True,True,5,10,5,2,-1.2586566548920326,low,Isolation Forest
2005-02-05 11:00:00,NO2(GT),isolation_forest,0.8053530548624064,0.07530992784531476,0.02892317896793776,True,True,5,11,5,2,-1.0856657584782758,low,Isolation Forest
2005-02-05 14:00:00,NO2(GT),isolation_forest,0.4137319248947487,0.029069657738140298,0.02892317896793776,True,True,5,14,5,2,-1.0510675791955244,low,Isolation Forest
2005-02-05 15:00:00,NO2(GT),isolation_forest,0.0003540654844433,0.029929461984564143,0.02892317896793776,True,True,5,15,5,2,-1.0049366734851894,low,Isolation Forest
2005-02-06 11:00:00,NO2(GT),isolation_forest,2.2195404686345035,0.037923788800548364,0.02892317896793776,True,True,6,11,6,2,-1.2009930227541137,low,Isolation Forest
2005-02-07 08:00:00,NO2(GT),isolation_forest,2.9592692696845235,0.10930442052563394,0.02892317896793776,True,False,0,8,0,2,-1.7891620705608864,low,Isolation Forest
2005-02-07 09:00:00,NO2(GT),isolation_forest,3.720754800177191,0.11600027651867617,0.02892317896793776,True,False,0,9,0,2,-1.4777784570161243,low,Isolation Forest
2005-02-07 10:00:00,NO2(GT),isolation_forest,2.43710776306098,0.11726795003317458,0.02892317896793776,True,False,0,10,0,2,-1.2586566548920326,low,Isolation Forest
2005-02-07 11:00:00,NO2(GT),isolation_forest,1.566838585355074,0.06896921166429426,0.02892317896793776,True,False,0,11,0,2,-0.8780766827817678,mid,Isolation Forest
2005-02-07 12:00:00,NO2(GT),isolation_forest,0.95765016096094,0.03165607916476165,0.02892317896793776,True,False,0,12,0,2,-0.6358894278025085,mid,Isolation Forest
2005-02-07 14:00:00,NO2(GT),isolation_forest,0.8488665137477016,0.04633394258346635,0.02892317896793776,True,False,0,14,0,2,-0.7396839656507624,mid,Isolation Forest
2005-02-07 15:00:00,NO2(GT),isolation_forest,1.0011636198462353,0.055477450682063556,0.02892317896793776,True,False,0,15,0,2,-0.716618512795595,mid,Isolation Forest
2005-02-08 08:00:00,NO2(GT),isolation_forest,2.4806212219462758,0.07239871594607294,0.02892317896793776,True,False,1,8,1,2,-1.4316475513057894,low,Isolation Forest
2005-02-08 09:00:00,NO2(GT),isolation_forest,3.111566375783057,0.07661020730568935,0.02892317896793776,True,False,1,9,1,2,-1.3624511927402867,low,Isolation Forest
2005-02-08 10:00:00,NO2(GT),isolation_forest,2.502377951388923,0.07068644344554398,0.02892317896793776,True,False,1,10,1,2,-1.1202639377610273,low,Isolation Forest
2005-02-08 11:00:00,NO2(GT),isolation_forest,1.5233251264697787,0.06923833447520511,0.02892317896793776,True,False,1,11,1,2,-0.9126748620645192,low,Isolation Forest
2005-02-08 12:00:00,NO2(GT),isolation_forest,1.8279193386668455,0.05384966787222911,0.02892317896793776,True,False,1,12,1,2,-0.8088803242162651,mid,Isolation Forest
2005-02-08 13:00:00,NO2(GT),isolation_forest,1.0446770787315305,0.0356465659629539,0.02892317896793776,True,False,1,13,1,2,-0.658954880657676,mid,Isolation Forest
2005-02-08 14:00:00,NO2(GT),isolation_forest,1.6103520442403694,0.04012159140858873,0.02892317896793776,True,False,1,14,1,2,-0.5897585220921733,mid,Isolation Forest
2005-02-09 08:00:00,NO2(GT),isolation_forest,2.6329183280448087,0.05913517315633454,0.02892317896793776,True,False,2,8,2,2,0.1972598691774842,mid,Isolation Forest
2005-02-09 10:00:00,NO2(GT),isolation_forest,2.0237299036506746,0.06016772376078772,0.02892317896793776,True,False,2,10,2,2,0.2118389944324471,mid,Isolation Forest
2005-02-10 08:00:00,NO2(GT),isolation_forest,2.981025999127171,0.07163582109735989,0.02892317896793776,True,False,3,8,3,2,0.1994329458906285,mid,Isolation Forest
2005-02-10 09:00:00,NO2(GT),isolation_forest,3.894808635718373,0.09347277480232008,0.02892317896793776,True,False,3,9,3,2,0.2204617909862741,mid,Isolation Forest
2005-02-10 10:00:00,NO2(GT),isolation_forest,3.046296187455114,0.1071296354757626,0.02892317896793776,True,False,3,10,3,2,0.2212404823077166,mid,Isolation Forest
2005-02-10 11:00:00,NO2(GT),isolation_forest,2.654675057487456,0.10305173981232829,0.02892317896793776,True,False,3,11,3,2,0.2190414492171909,mid,Isolation Forest
2005-02-10 12:00:00,NO2(GT),isolation_forest,1.6321087736830169,0.07102052238399215,0.02892317896793776,True,False,3,12,3,2,0.2126849963596414,mid,Isolation Forest
2005-02-10 13:00:00,NO2(GT),isolation_forest,0.8053530548624064,0.04312377003666579,0.02892317896793776,True,False,3,13,3,2,0.2185405791214495,mid,Isolation Forest
2005-02-10 14:00:00,NO2(GT),isolation_forest,0.391975195452101,0.054675312362201356,0.02892317896793776,True,False,3,14,3,2,0.206489121090977,mid,Isolation Forest
2005-02-10 15:00:00,NO2(GT),isolation_forest,0.457245383780044,0.039940620543402416,0.02892317896793776,True,False,3,15,3,2,0.2106683178186852,mid,Isolation Forest
2005-02-10 19:00:00,NO2(GT),isolation_forest,2.893999081356581,0.05177247507184768,0.02892317896793776,True,False,3,19,3,2,0.1944631794992863,mid,Isolation Forest
2005-02-10 20:00:00,NO2(GT),isolation_forest,3.611971152963953,0.09331697030880337,0.02892317896793776,True,False,3,20,3,2,0.2007894965627574,mid,Isolation Forest
2005-02-10 21:00:00,NO2(GT),isolation_forest,2.502377951388923,0.07451151236175313,0.02892317896793776,True,False,3,21,3,2,0.1992343136128707,mid,Isolation Forest
2005-02-11 08:00:00,NO2(GT),isolation_forest,3.416160587980124,0.09090076556237459,0.02892317896793776,True,False,4,8,4,2,0.2021159114408078,mid,Isolation Forest
2005-02-11 09:00:00,NO2(GT),isolation_forest,4.047105741816906,0.08573251687461259,0.02892317896793776,True,False,4,9,4,2,0.2316610879491566,mid,Isolation Forest
2005-02-11 10:00:00,NO2(GT),isolation_forest,3.938322094603667,0.1007967068883846,0.02892317896793776,True,False,4,10,4,2,0.2290520320837244,mid,Isolation Forest
2005-02-11 11:00:00,NO2(GT),isolation_forest,3.611971152963953,0.11792390560833399,0.02892317896793776,True,False,4,11,4,2,0.2258092446654458,mid,Isolation Forest
2005-02-11 12:00:00,NO2(GT),isolation_forest,3.046296187455114,0.11766901427056675,0.02892317896793776,True,False,4,12,4,2,0.2239161888710011,mid,Isolation Forest
2005-02-11 13:00:00,NO2(GT),isolation_forest,3.068052916897762,0.11325450805212656,0.02892317896793776,True,False,4,13,4,2,0.227070328661443,mid,Isolation Forest
2005-02-11 14:00:00,NO2(GT),isolation_forest,3.590214423521305,0.12738748721323534,0.02892317896793776,True,False,4,14,4,2,0.2176941372556554,mid,Isolation Forest
2005-02-11 15:00:00,NO2(GT),isolation_forest,4.395213412899269,0.1382762842499492,0.02892317896793776,True,False,4,15,4,2,0.2174211553545509,mid,Isolation Forest
2005-02-11 16:00:00,NO2(GT),isolation_forest,5.004401837293402,0.12973051150232662,0.02892317896793776,True,False,4,16,4,2,0.2174211553545509,mid,Isolation Forest
2005-02-11 17:00:00,NO2(GT),isolation_forest,4.699807625096335,0.11250162895985238,0.02892317896793776,True,False,4,17,4,2,0.2171992063310097,mid,Isolation Forest
2005-02-11 18:00:00,NO2(GT),isolation_forest,3.786024988505134,0.08822780805963337,0.02892317896793776,True,False,4,18,4,2,0.2129773355591322,mid,Isolation Forest
2005-02-11 20:00:00,NO2(GT),isolation_forest,2.2848106569624465,0.07892298668557296,0.02892317896793776,True,False,4,20,4,2,0.2031781431897474,mid,Isolation Forest
2005-02-11 21:00:00,NO2(GT),isolation_forest,2.110756821421265,0.031118096219448166,0.02892317896793776,True,False,4,21,4,2,-1.1433293906161948,low,Isolation Forest
2005-02-11 22:00:00,NO2(GT),isolation_forest,2.241297198077151,0.052930696926252185,0.02892317896793776,True,False,4,22,4,2,-1.1663948434713622,low,Isolation Forest
2005-02-11 23:00:00,NO2(GT),isolation_forest,1.7844058797815503,0.060645266758656224,0.02892317896793776,True,False,4,23,4,2,-1.3047875606023678,low,Isolation Forest
2005-02-12 00:00:00,NO2(GT),isolation_forest,2.197783739191856,0.062121091457912225,0.02892317896793776,True,True,5,0,5,2,-1.4547130041609568,low,Isolation Forest
2005-02-12 01:00:00,NO2(GT),isolation_forest,2.5894048691595133,0.08049390332305462,0.02892317896793776,True,True,5,1,5,2,-1.5123766362988758,low,Isolation Forest
2005-02-12 02:00:00,NO2(GT),isolation_forest,2.306567386405094,0.061613662945892544,0.02892317896793776,True,True,5,2,5,2,-1.5469748155816272,low,Isolation Forest
2005-02-12 03:00:00,NO2(GT),isolation_forest,0.9521389386483576,0.048013320156833794,0.02892317896793776,True,True,5,3,5,2,-1.5469748155816272,low,Isolation Forest
2005-02-12 15:00:00,NO2(GT),isolation_forest,2.4806212219462758,0.041390144889742464,0.02892317896793776,True,True,5,15,5,2,-0.8550112299266003,mid,Isolation Forest
2005-02-12 16:00:00,NO2(GT),isolation_forest,2.502377951388923,0.04706662992423316,0.02892317896793776,True,True,5,16,5,2,-0.866543956354184,mid,Isolation Forest
2005-02-12 17:00:00,NO2(GT),isolation_forest,2.5458914102742183,0.04045939808897736,0.02892317896793776,True,True,5,17,5,2,-0.8434785034990165,mid,Isolation Forest
2005-02-12 18:00:00,NO2(GT),isolation_forest,3.002782728569819,0.03959356379412893,0.02892317896793776,True,True,5,18,5,2,-0.8550112299266003,mid,Isolation Forest
2005-02-12 19:00:00,NO2(GT),isolation_forest,3.068052916897762,0.03889055797134444,0.02892317896793776,True,True,5,19,5,2,-0.8550112299266003,mid,Isolation Forest
2005-02-12 20:00:00,NO2(GT),isolation_forest,3.3726471290948288,0.037513873694488775,0.02892317896793776,True,True,5,20,5,2,-0.8088803242162651,mid,Isolation Forest
2005-02-12 21:00:00,NO2(GT),isolation_forest,3.307376940766886,0.03427628542294481,0.02892317896793776,True,True,5,21,5,2,-0.8434785034990165,mid,Isolation Forest
2005-02-13 02:00:00,NO2(GT),isolation_forest,1.5233251264697787,0.041800160943438525,0.02892317896793776,True,True,6,2,6,2,-1.0395348527679409,low,Isolation Forest
2005-02-13 19:00:00,NO2(GT),isolation_forest,2.197783739191856,0.029479472692453212,0.02892317896793776,True,True,6,19,6,2,-0.4167676256784165,mid,Isolation Forest
2005-02-15 04:00:00,NO2(GT),isolation_forest,-1.7401842899273685,0.050850619020237575,0.02892317896793776,True,False,1,4,1,2,-1.3278530134575353,low,Isolation Forest
2005-02-15 08:00:00,NO2(GT),isolation_forest,1.871432797552141,0.06653443148252147,0.02892317896793776,True,False,1,8,1,2,-1.4201148248782056,low,Isolation Forest
2005-02-15 09:00:00,NO2(GT),isolation_forest,2.3935943041756844,0.032953317962139184,0.02892317896793776,True,False,1,9,1,2,-1.3739839191678704,low,Isolation Forest
2005-02-15 10:00:00,NO2(GT),isolation_forest,1.2622443731580069,0.040848293869129915,0.02892317896793776,True,False,1,10,1,2,-1.0395348527679409,low,Isolation Forest
2005-02-16 08:00:00,NO2(GT),isolation_forest,3.873051906275725,0.09519749672189326,0.02892317896793776,True,False,2,8,2,2,-1.5239093627264595,low,Isolation Forest
2005-02-16 09:00:00,NO2(GT),isolation_forest,3.2638634818815904,0.06778058139695253,0.02892317896793776,True,False,2,9,2,2,-1.2240584756092812,low,Isolation Forest
2005-02-16 10:00:00,NO2(GT),isolation_forest,2.0890000919786176,0.05191415380275188,0.02892317896793776,True,False,2,10,2,2,-1.0971984849058596,low,Isolation Forest
2005-02-16 11:00:00,NO2(GT),isolation_forest,-0.2607266878273284,0.049825868549657204,0.02892317896793776,True,False,2,11,2,2,-1.074133032050692,low,Isolation Forest
2005-02-17 03:00:00,NO2(GT),isolation_forest,-0.0605303172913325,0.036776089166285386,0.02892317896793776,True,False,3,3,3,2,-1.4547130041609568,low,Isolation Forest
2005-02-17 04:00:00,NO2(GT),isolation_forest,-1.0004554888773485,0.05379829183485152,0.02892317896793776,True,False,3,4,3,2,-1.4662457305885408,low,Isolation Forest
2005-02-17 05:00:00,NO2(GT),isolation_forest,-1.392076618845006,0.05642785628517788,0.02892317896793776,True,False,3,5,3,2,-1.3278530134575353,low,Isolation Forest
2005-02-17 06:00:00,NO2(GT),isolation_forest,-1.2832929716317678,0.04686601496608578,0.02892317896793776,True,False,3,6,3,2,-1.3278530134575353,low,Isolation Forest
2005-02-17 07:00:00,NO2(GT),isolation_forest,0.1091377126976816,0.05688943759408738,0.02892317896793776,True,False,3,7,3,2,-1.3855166455954542,low,Isolation Forest
2005-02-17 08:00:00,NO2(GT),isolation_forest,2.785215434143342,0.08531755955521148,0.02892317896793776,True,False,3,8,3,2,-1.3624511927402867,low,Isolation Forest
2005-02-17 09:00:00,NO2(GT),isolation_forest,2.001973174208027,0.05395792836380309,0.02892317896793776,True,False,3,9,3,2,-1.2355912020368651,low,Isolation Forest
2005-02-18 08:00:00,NO2(GT),isolation_forest,2.06724336253597,0.07345945474640403,0.02892317896793776,True,False,4,8,4,2,-1.3278530134575353,low,Isolation Forest
2005-02-18 20:00:00,NO2(GT),isolation_forest,3.046296187455114,0.036686419548469185,0.02892317896793776,True,False,4,20,4,2,-1.1663948434713622,low,Isolation Forest
2005-02-18 23:00:00,NO2(GT),isolation_forest,2.741701975258047,0.08988975419719436,0.02892317896793776,True,False,4,23,4,2,-1.500843909871292,low,Isolation Forest
2005-02-19 00:00:00,NO2(GT),isolation_forest,3.046296187455114,0.0750522202507996,0.02892317896793776,True,True,5,0,5,2,-1.650769353429881,low,Isolation Forest
2005-02-19 01:00:00,NO2(GT),isolation_forest,2.371837574733037,0.05048960389384516,0.02892317896793776,True,True,5,1,5,2,-1.766096617705719,low,Isolation Forest
2005-02-19 02:00:00,NO2(GT),isolation_forest,1.0011636198462353,0.059512004139377406,0.02892317896793776,True,True,5,2,5,2,-1.766096617705719,low,Isolation Forest
2005-02-19 09:00:00,NO2(GT),isolation_forest,2.6329183280448087,0.0382457413293531,0.02892317896793776,True,True,5,9,5,2,-1.8814238819815563,low,Isolation Forest
2005-02-19 11:00:00,NO2(GT),isolation_forest,2.328324115847742,0.045602428968749,0.02892317896793776,True,True,5,11,5,2,-1.639236627002297,low,Isolation Forest
2005-02-19 12:00:00,NO2(GT),isolation_forest,2.176027009749208,0.033588728251178424,0.02892317896793776,True,True,5,12,5,2,-1.2701893813196163,low,Isolation Forest
2005-02-20 06:00:00,NO2(GT),isolation_forest,-1.522616995500892,0.03738511527629684,0.02892317896793776,True,True,6,6,6,2,-1.2009930227541137,low,Isolation Forest
2005-02-20 07:00:00,NO2(GT),isolation_forest,-1.1745093244185296,0.038160178540241785,0.02892317896793776,True,True,6,7,6,2,-1.2240584756092812,low,Isolation Forest
2005-02-21 09:00:00,NO2(GT),isolation_forest,2.3500808452903894,0.08348413571800595,0.02892317896793776,True,False,0,9,0,2,-1.5931057212919624,low,Isolation Forest
2005-02-21 10:00:00,NO2(GT),isolation_forest,3.1333231052257045,0.11436464652715073,0.02892317896793776,True,False,0,10,0,2,-1.6853675327126325,low,Isolation Forest
2005-02-21 11:00:00,NO2(GT),isolation_forest,2.176027009749208,0.11308096609772456,0.02892317896793776,True,False,0,11,0,2,-1.408582098450622,low,Isolation Forest
2005-02-21 12:00:00,NO2(GT),isolation_forest,2.132513550863913,0.09646886684482303,0.02892317896793776,True,False,0,12,0,2,-1.2355912020368651,low,Isolation Forest
2005-02-21 13:00:00,NO2(GT),isolation_forest,2.045486633093322,0.08029320932944217,0.02892317896793776,True,False,0,13,0,2,-1.18946029632653,low,Isolation Forest
2005-02-21 14:00:00,NO2(GT),isolation_forest,1.3492712909285975,0.06751239458323832,0.02892317896793776,True,False,0,14,0,2,-1.18946029632653,low,Isolation Forest
2005-02-21 15:00:00,NO2(GT),isolation_forest,1.0229203492888828,0.03849019923492947,0.02892317896793776,True,False,0,15,0,2,-1.3278530134575353,low,Isolation Forest
2005-02-21 16:00:00,NO2(GT),isolation_forest,1.5450818559124264,0.042992879275226326,0.02892317896793776,True,False,0,16,0,2,-1.3163202870299515,low,Isolation Forest
2005-02-21 19:00:00,NO2(GT),isolation_forest,3.089809646340409,0.08145091420234707,0.02892317896793776,True,False,0,19,0,2,-1.500843909871292,low,Isolation Forest
2005-02-21 20:00:00,NO2(GT),isolation_forest,3.7642682590624874,0.09427011179320643,0.02892317896793776,True,False,0,20,0,2,-1.4893111834437085,low,Isolation Forest
2005-02-21 21:00:00,NO2(GT),isolation_forest,2.132513550863913,0.05864342633679753,0.02892317896793776,True,False,0,21,0,2,-1.4777784570161243,low,Isolation Forest
2005-02-22 07:00:00,NO2(GT),isolation_forest,1.4798116675844837,0.0491902546718882,0.02892317896793776,True,False,1,7,1,2,-1.7314984384229677,low,Isolation Forest
2005-02-22 08:00:00,NO2(GT),isolation_forest,4.025349012374258,0.14469470319727173,0.02892317896793776,True,False,1,8,1,2,-1.650769353429881,low,Isolation Forest
2005-02-22 09:00:00,NO2(GT),isolation_forest,2.893999081356581,0.0957916634767777,0.02892317896793776,True,False,1,9,1,2,-1.5931057212919624,low,Isolation Forest
2005-02-22 10:00:00,NO2(GT),isolation_forest,3.1550798346683524,0.0949160513010745,0.02892317896793776,True,False,1,10,1,2,-1.4201148248782056,low,Isolation Forest
2005-02-22 11:00:00,NO2(GT),isolation_forest,1.9802164447653796,0.11886321769685215,0.02892317896793776,True,False,1,11,1,2,-1.074133032050692,low,Isolation Forest
2005-02-22 12:00:00,NO2(GT),isolation_forest,2.132513550863913,0.0727736719987464,0.02892317896793776,True,False,1,12,1,2,-0.8088803242162651,mid,Isolation Forest
2005-02-22 13:00:00,NO2(GT),isolation_forest,2.2195404686345035,0.050647299202482676,0.02892317896793776,True,False,1,13,1,2,-1.1663948434713622,low,Isolation Forest
2005-02-22 14:00:00,NO2(GT),isolation_forest,2.785215434143342,0.10201736800472827,0.02892317896793776,True,False,1,14,1,2,-1.3739839191678704,low,Isolation Forest
2005-02-22 15:00:00,NO2(GT),isolation_forest,1.9802164447653796,0.0810011934081476,0.02892317896793776,True,False,1,15,1,2,-1.3624511927402867,low,Isolation Forest
2005-02-22 16:00:00,NO2(GT),isolation_forest,2.3500808452903894,0.054863828721741115,0.02892317896793776,True,False,1,16,1,2,-1.2701893813196163,low,Isolation Forest
2005-02-22 19:00:00,NO2(GT),isolation_forest,3.068052916897762,0.04783325420289131,0.02892317896793776,True,False,1,19,1,2,-1.4777784570161243,low,Isolation Forest
2005-02-22 20:00:00,NO2(GT),isolation_forest,1.7408924208962553,0.0735946365957203,0.02892317896793776,True,False,1,20,1,2,-1.639236627002297,low,Isolation Forest
2005-02-23 08:00:00,NO2(GT),isolation_forest,1.8931895269947887,0.07914089531320045,0.02892317896793776,True,False,2,8,2,2,-1.61617117414713,low,Isolation Forest
2005-02-23 13:00:00,NO2(GT),isolation_forest,2.176027009749208,0.04993200686801169,0.02892317896793776,True,False,2,13,2,2,-1.5354420891540437,low,Isolation Forest
2005-02-23 14:00:00,NO2(GT),isolation_forest,2.654675057487456,0.034253853851698435,0.02892317896793776,True,False,2,14,2,2,-1.4662457305885408,low,Isolation Forest
2005-02-23 17:00:00,NO2(GT),isolation_forest,2.785215434143342,0.03392753674655746,0.02892317896793776,True,False,2,17,2,2,-1.558507542009211,low,Isolation Forest
2005-02-23 18:00:00,NO2(GT),isolation_forest,3.0245394580124665,0.028993213212361146,0.02892317896793776,True,False,2,18,2,2,-1.570040268436795,low,Isolation Forest
2005-02-23 20:00:00,NO2(GT),isolation_forest,2.915755810799228,0.030163971532993772,0.02892317896793776,True,False,2,20,2,2,-1.5931057212919624,low,Isolation Forest
2005-02-23 22:00:00,NO2(GT),isolation_forest,2.5241346808315703,0.03398405577073904,0.02892317896793776,True,False,2,22,2,2,-1.6277039005747136,low,Isolation Forest
2005-02-23 23:00:00,NO2(GT),isolation_forest,1.2404876437153594,0.04140172086731453,0.02892317896793776,True,False,2,23,2,2,-1.639236627002297,low,Isolation Forest
2005-02-24 08:00:00,NO2(GT),isolation_forest,3.416160587980124,0.11712990231660791,0.02892317896793776,True,False,3,8,3,2,-1.650769353429881,low,Isolation Forest
2005-02-24 09:00:00,NO2(GT),isolation_forest,3.4596740468654192,0.08217026761684432,0.02892317896793776,True,False,3,9,3,2,-1.6738348062850483,low,Isolation Forest
2005-02-24 10:00:00,NO2(GT),isolation_forest,2.915755810799228,0.10236703259088686,0.02892317896793776,True,False,3,10,3,2,-1.650769353429881,low,Isolation Forest
2005-02-24 11:00:00,NO2(GT),isolation_forest,2.654675057487456,0.09444029484753014,0.02892317896793776,True,False,3,11,3,2,-1.5931057212919624,low,Isolation Forest
2005-02-24 12:00:00,NO2(GT),isolation_forest,1.871432797552141,0.0676137620382975,0.02892317896793776,True,False,3,12,3,2,-1.4893111834437085,low,Isolation Forest
2005-02-24 13:00:00,NO2(GT),isolation_forest,1.8496760681094933,0.049323478764549455,0.02892317896793776,True,False,3,13,3,2,-1.350918466312703,low,Isolation Forest
2005-02-24 14:00:00,NO2(GT),isolation_forest,1.7191356914536076,0.05980565752716305,0.02892317896793776,True,False,3,14,3,2,-1.2125257491816974,low,Isolation Forest
2005-02-24 15:00:00,NO2(GT),isolation_forest,2.2195404686345035,0.05779472998932744,0.02892317896793776,True,False,3,15,3,2,-1.1433293906161948,low,Isolation Forest
2005-02-24 16:00:00,NO2(GT),isolation_forest,3.416160587980124,0.10157436892903315,0.02892317896793776,True,False,3,16,3,2,-1.2471239284644489,low,Isolation Forest
2005-02-25 03:00:00,NO2(GT),isolation_forest,0.0228773398532853,0.04089373406778418,0.02892317896793776,True,False,4,3,4,2,-1.5469748155816272,low,Isolation Forest
2005-02-25 08:00:00,NO2(GT),isolation_forest,2.7650545390273367,0.05464477604188489,0.02892317896793776,True,False,4,8,4,2,-1.4662457305885408,low,Isolation Forest
2005-02-25 10:00:00,NO2(GT),isolation_forest,1.7408924208962553,0.04892877508012894,0.02892317896793776,True,False,4,10,4,2,-1.1663948434713622,low,Isolation Forest
2005-03-02 19:00:00,NO2(GT),isolation_forest,2.8287288930286376,0.04801969003725648,0.02892317896793776,True,False,2,19,2,3,-1.293254834174784,low,Isolation Forest
2005-03-06 06:00:00,NO2(GT),isolation_forest,-1.6966708310420733,0.04328711305353994,0.02892317896793776,True,True,6,6,6,3,-1.4547130041609568,low,Isolation Forest
2005-03-09 11:00:00,NO2(GT),isolation_forest,2.719945245815399,0.035866031150755706,0.02892317896793776,True,False,2,11,2,3,-0.9126748620645192,low,Isolation Forest
2005-03-11 11:00:00,NO2(GT),isolation_forest,2.719945245815399,0.038945678940409345,0.02892317896793776,True,False,4,11,4,3,0.2310667309009821,mid,Isolation Forest
2005-03-14 18:00:00,NO2(GT),isolation_forest,2.502377951388923,0.033876238466045594,0.02892317896793776,True,False,0,18,0,3,-0.0592531064233196,mid,Isolation Forest
2005-03-15 01:00:00,NO2(GT),isolation_forest,-0.6741045472376337,0.0367980804530853,0.02892317896793776,True,False,1,1,1,3,-0.6243567013749247,mid,Isolation Forest
2005-03-15 19:00:00,NO2(GT),isolation_forest,2.893999081356581,0.03466887525995155,0.02892317896793776,True,False,1,19,1,3,-0.0477203799957356,mid,Isolation Forest
2005-03-18 22:00:00,NO2(GT),isolation_forest,1.0664338081741782,0.043349011158504425,0.02892317896793776,True,False,4,22,4,3,-0.5897585220921733,mid,Isolation Forest
2004-03-12 23:00:00,PT08.S1(CO),isolation_forest,2.38531639348351,0.0329458368286516,0.01970254925898392,True,False,4,23,4,3,-1.0049366734851894,low,Isolation Forest
2004-03-15 08:00:00,PT08.S1(CO),isolation_forest,2.898445324961344,0.05910825134733977,0.01970254925898392,True,False,0,8,0,3,-0.6935530599404273,mid,Isolation Forest
2004-03-15 09:00:00,PT08.S1(CO),isolation_forest,3.599721531314384,0.07549828033363526,0.01970254925898392,True,False,0,9,0,3,-0.4167676256784165,mid,Isolation Forest
2004-03-15 10:00:00,PT08.S1(CO),isolation_forest,2.787267389807813,0.05714874305659512,0.01970254925898392,True,False,0,10,0,3,-0.1169167385612385,mid,Isolation Forest
2004-03-15 18:00:00,PT08.S1(CO),isolation_forest,3.4115742564391787,0.05643900082037079,0.01970254925898392,True,False,0,18,0,3,0.4712523092455344,mid,Isolation Forest
2004-03-15 19:00:00,PT08.S1(CO),isolation_forest,3.9375314112039583,0.031146670707496105,0.01970254925898392,True,False,0,19,0,3,0.2290650542662749,mid,Isolation Forest
2004-03-15 20:00:00,PT08.S1(CO),isolation_forest,3.317500619001576,0.03374485049712672,0.01970254925898392,True,False,0,20,0,3,-0.0131222007129842,mid,Isolation Forest
2004-03-16 01:00:00,PT08.S1(CO),isolation_forest,-0.1931564871926064,0.02483712327706389,0.01970254925898392,True,False,1,1,1,3,-0.4167676256784165,mid,Isolation Forest
2004-03-17 08:00:00,PT08.S1(CO),isolation_forest,2.0004696948751346,0.028787369173447708,0.01970254925898392,True,False,2,8,2,3,-0.8434785034990165,mid,Isolation Forest
2004-03-17 09:00:00,PT08.S1(CO),isolation_forest,3.133629418555352,0.05760414850939821,0.01970254925898392,True,False,2,9,2,3,-0.4974967106715031,mid,Isolation Forest
2004-03-17 10:00:00,PT08.S1(CO),isolation_forest,1.7225248569913076,0.025958365803436245,0.01970254925898392,True,False,2,10,2,3,-0.082318559278487,mid,Isolation Forest
2004-03-17 19:00:00,PT08.S1(CO),isolation_forest,3.651034424462168,0.05259681385084214,0.01970254925898392,True,False,2,19,2,3,0.5404486678110373,mid,Isolation Forest
2004-03-17 20:00:00,PT08.S1(CO),isolation_forest,3.659586573320132,0.03900017174855297,0.01970254925898392,True,False,2,20,2,3,0.2405977806938588,mid,Isolation Forest
2004-03-17 21:00:00,PT08.S1(CO),isolation_forest,2.8898931761033806,0.03826421665096247,0.01970254925898392,True,False,2,21,2,3,0.079139610707686,mid,Isolation Forest
2004-03-18 08:00:00,PT08.S1(CO),isolation_forest,2.239929862898124,0.030428727559120072,0.01970254925898392,True,False,3,8,3,3,-0.7973475977886814,mid,Isolation Forest
2004-03-18 09:00:00,PT08.S1(CO),isolation_forest,3.4842675217318715,0.06406745684823378,0.01970254925898392,True,False,3,9,3,3,-0.4744312578163354,mid,Isolation Forest
2004-03-18 10:00:00,PT08.S1(CO),isolation_forest,2.128751927744593,0.02940502388245203,0.01970254925898392,True,False,3,10,3,3,-0.0707858328509031,mid,Isolation Forest
2004-03-19 08:00:00,PT08.S1(CO),isolation_forest,2.654709082509373,0.052836308473298454,0.01970254925898392,True,False,4,8,4,3,-0.6243567013749247,mid,Isolation Forest
2004-03-19 09:00:00,PT08.S1(CO),isolation_forest,2.992518962398947,0.019711811535315427,0.01970254925898392,True,False,4,9,4,3,-0.5551603428094221,mid,Isolation Forest
2004-03-31 07:00:00,PT08.S1(CO),isolation_forest,2.2099973418952503,0.031292170285015075,0.01970254925898392,True,False,2,7,2,3,-0.5320948899542544,mid,Isolation Forest
2004-04-06 07:00:00,PT08.S1(CO),isolation_forest,2.3297274259067446,0.022689552439479788,0.01970254925898392,True,False,1,7,1,4,-0.3591039935404976,mid,Isolation Forest
2004-04-09 23:00:00,PT08.S1(CO),isolation_forest,0.2430031045635526,0.019955774462968368,0.01970254925898392,True,False,4,23,4,4,-0.7396839656507624,mid,Isolation Forest
2004-04-10 03:00:00,PT08.S1(CO),isolation_forest,-0.843119800397863,0.03192719887305151,0.01970254925898392,True,True,5,3,5,4,-0.8434785034990165,mid,Isolation Forest
2004-04-10 04:00:00,PT08.S1(CO),isolation_forest,-0.94574558669343,0.031144587408858837,0.01970254925898392,True,True,5,4,5,4,-0.8780766827817678,mid,Isolation Forest
2004-04-13 07:00:00,PT08.S1(CO),isolation_forest,1.611346921837777,0.02925484374357301,0.01970254925898392,True,False,1,7,1,4,-0.8550112299266003,mid,Isolation Forest
2004-04-15 19:00:00,PT08.S1(CO),isolation_forest,3.2319791304219367,0.023996021527608602,0.01970254925898392,True,False,3,19,3,4,-0.1169167385612385,mid,Isolation Forest
2004-04-27 07:00:00,PT08.S1(CO),isolation_forest,1.70542055927538,0.021839044381647743,0.01970254925898392,True,False,1,7,1,4,-0.289907634974995,mid,Isolation Forest
2004-04-28 07:00:00,PT08.S1(CO),isolation_forest,2.4366292866312937,0.05038742304519417,0.01970254925898392,True,False,2,7,2,4,-0.393702172823249,mid,Isolation Forest
2004-04-29 07:00:00,PT08.S1(CO),isolation_forest,2.372488170196564,0.03877465453728712,0.01970254925898392,True,False,3,7,3,4,-0.4167676256784165,mid,Isolation Forest
2004-05-10 07:00:00,PT08.S1(CO),isolation_forest,2.192893044179322,0.07511889471995314,0.01970254925898392,True,False,0,7,0,5,-0.4283003521060005,mid,Isolation Forest
2004-05-10 08:00:00,PT08.S1(CO),isolation_forest,2.047506513593936,0.020058598683859508,0.01970254925898392,True,False,0,8,0,5,-0.2783749085474112,mid,Isolation Forest
2004-05-12 08:00:00,PT08.S1(CO),isolation_forest,2.7145741245151203,0.021664096941057753,0.01970254925898392,True,False,2,8,2,5,-0.1630476442715734,mid,Isolation Forest
2004-05-12 13:00:00,PT08.S1(CO),isolation_forest,2.381040319054528,0.0443017408065427,0.01970254925898392,True,False,2,13,2,5,0.2290650542662749,mid,Isolation Forest
2004-05-18 08:00:00,PT08.S1(CO),isolation_forest,2.676089454654283,0.09632134083453292,0.01970254925898392,True,False,1,8,1,5,0.0445414314249346,mid,Isolation Forest
2004-05-19 08:00:00,PT08.S1(CO),isolation_forest,2.5520832962138065,0.02985135150856455,0.01970254925898392,True,False,2,8,2,5,0.0214759785697671,mid,Isolation Forest
2004-05-20 08:00:00,PT08.S1(CO),isolation_forest,2.753058794375958,0.02731225881321553,0.01970254925898392,True,False,3,8,3,5,0.0330087049973507,mid,Isolation Forest
2004-05-25 22:00:00,PT08.S1(CO),isolation_forest,2.268504187408784,0.022001324496075947,0.01970254925898392,True,False,1,22,1,5,0.2799054146985187,mid,Isolation Forest
2004-05-25 23:00:00,PT08.S1(CO),isolation_forest,2.268504187408784,0.03197584686138222,0.01970254925898392,True,False,1,23,1,5,0.2822604060226328,mid,Isolation Forest
2004-05-26 00:00:00,PT08.S1(CO),isolation_forest,2.152686356552224,0.020374665983384777,0.01970254925898392,True,False,2,0,2,5,0.2674177575464586,mid,Isolation Forest
2004-05-26 06:00:00,PT08.S1(CO),isolation_forest,2.1489103406319043,0.03168815131330305,0.01970254925898392,True,False,2,6,2,5,0.2625689742700298,mid,Isolation Forest
2004-06-21 04:00:00,PT08.S1(CO),isolation_forest,-1.6555739419044335,0.0825076070732601,0.01970254925898392,True,False,0,4,0,6,0.0560741578525182,mid,Isolation Forest
2004-06-21 05:00:00,PT08.S1(CO),isolation_forest,-1.3263162108728237,0.0538265442332706,0.01970254925898392,True,False,0,5,0,6,-0.0246549271405681,mid,Isolation Forest
2004-08-26 06:00:00,PT08.S1(CO),isolation_forest,1.4804354669347757,0.02392977475376712,0.01970254925898392,True,False,3,6,3,8,0.3509537387932556,mid,Isolation Forest
2004-08-28 03:00:00,PT08.S1(CO),isolation_forest,-1.2151382757192928,0.05518223817911205,0.01970254925898392,True,True,5,3,5,8,0.1598686957007724,mid,Isolation Forest
2004-08-28 04:00:00,PT08.S1(CO),isolation_forest,-1.3990094761655167,0.022932996008808382,0.01970254925898392,True,True,5,4,5,8,0.1829341485559399,mid,Isolation Forest
2004-08-28 05:00:00,PT08.S1(CO),isolation_forest,-1.5828806766117407,0.05469427359811807,0.01970254925898392,True,True,5,5,5,8,0.4712523092455344,mid,Isolation Forest
2004-08-28 06:00:00,PT08.S1(CO),isolation_forest,-1.3519726574467152,0.05341332658001263,0.01970254925898392,True,True,5,6,5,8,0.125270516418021,mid,Isolation Forest
2004-08-28 07:00:00,PT08.S1(CO),isolation_forest,-1.287831541011986,0.052382148961834685,0.01970254925898392,True,True,5,7,5,8,0.136803242845605,mid,Isolation Forest
2004-08-28 08:00:00,PT08.S1(CO),isolation_forest,-0.8003590561080435,0.037638121255753054,0.01970254925898392,True,True,5,8,5,8,0.2636632335490263,mid,Isolation Forest
2004-09-07 23:00:00,PT08.S1(CO),isolation_forest,2.1175308862407083,0.04172795567783427,0.01970254925898392,True,False,1,23,1,9,0.333457600653081,mid,Isolation Forest
2004-09-13 07:00:00,PT08.S1(CO),isolation_forest,1.6669358894145423,0.025615406708461852,0.01970254925898392,True,False,0,7,0,9,0.2290650542662749,mid,Isolation Forest
2004-10-05 07:00:00,PT08.S1(CO),isolation_forest,1.6754880382725064,0.02992294028663911,0.01970254925898392,True,False,1,7,1,10,-0.1169167385612385,mid,Isolation Forest
2004-10-20 17:00:00,PT08.S1(CO),isolation_forest,3.270463800282774,0.04333069779059062,0.01970254925898392,True,False,2,17,2,10,0.713439564224794,mid,Isolation Forest
2004-10-25 17:00:00,PT08.S1(CO),isolation_forest,2.9796907391120016,0.035573687253083075,0.01970254925898392,True,False,0,17,0,10,0.3789904978248641,mid,Isolation Forest
2004-11-02 14:00:00,PT08.S1(CO),isolation_forest,2.389592467912492,0.034388984963357294,0.01970254925898392,True,False,1,14,1,11,0.8172341020730479,mid,Isolation Forest
2004-11-04 17:00:00,PT08.S1(CO),isolation_forest,3.4030221075812146,0.090337283658529,0.01970254925898392,True,False,3,17,3,11,0.7365050170799615,mid,Isolation Forest
2004-11-04 18:00:00,PT08.S1(CO),isolation_forest,3.26191165142481,0.04379604221443412,0.01970254925898392,True,False,3,18,3,11,0.5404486678110373,mid,Isolation Forest
2004-11-05 09:00:00,PT08.S1(CO),isolation_forest,2.0603347368808818,0.026410546103557864,0.01970254925898392,True,False,4,9,4,11,-0.2207112764094923,mid,Isolation Forest
2004-11-05 17:00:00,PT08.S1(CO),isolation_forest,3.2105987582770266,0.0313479110442515,0.01970254925898392,True,False,4,17,4,11,0.5289159413834533,mid,Isolation Forest
2004-11-17 18:00:00,PT08.S1(CO),isolation_forest,2.919825697106254,0.02436496730358939,0.01970254925898392,True,False,2,18,2,11,-0.5436276163818383,mid,Isolation Forest
2004-11-19 22:00:00,PT08.S1(CO),isolation_forest,-1.9335187797882607,0.04737920882604496,0.01970254925898392,True,False,4,22,4,11,-0.5782257956645895,mid,Isolation Forest
2004-11-19 23:00:00,PT08.S1(CO),isolation_forest,-1.813788695776766,0.043375449131721866,0.01970254925898392,True,False,4,23,4,11,-0.6474221542300922,mid,Isolation Forest
2004-11-20 00:00:00,PT08.S1(CO),isolation_forest,-1.8651015889245492,0.050161367779898214,0.01970254925898392,True,True,5,0,5,11,-0.716618512795595,mid,Isolation Forest
2004-11-20 01:00:00,PT08.S1(CO),isolation_forest,-1.813788695776766,0.06233779896882552,0.01970254925898392,True,True,5,1,5,11,-0.7396839656507624,mid,Isolation Forest
2004-11-20 02:00:00,PT08.S1(CO),isolation_forest,-1.7795801003449103,0.0738784563386028,0.01970254925898392,True,True,5,2,5,11,-0.8780766827817678,mid,Isolation Forest
2004-11-26 18:00:00,PT08.S1(CO),isolation_forest,3.5783411591694745,0.05174342004338628,0.01970254925898392,True,False,4,18,4,11,-0.3360385406853302,mid,Isolation Forest
2004-11-26 20:00:00,PT08.S1(CO),isolation_forest,3.0566600788336764,0.04179845946988214,0.01970254925898392,True,False,4,20,4,11,-0.3821694463956653,mid,Isolation Forest
2004-11-29 11:00:00,PT08.S1(CO),isolation_forest,2.505046477495005,0.034721787267648074,0.01970254925898392,True,False,0,11,0,11,-0.4052348992508328,mid,Isolation Forest
2004-12-02 19:00:00,PT08.S1(CO),isolation_forest,2.9796907391120016,0.025812204152080964,0.01970254925898392,True,False,3,19,3,12,-0.3475712671129139,mid,Isolation Forest
2004-12-13 18:00:00,PT08.S1(CO),isolation_forest,3.257635576995828,0.03510485979580824,0.01970254925898392,True,False,0,18,0,12,-0.6704876070852598,mid,Isolation Forest
2004-12-18 15:00:00,PT08.S1(CO),isolation_forest,-1.7966843980608382,0.026032396013892956,0.01970254925898392,True,True,5,15,5,12,-0.393702172823249,mid,Isolation Forest
2004-12-18 16:00:00,PT08.S1(CO),isolation_forest,-1.557224230037849,0.020770607129312335,0.01970254925898392,True,True,5,16,5,12,-0.4052348992508328,mid,Isolation Forest
2005-01-05 01:00:00,PT08.S1(CO),isolation_forest,0.0676840529752925,0.02164443291414453,0.01970254925898392,True,False,2,1,2,1,-1.028002126340357,low,Isolation Forest
2005-01-17 18:00:00,PT08.S1(CO),isolation_forest,2.410972840057402,0.054206876105304724,0.01970254925898392,True,False,0,18,0,1,-1.0626003056231084,low,Isolation Forest
2005-01-21 20:00:00,PT08.S1(CO),isolation_forest,3.0609361532626584,0.06289470050443724,0.01970254925898392,True,False,4,20,4,1,-0.9242075884921028,low,Isolation Forest
2005-01-28 17:00:00,PT08.S1(CO),isolation_forest,2.2802900131573174,0.07159696887654421,0.01970254925898392,True,False,4,17,4,1,0.2070542222222725,mid,Isolation Forest
2005-01-28 19:00:00,PT08.S1(CO),isolation_forest,2.2979465675560897,0.021480394418794346,0.01970254925898392,True,False,4,19,4,1,0.189330195887461,mid,Isolation Forest
2005-01-28 20:00:00,PT08.S1(CO),isolation_forest,2.2032387223021765,0.022863466864444182,0.01970254925898392,True,False,4,20,4,1,0.199182180888808,mid,Isolation Forest
2005-01-28 21:00:00,PT08.S1(CO),isolation_forest,2.194778442230773,0.05212609802667234,0.01970254925898392,True,False,4,21,4,1,0.2014397258130919,mid,Isolation Forest
2005-01-28 22:00:00,PT08.S1(CO),isolation_forest,2.146715407407555,0.0725438124369584,0.01970254925898392,True,False,4,22,4,1,0.1983122023079309,mid,Isolation Forest
2005-01-28 23:00:00,PT08.S1(CO),isolation_forest,2.1233144439400635,0.03692947164180138,0.01970254925898392,True,False,4,23,4,1,0.2053657378766813,mid,Isolation Forest
2005-01-29 00:00:00,PT08.S1(CO),isolation_forest,2.067460309638454,0.03226368360370291,0.01970254925898392,True,True,5,0,5,1,0.1869197722997866,mid,Isolation Forest
2005-01-29 01:00:00,PT08.S1(CO),isolation_forest,2.055880144696198,0.024103772141207402,0.01970254925898392,True,True,5,1,5,1,0.2064996796173695,mid,Isolation Forest
2005-01-29 02:00:00,PT08.S1(CO),isolation_forest,-1.3947334017365347,0.07522932712351116,0.01970254925898392,True,True,5,2,5,1,-1.9044893348367244,low,Isolation Forest
2005-01-29 06:00:00,PT08.S1(CO),isolation_forest,-1.4759788158871918,0.026294422025982644,0.01970254925898392,True,True,5,6,5,1,-1.9621529669746436,low,Isolation Forest
2005-01-29 07:00:00,PT08.S1(CO),isolation_forest,-1.360524806304679,0.04460950545078546,0.01970254925898392,True,True,5,7,5,1,-1.9390875141194757,low,Isolation Forest
2005-02-08 17:00:00,PT08.S1(CO),isolation_forest,2.283081571512566,0.04494521479217295,0.01970254925898392,True,False,1,17,1,2,0.2035322937624938,mid,Isolation Forest
2005-02-08 21:00:00,PT08.S1(CO),isolation_forest,2.2976365104014493,0.049251232324395544,0.01970254925898392,True,False,1,21,1,2,0.1914194642973653,mid,Isolation Forest
2005-02-08 22:00:00,PT08.S1(CO),isolation_forest,2.1454214146695856,0.06171937193184229,0.01970254925898392,True,False,1,22,1,2,0.1880266578165942,mid,Isolation Forest
2005-02-08 23:00:00,PT08.S1(CO),isolation_forest,2.1327842367001457,0.02832592041144444,0.01970254925898392,True,False,1,23,1,2,0.1953791316638306,mid,Isolation Forest
2005-02-09 00:00:00,PT08.S1(CO),isolation_forest,2.02036816085502,0.023290729887264883,0.01970254925898392,True,False,2,0,2,2,0.1857754920020058,mid,Isolation Forest
2005-02-09 04:00:00,PT08.S1(CO),isolation_forest,2.2440075842652147,0.025107811254906465,0.01970254925898392,True,False,2,4,2,2,0.2091778058429522,mid,Isolation Forest
2004-04-01 14:00:00,PT08.S2(NMHC),isolation_forest,2.839267773206925,0.04871721862109024,0.0264442940400374,True,False,3,14,3,4,0.2845870213070672,mid,Isolation Forest
2004-04-08 23:00:00,PT08.S2(NMHC),isolation_forest,2.8103565361093104,0.0458296390924221,0.0264442940400374,True,False,3,23,3,4,0.2407123846990768,mid,Isolation Forest
2004-04-09 02:00:00,PT08.S2(NMHC),isolation_forest,2.837164181429046,0.033659523654477,0.0264442940400374,True,False,4,2,4,4,0.2517154690464998,mid,Isolation Forest
2004-04-09 03:00:00,PT08.S2(NMHC),isolation_forest,2.8027814556607704,0.06420952248553147,0.0264442940400374,True,False,4,3,4,4,0.2695162646669563,mid,Isolation Forest
2004-04-09 04:00:00,PT08.S2(NMHC),isolation_forest,2.839295032746299,0.07525060200661882,0.0264442940400374,True,False,4,4,4,4,0.2643571047084497,mid,Isolation Forest
2004-04-09 05:00:00,PT08.S2(NMHC),isolation_forest,2.8411129752665136,0.04512773722456587,0.0264442940400374,True,False,4,5,4,4,0.2491598657209293,mid,Isolation Forest
2004-04-09 06:00:00,PT08.S2(NMHC),isolation_forest,2.839474715343862,0.04023169334181442,0.0264442940400374,True,False,4,6,4,4,0.2485514306375648,mid,Isolation Forest
2004-04-09 23:00:00,PT08.S2(NMHC),isolation_forest,-0.1843676289483009,0.07374298549398584,0.0264442940400374,True,False,4,23,4,4,-0.7396839656507624,mid,Isolation Forest
2004-04-10 00:00:00,PT08.S2(NMHC),isolation_forest,-0.6058262153960783,0.050752160166625426,0.0264442940400374,True,True,5,0,5,4,-0.7396839656507624,mid,Isolation Forest
2004-04-10 01:00:00,PT08.S2(NMHC),isolation_forest,-0.3825160688453903,0.041077152526765026,0.0264442940400374,True,True,5,1,5,4,-0.7973475977886814,mid,Isolation Forest
2004-04-10 02:00:00,PT08.S2(NMHC),isolation_forest,-0.4517107621427865,0.0333076058532521,0.0264442940400374,True,True,5,2,5,4,-0.8088803242162651,mid,Isolation Forest
2004-04-10 03:00:00,PT08.S2(NMHC),isolation_forest,-0.907766695239262,0.07003943578326366,0.0264442940400374,True,True,5,3,5,4,-0.8434785034990165,mid,Isolation Forest
2004-04-10 04:00:00,PT08.S2(NMHC),isolation_forest,-0.9643805352098588,0.05886111609585731,0.0264442940400374,True,True,5,4,5,4,-0.8780766827817678,mid,Isolation Forest
2004-05-10 07:00:00,PT08.S2(NMHC),isolation_forest,1.9229253032905853,0.032410210320252375,0.0264442940400374,True,False,0,7,0,5,-0.4283003521060005,mid,Isolation Forest
2004-05-18 08:00:00,PT08.S2(NMHC),isolation_forest,2.429304649694258,0.04386152845216229,0.0264442940400374,True,False,1,8,1,5,0.0445414314249346,mid,Isolation Forest
2004-06-19 14:00:00,PT08.S2(NMHC),isolation_forest,2.8332729781677206,0.05433462081682805,0.0264442940400374,True,True,5,14,5,6,0.3837197057898986,mid,Isolation Forest
2004-06-19 16:00:00,PT08.S2(NMHC),isolation_forest,2.8259194294687404,0.033942642986407257,0.0264442940400374,True,True,5,16,5,6,0.3812938843512352,mid,Isolation Forest
2004-06-19 17:00:00,PT08.S2(NMHC),isolation_forest,2.826889254770971,0.043351089612431726,0.0264442940400374,True,True,5,17,5,6,0.3810719353276941,mid,Isolation Forest
2004-06-19 18:00:00,PT08.S2(NMHC),isolation_forest,2.82328370076731,0.05057172974237989,0.0264442940400374,True,True,5,18,5,6,0.3780614354900493,mid,Isolation Forest
2004-06-19 19:00:00,PT08.S2(NMHC),isolation_forest,2.81894713038382,0.04869700153741341,0.0264442940400374,True,True,5,19,5,6,0.3678253840911772,mid,Isolation Forest
2004-06-19 20:00:00,PT08.S2(NMHC),isolation_forest,2.818825038362399,0.027209852084903563,0.0264442940400374,True,True,5,20,5,6,0.3384011906977419,mid,Isolation Forest
2004-06-19 21:00:00,PT08.S2(NMHC),isolation_forest,2.821391658372459,0.03907401286101464,0.0264442940400374,True,True,5,21,5,6,0.3839040400631666,mid,Isolation Forest
2004-06-20 02:00:00,PT08.S2(NMHC),isolation_forest,2.8544617029418724,0.026655936188717866,0.0264442940400374,True,True,6,2,6,6,0.3467494655653654,mid,Isolation Forest
2004-06-20 03:00:00,PT08.S2(NMHC),isolation_forest,2.797326476288604,0.0360098815102291,0.0264442940400374,True,True,6,3,6,6,0.358765728507863,mid,Isolation Forest
2004-06-20 04:00:00,PT08.S2(NMHC),isolation_forest,2.730463049513434,0.038707655994098644,0.0264442940400374,True,True,6,4,6,6,0.3524581088348786,mid,Isolation Forest
2004-06-20 05:00:00,PT08.S2(NMHC),isolation_forest,2.8560135770003114,0.03271152733800331,0.0264442940400374,True,True,6,5,6,6,0.3467197697098866,mid,Isolation Forest
2004-06-21 04:00:00,PT08.S2(NMHC),isolation_forest,-1.3575322016723377,0.11859566337905703,0.0264442940400374,True,False,0,4,0,6,0.0560741578525182,mid,Isolation Forest
2004-06-21 05:00:00,PT08.S2(NMHC),isolation_forest,-0.926637975229461,0.08485468403490048,0.0264442940400374,True,False,0,5,0,6,-0.0246549271405681,mid,Isolation Forest
2004-06-21 06:00:00,PT08.S2(NMHC),isolation_forest,-0.2032389089384999,0.06425441509729057,0.0264442940400374,True,False,0,6,0,6,0.0214759785697671,mid,Isolation Forest
2004-06-21 07:00:00,PT08.S2(NMHC),isolation_forest,0.7686320105567477,0.026498312148412473,0.0264442940400374,True,False,0,7,0,6,0.2751959599766103,mid,Isolation Forest
2004-06-21 09:00:00,PT08.S2(NMHC),isolation_forest,0.4258037574014661,0.030732222204910675,0.0264442940400374,True,False,0,9,0,6,0.771103196362713,mid,Isolation Forest
2004-07-31 00:00:00,PT08.S2(NMHC),isolation_forest,2.7377029528088275,0.03211671280116324,0.0264442940400374,True,True,5,0,5,7,0.3110601065738152,mid,Isolation Forest
2004-08-09 16:00:00,PT08.S2(NMHC),isolation_forest,2.8948338486289127,0.07430763022145725,0.0264442940400374,True,False,0,16,0,8,0.3828787631566006,mid,Isolation Forest
2004-08-09 17:00:00,PT08.S2(NMHC),isolation_forest,2.89423529057421,0.029711871790425448,0.0264442940400374,True,False,0,17,0,8,0.3826568141330595,mid,Isolation Forest
2004-08-09 18:00:00,PT08.S2(NMHC),isolation_forest,2.889129310093464,0.044580942222911535,0.0264442940400374,True,False,0,18,0,8,0.3672932783548582,mid,Isolation Forest
2004-08-09 19:00:00,PT08.S2(NMHC),isolation_forest,2.894189985987645,0.06491456901855441,0.0264442940400374,True,False,0,19,0,8,0.3444545258601083,mid,Isolation Forest
2004-08-26 06:00:00,PT08.S2(NMHC),isolation_forest,2.8692736151884115,0.08240923861419136,0.0264442940400374,True,False,3,6,3,8,0.3509537387932556,mid,Isolation Forest
2004-08-26 07:00:00,PT08.S2(NMHC),isolation_forest,2.858268056087682,0.040690540045173584,0.0264442940400374,True,False,3,7,3,8,0.3424325680559558,mid,Isolation Forest
2004-08-26 08:00:00,PT08.S2(NMHC),isolation_forest,2.869191068695941,0.03434914132650446,0.0264442940400374,True,False,3,8,3,8,0.3406066028979631,mid,Isolation Forest
2004-08-26 09:00:00,PT08.S2(NMHC),isolation_forest,2.846982222849728,0.060027723158267765,0.0264442940400374,True,False,3,9,3,8,0.383365775186452,mid,Isolation Forest
2004-08-26 10:00:00,PT08.S2(NMHC),isolation_forest,2.8543012172030235,0.07644421115347333,0.0264442940400374,True,False,3,10,3,8,0.3818735034563203,mid,Isolation Forest
2004-08-26 11:00:00,PT08.S2(NMHC),isolation_forest,2.855799723994237,0.08990128899038363,0.0264442940400374,True,False,3,11,3,8,0.4071407170213316,mid,Isolation Forest
2004-08-26 12:00:00,PT08.S2(NMHC),isolation_forest,2.8456223173784294,0.055189447791052504,0.0264442940400374,True,False,3,12,3,8,0.3939311206271883,mid,Isolation Forest
2004-08-26 13:00:00,PT08.S2(NMHC),isolation_forest,2.846329913590627,0.05747369616327869,0.0264442940400374,True,False,3,13,3,8,0.394874348984913,mid,Isolation Forest
2004-08-26 14:00:00,PT08.S2(NMHC),isolation_forest,2.851385598301543,0.06315269608125706,0.0264442940400374,True,False,3,14,3,8,0.3859207186041229,mid,Isolation Forest
2004-08-26 15:00:00,PT08.S2(NMHC),isolation_forest,2.848678073348522,0.052528337645996404,0.0264442940400374,True,False,3,15,3,8,0.3852251756780208,mid,Isolation Forest
2004-08-27 02:00:00,PT08.S2(NMHC),isolation_forest,2.8608826682445274,0.03151738847719754,0.0264442940400374,True,False,4,2,4,8,0.3576909585088324,mid,Isolation Forest
2004-08-27 03:00:00,PT08.S2(NMHC),isolation_forest,2.818724830759912,0.03418799497018721,0.0264442940400374,True,False,4,3,4,8,0.3572224239001679,mid,Isolation Forest
2004-08-27 04:00:00,PT08.S2(NMHC),isolation_forest,2.862123169254625,0.034545688033454924,0.0264442940400374,True,False,4,4,4,8,0.3543007916596594,mid,Isolation Forest
2004-08-27 05:00:00,PT08.S2(NMHC),isolation_forest,2.8627217273093275,0.028888737464172975,0.0264442940400374,True,False,4,5,4,8,0.3575031047267669,mid,Isolation Forest
2004-08-28 03:00:00,PT08.S2(NMHC),isolation_forest,-0.870024135258864,0.10617330245924284,0.0264442940400374,True,True,5,3,5,8,0.1598686957007724,mid,Isolation Forest
2004-08-28 04:00:00,PT08.S2(NMHC),isolation_forest,-1.1153507751314509,0.07322807403209153,0.0264442940400374,True,True,5,4,5,8,0.1829341485559399,mid,Isolation Forest
2004-08-28 05:00:00,PT08.S2(NMHC),isolation_forest,-1.3103540016968402,0.07191986137392958,0.0264442940400374,True,True,5,5,5,8,0.4712523092455344,mid,Isolation Forest
2004-08-28 06:00:00,PT08.S2(NMHC),isolation_forest,-0.94236404188796,0.07451945748104283,0.0264442940400374,True,True,5,6,5,8,0.125270516418021,mid,Isolation Forest
2004-08-28 07:00:00,PT08.S2(NMHC),isolation_forest,-0.7851033753029686,0.06437055561697613,0.0264442940400374,True,True,5,7,5,8,0.136803242845605,mid,Isolation Forest
2004-08-28 08:00:00,PT08.S2(NMHC),isolation_forest,-0.3604995755234915,0.06719396717230719,0.0264442940400374,True,True,5,8,5,8,0.2636632335490263,mid,Isolation Forest
2004-09-07 23:00:00,PT08.S2(NMHC),isolation_forest,2.7547255753048696,0.05513532685494349,0.0264442940400374,True,False,1,23,1,9,0.333457600653081,mid,Isolation Forest
2004-09-08 02:00:00,PT08.S2(NMHC),isolation_forest,2.7327720476795525,0.034920264397771406,0.0264442940400374,True,False,2,2,2,9,0.3165210644117057,mid,Isolation Forest
2004-09-08 03:00:00,PT08.S2(NMHC),isolation_forest,2.7327720476795525,0.04355595536116952,0.0264442940400374,True,False,2,3,2,9,0.3184220391009448,mid,Isolation Forest
2004-09-08 04:00:00,PT08.S2(NMHC),isolation_forest,2.7327720476795525,0.047718100416606846,0.0264442940400374,True,False,2,4,2,9,0.3174548340895373,mid,Isolation Forest
2004-10-01 14:00:00,PT08.S2(NMHC),isolation_forest,2.8222524455171945,0.02991354059187601,0.0264442940400374,True,False,4,14,4,10,0.2922830872006576,mid,Isolation Forest
2004-11-22 09:00:00,PT08.S2(NMHC),isolation_forest,3.162139355980319,0.09283078214923957,0.0264442940400374,True,False,0,9,0,11,-1.500843909871292,low,Isolation Forest
2004-11-22 10:00:00,PT08.S2(NMHC),isolation_forest,3.89497406226638,0.08402960328456943,0.0264442940400374,True,False,0,10,0,11,-1.408582098450622,low,Isolation Forest
2004-11-22 11:00:00,PT08.S2(NMHC),isolation_forest,1.4574337301990106,0.05475447190618743,0.0264442940400374,True,False,0,11,0,11,-1.339385739885119,low,Isolation Forest
2004-12-15 04:00:00,PT08.S2(NMHC),isolation_forest,2.92182194442056,0.03511872000499294,0.0264442940400374,True,False,2,4,2,12,0.3329701486846299,mid,Isolation Forest
2004-12-15 05:00:00,PT08.S2(NMHC),isolation_forest,2.9236398869407747,0.03542066407072597,0.0264442940400374,True,False,2,5,2,12,0.3283459540633404,mid,Isolation Forest
2004-12-15 06:00:00,PT08.S2(NMHC),isolation_forest,2.934828584073636,0.03030800544745138,0.0264442940400374,True,False,2,6,2,12,0.3103287086518388,mid,Isolation Forest
2004-12-17 20:00:00,PT08.S2(NMHC),isolation_forest,0.6774208239374526,0.05059994189496264,0.0264442940400374,True,False,4,20,4,12,-0.5897585220921733,mid,Isolation Forest
2004-12-17 22:00:00,PT08.S2(NMHC),isolation_forest,-0.2189649755969991,0.030248337749351983,0.0264442940400374,True,False,4,22,4,12,-0.6704876070852598,mid,Isolation Forest
2004-12-17 23:00:00,PT08.S2(NMHC),isolation_forest,-0.5523575887571811,0.03129038454107336,0.0264442940400374,True,False,4,23,4,12,-0.6704876070852598,mid,Isolation Forest
2004-12-18 00:00:00,PT08.S2(NMHC),isolation_forest,-0.3793708555136905,0.031554395101587085,0.0264442940400374,True,True,5,0,5,12,-0.6358894278025085,mid,Isolation Forest
2004-12-18 01:00:00,PT08.S2(NMHC),isolation_forest,-0.5712288687473801,0.040897607716671835,0.0264442940400374,True,True,5,1,5,12,-0.612823974947341,mid,Isolation Forest
2005-01-02 21:00:00,PT08.S2(NMHC),isolation_forest,2.8148132788283498,0.05955127820341943,0.0264442940400374,True,True,6,21,6,1,0.1940074031100126,mid,Isolation Forest
2005-01-02 23:00:00,PT08.S2(NMHC),isolation_forest,2.816503754206704,0.04525450410185594,0.0264442940400374,True,True,6,23,6,1,0.1947572784531758,mid,Isolation Forest
2005-01-03 00:00:00,PT08.S2(NMHC),isolation_forest,2.8929782802656185,0.06992979874544825,0.0264442940400374,True,False,0,0,0,1,0.1823782861352379,mid,Isolation Forest
2005-01-03 01:00:00,PT08.S2(NMHC),isolation_forest,2.8609034008519383,0.07527827648753871,0.0264442940400374,True,False,0,1,0,1,0.1781724731222488,mid,Isolation Forest
2005-01-03 02:00:00,PT08.S2(NMHC),isolation_forest,2.887075630148241,0.08097868893386073,0.0264442940400374,True,False,0,2,0,1,0.1844910912602253,mid,Isolation Forest
2005-01-03 03:00:00,PT08.S2(NMHC),isolation_forest,2.852646831919052,0.055714327772945715,0.0264442940400374,True,False,0,3,0,1,0.2289574452847921,mid,Isolation Forest
2005-01-03 04:00:00,PT08.S2(NMHC),isolation_forest,2.784856580805171,0.05524524155927657,0.0264442940400374,True,False,0,4,0,1,0.1838663784486725,mid,Isolation Forest
2005-01-03 05:00:00,PT08.S2(NMHC),isolation_forest,2.8985595749681234,0.04729251732000439,0.0264442940400374,True,False,0,5,0,1,0.1821591967125947,mid,Isolation Forest
2005-01-03 06:00:00,PT08.S2(NMHC),isolation_forest,2.898575316392269,0.028472918682293846,0.0264442940400374,True,False,0,6,0,1,0.1840152976646659,mid,Isolation Forest
2005-01-03 08:00:00,PT08.S2(NMHC),isolation_forest,2.853047662329,0.029695323470715462,0.0264442940400374,True,False,0,8,0,1,0.1921220462410623,mid,Isolation Forest
2005-01-03 09:00:00,PT08.S2(NMHC),isolation_forest,2.8890448439151224,0.032701567076249716,0.0264442940400374,True,False,0,9,0,1,0.2100737408012108,mid,Isolation Forest
2005-01-03 10:00:00,PT08.S2(NMHC),isolation_forest,2.8816598123678507,0.029111875828813916,0.0264442940400374,True,False,0,10,0,1,0.2165384185542828,mid,Isolation Forest
2005-01-03 15:00:00,PT08.S2(NMHC),isolation_forest,2.866981126320787,0.029531356803149555,0.0264442940400374,True,False,0,15,0,1,0.2034014120290875,mid,Isolation Forest
2005-01-05 01:00:00,PT08.S2(NMHC),isolation_forest,-0.5775192954107797,0.0904600277257066,0.0264442940400374,True,False,2,1,2,1,-1.028002126340357,low,Isolation Forest
2005-01-05 02:00:00,PT08.S2(NMHC),isolation_forest,-0.2346910422554982,0.03786579451521688,0.0264442940400374,True,False,2,2,2,1,-1.074133032050692,low,Isolation Forest
2005-01-05 03:00:00,PT08.S2(NMHC),isolation_forest,-0.1717867756215016,0.026855044044893583,0.0264442940400374,True,False,2,3,2,1,-1.18946029632653,low,Isolation Forest
2005-01-05 04:00:00,PT08.S2(NMHC),isolation_forest,-0.2724336022358962,0.030663707215496716,0.0264442940400374,True,False,2,4,2,1,-1.2125257491816974,low,Isolation Forest
2005-01-05 05:00:00,PT08.S2(NMHC),isolation_forest,-0.3950969221721896,0.03356669246392974,0.0264442940400374,True,False,2,5,2,1,-1.2471239284644489,low,Isolation Forest
2005-01-05 06:00:00,PT08.S2(NMHC),isolation_forest,-0.2252554022603987,0.036972067524799646,0.0264442940400374,True,False,2,6,2,1,-1.2586566548920326,low,Isolation Forest
2005-01-17 18:00:00,PT08.S2(NMHC),isolation_forest,2.690357356225344,0.037710150528111885,0.0264442940400374,True,False,0,18,0,1,-1.0626003056231084,low,Isolation Forest
2005-01-28 17:00:00,PT08.S2(NMHC),isolation_forest,2.807674734946966,0.08373948670236542,0.0264442940400374,True,False,4,17,4,1,0.2070542222222725,mid,Isolation Forest
2005-01-28 18:00:00,PT08.S2(NMHC),isolation_forest,2.8179308486835013,0.03762304474870215,0.0264442940400374,True,False,4,18,4,1,0.2014973577696506,mid,Isolation Forest
2005-01-28 19:00:00,PT08.S2(NMHC),isolation_forest,2.8247154024901997,0.045570259933437995,0.0264442940400374,True,False,4,19,4,1,0.189330195887461,mid,Isolation Forest
2005-01-28 20:00:00,PT08.S2(NMHC),isolation_forest,2.809600563813153,0.05398054397037433,0.0264442940400374,True,False,4,20,4,1,0.199182180888808,mid,Isolation Forest
2005-01-28 21:00:00,PT08.S2(NMHC),isolation_forest,2.810543897450359,0.0783903939508298,0.0264442940400374,True,False,4,21,4,1,0.2014397258130919,mid,Isolation Forest
2005-01-28 22:00:00,PT08.S2(NMHC),isolation_forest,2.8168109039461275,0.0940665421345721,0.0264442940400374,True,False,4,22,4,1,0.1983122023079309,mid,Isolation Forest
2005-01-28 23:00:00,PT08.S2(NMHC),isolation_forest,2.831774855313681,0.06402933249512077,0.0264442940400374,True,False,4,23,4,1,0.2053657378766813,mid,Isolation Forest
2005-01-29 00:00:00,PT08.S2(NMHC),isolation_forest,2.8435045199251023,0.06268498763315644,0.0264442940400374,True,True,5,0,5,1,0.1869197722997866,mid,Isolation Forest
2005-01-29 01:00:00,PT08.S2(NMHC),isolation_forest,2.841920395144024,0.059447997935518804,0.0264442940400374,True,True,5,1,5,1,0.2064996796173695,mid,Isolation Forest
2005-01-29 02:00:00,PT08.S2(NMHC),isolation_forest,-1.558825854901127,0.10213018114249306,0.0264442940400374,True,True,5,2,5,1,-1.9044893348367244,low,Isolation Forest
2005-01-29 03:00:00,PT08.S2(NMHC),isolation_forest,-1.6374561881936227,0.033413926234040714,0.0264442940400374,True,True,5,3,5,1,-1.9390875141194757,low,Isolation Forest
2005-01-29 05:00:00,PT08.S2(NMHC),isolation_forest,-1.6594726815155214,0.028203460874712816,0.0264442940400374,True,True,5,5,5,1,-2.008283872684978,low,Isolation Forest
2005-01-29 06:00:00,PT08.S2(NMHC),isolation_forest,-1.6280205481985233,0.03030832119231297,0.0264442940400374,True,True,5,6,5,1,-1.9621529669746436,low,Isolation Forest
2005-01-29 07:00:00,PT08.S2(NMHC),isolation_forest,-1.5147928682573293,0.054834007923952655,0.0264442940400374,True,True,5,7,5,1,-1.9390875141194757,low,Isolation Forest
2005-02-08 17:00:00,PT08.S2(NMHC),isolation_forest,2.8410565365018945,0.0777365721253882,0.0264442940400374,True,False,1,17,1,2,0.2035322937624938,mid,Isolation Forest
2005-02-08 18:00:00,PT08.S2(NMHC),isolation_forest,2.848259581828557,0.027149670526555703,0.0264442940400374,True,False,1,18,1,2,0.2021990598361483,mid,Isolation Forest
2005-02-08 19:00:00,PT08.S2(NMHC),isolation_forest,2.8442831445145416,0.044235541652494215,0.0264442940400374,True,False,1,19,1,2,0.1843885855664987,mid,Isolation Forest
2005-02-08 20:00:00,PT08.S2(NMHC),isolation_forest,2.852184571561219,0.05673726707158333,0.0264442940400374,True,False,1,20,1,2,0.1873405735703854,mid,Isolation Forest
2005-02-08 21:00:00,PT08.S2(NMHC),isolation_forest,2.851436278008548,0.08113098114452577,0.0264442940400374,True,False,1,21,1,2,0.1914194642973653,mid,Isolation Forest
2005-02-08 22:00:00,PT08.S2(NMHC),isolation_forest,2.848964490480535,0.0976629151209546,0.0264442940400374,True,False,1,22,1,2,0.1880266578165942,mid,Isolation Forest
2005-02-08 23:00:00,PT08.S2(NMHC),isolation_forest,2.854092355380215,0.06692897268343867,0.0264442940400374,True,False,1,23,1,2,0.1953791316638306,mid,Isolation Forest
2005-02-09 00:00:00,PT08.S2(NMHC),isolation_forest,2.8524356664731982,0.06257079100650398,0.0264442940400374,True,False,2,0,2,2,0.1857754920020058,mid,Isolation Forest
2005-02-09 01:00:00,PT08.S2(NMHC),isolation_forest,2.8524356664731982,0.06019547174862594,0.0264442940400374,True,False,2,1,2,2,0.1873553115134748,mid,Isolation Forest
2005-02-09 02:00:00,PT08.S2(NMHC),isolation_forest,2.8506246348221205,0.05341102003042719,0.0264442940400374,True,False,2,2,2,2,0.2202675580945131,mid,Isolation Forest
2005-02-09 03:00:00,PT08.S2(NMHC),isolation_forest,2.794361329491641,0.03062747043621661,0.0264442940400374,True,False,2,3,2,2,0.2248902129307038,mid,Isolation Forest
2005-02-09 04:00:00,PT08.S2(NMHC),isolation_forest,2.739986227184269,0.04498918765940052,0.0264442940400374,True,False,2,4,2,2,0.2091778058429522,mid,Isolation Forest
2005-02-09 05:00:00,PT08.S2(NMHC),isolation_forest,2.8531206103921134,0.03363210767784919,0.0264442940400374,True,False,2,5,2,2,0.1911385635014664,mid,Isolation Forest
2005-02-11 21:00:00,PT08.S2(NMHC),isolation_forest,0.7151633839178505,0.04250492916722348,0.0264442940400374,True,False,4,21,4,2,-1.1433293906161948,low,Isolation Forest
2005-02-14 11:00:00,PT08.S2(NMHC),isolation_forest,2.0864763965389765,0.02843151784199993,0.0264442940400374,True,False,0,11,0,2,-0.7742821449335139,mid,Isolation Forest
2005-03-11 11:00:00,PT08.S2(NMHC),isolation_forest,2.8776826071794868,0.07773723585417736,0.0264442940400374,True,False,4,11,4,3,0.2310667309009821,mid,Isolation Forest
2004-03-12 04:00:00,PT08.S3(NOx),isolation_forest,4.153846775022901,0.06012832243711863,0.04587490798471114,True,False,4,4,4,3,-1.4201148248782056,low,Isolation Forest
2004-03-12 06:00:00,PT08.S3(NOx),isolation_forest,3.3448294371428777,0.05142815437663961,0.04587490798471114,True,False,4,6,4,3,-1.339385739885119,low,Isolation Forest
2004-03-22 03:00:00,PT08.S3(NOx),isolation_forest,3.842686260453661,0.08442428645047084,0.04587490798471114,True,False,0,3,0,3,-0.1745803706991574,mid,Isolation Forest
2004-03-22 04:00:00,PT08.S3(NOx),isolation_forest,3.6209843938230777,0.05350472490503233,0.04587490798471114,True,False,0,4,0,3,-0.2668421821198273,mid,Isolation Forest
2004-03-22 05:00:00,PT08.S3(NOx),isolation_forest,3.7376695867865424,0.07085636911965354,0.04587490798471114,True,False,0,5,0,3,-0.2207112764094923,mid,Isolation Forest
2004-03-23 05:00:00,PT08.S3(NOx),isolation_forest,4.212189371504633,0.07446933999167304,0.04587490798471114,True,False,1,5,1,3,-1.108731211333443,low,Isolation Forest
2004-03-25 05:00:00,PT08.S3(NOx),isolation_forest,4.317206045171751,0.08392867573978835,0.04587490798471114,True,False,3,5,3,3,-0.981871220630022,low,Isolation Forest
2004-03-25 06:00:00,PT08.S3(NOx),isolation_forest,3.029779416141523,0.05136951787031685,0.04587490798471114,True,False,3,6,3,3,-1.2471239284644489,low,Isolation Forest
2004-04-07 03:00:00,PT08.S3(NOx),isolation_forest,3.593757848798269,0.04738671217880008,0.04587490798471114,True,False,2,3,2,4,-0.2668421821198273,mid,Isolation Forest
2004-04-07 04:00:00,PT08.S3(NOx),isolation_forest,3.893249844071162,0.05548596276654205,0.04587490798471114,True,False,2,4,2,4,-0.3129730878301627,mid,Isolation Forest
2004-04-07 05:00:00,PT08.S3(NOx),isolation_forest,3.422619565785188,0.0585971868586197,0.04587490798471114,True,False,2,5,2,4,-0.3591039935404976,mid,Isolation Forest
2004-04-12 04:00:00,PT08.S3(NOx),isolation_forest,3.8776918183427,0.05122924769547832,0.04587490798471114,True,False,0,4,0,4,-0.5205621635266706,mid,Isolation Forest
2004-04-12 05:00:00,PT08.S3(NOx),isolation_forest,4.270531967986365,0.05500819747312913,0.04587490798471114,True,False,0,5,0,4,-0.5666930692370058,mid,Isolation Forest
2004-04-25 05:00:00,PT08.S3(NOx),isolation_forest,3.726001067490196,0.05228042425321877,0.04587490798471114,True,True,6,5,6,4,-0.6820203335128435,mid,Isolation Forest
2004-05-24 03:00:00,PT08.S3(NOx),isolation_forest,3.819349221860968,0.07934205926710158,0.04587490798471114,True,False,0,3,0,5,-0.3129730878301627,mid,Isolation Forest
2004-05-24 04:00:00,PT08.S3(NOx),isolation_forest,4.19663134577617,0.08436911469273978,0.04587490798471114,True,False,0,4,0,5,-0.2437767292646598,mid,Isolation Forest
2004-05-24 05:00:00,PT08.S3(NOx),isolation_forest,3.8037911961325057,0.06305775191840635,0.04587490798471114,True,False,0,5,0,5,-0.2668421821198273,mid,Isolation Forest
2004-06-14 03:00:00,PT08.S3(NOx),isolation_forest,4.340543083764444,0.0730151234580203,0.04587490798471114,True,False,0,3,0,6,0.0676068842801021,mid,Isolation Forest
2004-06-14 04:00:00,PT08.S3(NOx),isolation_forest,4.247194929393672,0.07253235878754638,0.04587490798471114,True,False,0,4,0,6,0.079139610707686,mid,Isolation Forest
2004-11-08 04:00:00,PT08.S3(NOx),isolation_forest,3.624873900255193,0.06727889107658125,0.04587490798471114,True,False,0,4,0,11,-0.8204130506438488,mid,Isolation Forest
2004-11-14 05:00:00,PT08.S3(NOx),isolation_forest,3.67932699030481,0.05487313327319787,0.04587490798471114,True,True,6,5,6,11,-1.028002126340357,low,Isolation Forest
2004-11-14 06:00:00,PT08.S3(NOx),isolation_forest,4.86951595853215,0.13763185807477651,0.04587490798471114,True,True,6,6,6,11,-0.970338494202438,low,Isolation Forest
2004-11-14 07:00:00,PT08.S3(NOx),isolation_forest,4.811173362050418,0.12535559084450754,0.04587490798471114,True,True,6,7,6,11,-0.9472730413472706,low,Isolation Forest
2004-11-14 08:00:00,PT08.S3(NOx),isolation_forest,4.4300017317031,0.11594428052534167,0.04587490798471114,True,True,6,8,6,11,-0.9011421356369356,low,Isolation Forest
2004-11-14 09:00:00,PT08.S3(NOx),isolation_forest,3.7648961318113514,0.09546571307058904,0.04587490798471114,True,True,6,9,6,11,-0.8896094092093517,mid,Isolation Forest
2004-11-14 10:00:00,PT08.S3(NOx),isolation_forest,3.2631498020684524,0.07268583138775608,0.04587490798471114,True,True,6,10,6,11,-0.8780766827817678,mid,Isolation Forest
2004-11-14 11:00:00,PT08.S3(NOx),isolation_forest,3.465404136538458,0.07078150403474359,0.04587490798471114,True,True,6,11,6,11,-0.8088803242162651,mid,Isolation Forest
2004-11-14 12:00:00,PT08.S3(NOx),isolation_forest,2.601933708608819,0.06300796926432795,0.04587490798471114,True,True,6,12,6,11,-0.6935530599404273,mid,Isolation Forest
2004-11-14 15:00:00,PT08.S3(NOx),isolation_forest,5.040654241545233,0.11089603225658806,0.04587490798471114,True,True,6,15,6,11,-0.9126748620645192,low,Isolation Forest
2004-11-14 16:00:00,PT08.S3(NOx),isolation_forest,4.535018405370218,0.07412076800775769,0.04587490798471114,True,True,6,16,6,11,-1.0164693999127732,low,Isolation Forest
2004-11-14 17:00:00,PT08.S3(NOx),isolation_forest,3.687106003169041,0.062177277646043416,0.04587490798471114,True,True,6,17,6,11,-1.1779275698989462,low,Isolation Forest
2004-11-14 19:00:00,PT08.S3(NOx),isolation_forest,3.784343663971928,0.08645856383130501,0.04587490798471114,True,True,6,19,6,11,-1.1548621170437785,low,Isolation Forest
2004-11-14 21:00:00,PT08.S3(NOx),isolation_forest,3.317602892118069,0.053753856356794416,0.04587490798471114,True,True,6,21,6,11,-0.970338494202438,low,Isolation Forest
2004-11-14 22:00:00,PT08.S3(NOx),isolation_forest,4.328874564468097,0.07743109716662921,0.04587490798471114,True,True,6,22,6,11,-0.9242075884921028,low,Isolation Forest
2004-11-15 08:00:00,PT08.S3(NOx),isolation_forest,0.1787712014008678,0.08177297194088151,0.04587490798471114,True,False,0,8,0,11,-0.8896094092093517,mid,Isolation Forest
2004-11-29 22:00:00,PT08.S3(NOx),isolation_forest,3.3992825271924945,0.08721376370542155,0.04587490798471114,True,False,0,22,0,11,-0.2437767292646598,mid,Isolation Forest
2004-11-30 02:00:00,PT08.S3(NOx),isolation_forest,2.660276305090551,0.07522491359217764,0.04587490798471114,True,False,1,2,1,11,-0.6012912485197572,mid,Isolation Forest
2004-12-01 01:00:00,PT08.S3(NOx),isolation_forest,4.181073320047709,0.11002407226918243,0.04587490798471114,True,False,2,1,2,12,-0.9588057677748544,low,Isolation Forest
2004-12-01 02:00:00,PT08.S3(NOx),isolation_forest,4.394996173814061,0.0666786332149939,0.04587490798471114,True,False,2,2,2,12,-1.074133032050692,low,Isolation Forest
2004-12-01 03:00:00,PT08.S3(NOx),isolation_forest,4.733383233408109,0.12311167578154969,0.04587490798471114,True,False,2,3,2,12,-1.1202639377610273,low,Isolation Forest
2004-12-01 04:00:00,PT08.S3(NOx),isolation_forest,4.807283855618302,0.1284806400123253,0.04587490798471114,True,False,2,4,2,12,-1.1433293906161948,low,Isolation Forest
2004-12-01 05:00:00,PT08.S3(NOx),isolation_forest,4.939527074310229,0.13946750632540983,0.04587490798471114,True,False,2,5,2,12,-1.1663948434713622,low,Isolation Forest
2004-12-01 06:00:00,PT08.S3(NOx),isolation_forest,4.605029521148297,0.1389966541455515,0.04587490798471114,True,False,2,6,2,12,-1.0971984849058596,low,Isolation Forest
2004-12-01 07:00:00,PT08.S3(NOx),isolation_forest,3.3992825271924945,0.10817265702441659,0.04587490798471114,True,False,2,7,2,12,-1.1202639377610273,low,Isolation Forest
2004-12-01 08:00:00,PT08.S3(NOx),isolation_forest,1.6956787099259094,0.09535276686822391,0.04587490798471114,True,False,2,8,2,12,-1.0856657584782758,low,Isolation Forest
2004-12-01 09:00:00,PT08.S3(NOx),isolation_forest,1.0850262000837774,0.06770794289732218,0.04587490798471114,True,False,2,9,2,12,-1.028002126340357,low,Isolation Forest
2004-12-01 11:00:00,PT08.S3(NOx),isolation_forest,2.142971949619191,0.04604558216977872,0.04587490798471114,True,False,2,11,2,12,-0.8550112299266003,mid,Isolation Forest
2004-12-02 05:00:00,PT08.S3(NOx),isolation_forest,4.939527074310229,0.04649566161778962,0.04587490798471114,True,False,3,5,3,12,-0.7396839656507624,mid,Isolation Forest
2004-12-02 06:00:00,PT08.S3(NOx),isolation_forest,3.274818321364799,0.05400702703250726,0.04587490798471114,True,False,3,6,3,12,-0.6935530599404273,mid,Isolation Forest
2004-12-02 07:00:00,PT08.S3(NOx),isolation_forest,-0.2218479611070277,0.10604361983138766,0.04587490798471114,True,False,3,7,3,12,-0.6820203335128435,mid,Isolation Forest
2004-12-02 08:00:00,PT08.S3(NOx),isolation_forest,-1.260346178481864,0.09679226839053301,0.04587490798471114,True,False,3,8,3,12,-0.6358894278025085,mid,Isolation Forest
2004-12-02 09:00:00,PT08.S3(NOx),isolation_forest,-1.482048045112447,0.06749740619655742,0.04587490798471114,True,False,3,9,3,12,-0.5897585220921733,mid,Isolation Forest
2004-12-02 10:00:00,PT08.S3(NOx),isolation_forest,-1.1669980241110922,0.0583597547198047,0.04587490798471114,True,False,3,10,3,12,-0.4744312578163354,mid,Isolation Forest
2004-12-02 11:00:00,PT08.S3(NOx),isolation_forest,-1.1203239469257062,0.06867030003428298,0.04587490798471114,True,False,3,11,3,12,-0.3475712671129139,mid,Isolation Forest
2004-12-02 12:00:00,PT08.S3(NOx),isolation_forest,-0.9958597410980105,0.059395873520483256,0.04587490798471114,True,False,3,12,3,12,-0.289907634974995,mid,Isolation Forest
2004-12-09 22:00:00,PT08.S3(NOx),isolation_forest,4.461117783160024,0.1264085895557856,0.04587490798471114,True,False,3,22,3,12,-0.705085786368011,mid,Isolation Forest
2004-12-09 23:00:00,PT08.S3(NOx),isolation_forest,3.515967720155959,0.05082904662118415,0.04587490798471114,True,False,3,23,3,12,-0.7396839656507624,mid,Isolation Forest
2004-12-10 03:00:00,PT08.S3(NOx),isolation_forest,4.885073984260613,0.14113309041749222,0.04587490798471114,True,False,4,3,4,12,-0.5320948899542544,mid,Isolation Forest
2004-12-10 04:00:00,PT08.S3(NOx),isolation_forest,5.857450592289485,0.11838179064113818,0.04587490798471114,True,False,4,4,4,12,-0.6012912485197572,mid,Isolation Forest
2004-12-10 05:00:00,PT08.S3(NOx),isolation_forest,6.744258058811817,0.1523059665902713,0.04587490798471114,True,False,4,5,4,12,-0.7396839656507624,mid,Isolation Forest
2004-12-10 06:00:00,PT08.S3(NOx),isolation_forest,5.713538854301213,0.1484837160575022,0.04587490798471114,True,False,4,6,4,12,-0.7742821449335139,mid,Isolation Forest
2004-12-10 07:00:00,PT08.S3(NOx),isolation_forest,7.226556856394138,0.17414936012415605,0.04587490798471114,True,False,4,7,4,12,-0.7973475977886814,mid,Isolation Forest
2004-12-10 08:00:00,PT08.S3(NOx),isolation_forest,5.841892566561024,0.1611303224591235,0.04587490798471114,True,False,4,8,4,12,-0.705085786368011,mid,Isolation Forest
2004-12-10 09:00:00,PT08.S3(NOx),isolation_forest,5.806887008671984,0.12037913213285056,0.04587490798471114,True,False,4,9,4,12,-0.6358894278025085,mid,Isolation Forest
2004-12-10 10:00:00,PT08.S3(NOx),isolation_forest,6.678136449465854,0.13892878772191708,0.04587490798471114,True,False,4,10,4,12,-0.4628985313887517,mid,Isolation Forest
2004-12-10 11:00:00,PT08.S3(NOx),isolation_forest,0.2371137978826002,0.11432379444341467,0.04587490798471114,True,False,4,11,4,12,-0.2553094556922438,mid,Isolation Forest
2004-12-10 12:00:00,PT08.S3(NOx),isolation_forest,0.3265724458212565,0.0724947528013562,0.04587490798471114,True,False,4,12,4,12,-0.1515149178439895,mid,Isolation Forest
2004-12-10 13:00:00,PT08.S3(NOx),isolation_forest,0.093202059894327,0.07100927188509099,0.04587490798471114,True,False,4,13,4,12,-0.0361876535681517,mid,Isolation Forest
2004-12-18 14:00:00,PT08.S3(NOx),isolation_forest,2.998663364684599,0.06127635216853722,0.04587490798471114,True,True,5,14,5,12,-0.4744312578163354,mid,Isolation Forest
2004-12-18 15:00:00,PT08.S3(NOx),isolation_forest,3.5237467330201904,0.06562304776250816,0.04587490798471114,True,True,5,15,5,12,-0.393702172823249,mid,Isolation Forest
2004-12-18 16:00:00,PT08.S3(NOx),isolation_forest,3.220365231315182,0.07992748253223858,0.04587490798471114,True,True,5,16,5,12,-0.4052348992508328,mid,Isolation Forest
2004-12-18 17:00:00,PT08.S3(NOx),isolation_forest,1.851258967210529,0.05712948716669153,0.04587490798471114,True,True,5,17,5,12,-0.6012912485197572,mid,Isolation Forest
2005-01-26 05:00:00,PT08.S3(NOx),isolation_forest,4.107172697837514,0.05296525586096734,0.04587490798471114,True,False,2,5,2,1,-1.812227523416054,low,Isolation Forest
2005-03-01 03:00:00,PT08.S3(NOx),isolation_forest,3.75711711894712,0.04813660377275286,0.04587490798471114,True,False,1,3,1,3,-2.112078410533232,low,Isolation Forest
2004-03-15 09:00:00,PT08.S4(NO2),isolation_forest,2.932026583989411,0.037893709649803986,0.029223274344074686,True,False,0,9,0,3,-0.4167676256784165,mid,Isolation Forest
2004-04-08 23:00:00,PT08.S4(NO2),isolation_forest,2.464433896659331,0.030560417703241582,0.029223274344074686,True,False,3,23,3,4,0.2407123846990768,mid,Isolation Forest
2004-04-09 03:00:00,PT08.S4(NO2),isolation_forest,2.4739955221380114,0.04490636250440705,0.029223274344074686,True,False,4,3,4,4,0.2695162646669563,mid,Isolation Forest
2004-04-09 04:00:00,PT08.S4(NO2),isolation_forest,2.429908735701473,0.059601846049963436,0.029223274344074686,True,False,4,4,4,4,0.2643571047084497,mid,Isolation Forest
2004-04-09 23:00:00,PT08.S4(NO2),isolation_forest,0.1553884570456314,0.04717677406406484,0.029223274344074686,True,False,4,23,4,4,-0.7396839656507624,mid,Isolation Forest
2004-04-10 04:00:00,PT08.S4(NO2),isolation_forest,-0.2818378181473257,0.029233486364997896,0.029223274344074686,True,True,5,4,5,4,-0.8780766827817678,mid,Isolation Forest
2004-05-10 07:00:00,PT08.S4(NO2),isolation_forest,2.4143908788759103,0.046946071622148144,0.029223274344074686,True,False,0,7,0,5,-0.4283003521060005,mid,Isolation Forest
2004-05-10 08:00:00,PT08.S4(NO2),isolation_forest,2.8114124391085955,0.040140125833311946,0.029223274344074686,True,False,0,8,0,5,-0.2783749085474112,mid,Isolation Forest
2004-05-18 08:00:00,PT08.S4(NO2),isolation_forest,2.7812589028883914,0.07196470469126237,0.029223274344074686,True,False,1,8,1,5,0.0445414314249346,mid,Isolation Forest
2004-05-25 19:00:00,PT08.S4(NO2),isolation_forest,2.7285491081284645,0.05771417466863127,0.029223274344074686,True,False,1,19,1,5,0.2754475168679101,mid,Isolation Forest
2004-05-25 21:00:00,PT08.S4(NO2),isolation_forest,2.7285491081284645,0.05774996551458711,0.029223274344074686,True,False,1,21,1,5,0.2815105306794696,mid,Isolation Forest
2004-05-25 22:00:00,PT08.S4(NO2),isolation_forest,2.7285491081284645,0.07334937996973856,0.029223274344074686,True,False,1,22,1,5,0.2799054146985187,mid,Isolation Forest
2004-05-25 23:00:00,PT08.S4(NO2),isolation_forest,2.7285491081284645,0.08257189784737495,0.029223274344074686,True,False,1,23,1,5,0.2822604060226328,mid,Isolation Forest
2004-05-26 00:00:00,PT08.S4(NO2),isolation_forest,2.763672407469597,0.07641231025570738,0.029223274344074686,True,False,2,0,2,5,0.2674177575464586,mid,Isolation Forest
2004-05-26 01:00:00,PT08.S4(NO2),isolation_forest,2.763672407469597,0.05774067938613492,0.029223274344074686,True,False,2,1,2,5,0.2674177575464586,mid,Isolation Forest
2004-05-26 02:00:00,PT08.S4(NO2),isolation_forest,2.763672407469597,0.054739847062359015,0.029223274344074686,True,False,2,2,2,5,0.2695769761937128,mid,Isolation Forest
2004-05-26 03:00:00,PT08.S4(NO2),isolation_forest,2.763672407469597,0.046231627693611665,0.029223274344074686,True,False,2,3,2,5,0.2697872668443623,mid,Isolation Forest
2004-06-08 08:00:00,PT08.S4(NO2),isolation_forest,3.135562953475788,0.03813670041763917,0.029223274344074686,True,False,1,8,1,6,0.3674577713972806,mid,Isolation Forest
2004-06-21 04:00:00,PT08.S4(NO2),isolation_forest,-0.3295809171626486,0.08130808497725606,0.029223274344074686,True,False,0,4,0,6,0.0560741578525182,mid,Isolation Forest
2004-07-31 00:00:00,PT08.S4(NO2),isolation_forest,2.743246135049596,0.030656080035983857,0.029223274344074686,True,True,5,0,5,7,0.3110601065738152,mid,Isolation Forest
2004-08-09 16:00:00,PT08.S4(NO2),isolation_forest,2.5846339457363414,0.030463307735852596,0.029223274344074686,True,False,0,16,0,8,0.3828787631566006,mid,Isolation Forest
2004-08-26 06:00:00,PT08.S4(NO2),isolation_forest,2.4848521939008887,0.05174656122876187,0.029223274344074686,True,False,3,6,3,8,0.3509537387932556,mid,Isolation Forest
2004-08-26 09:00:00,PT08.S4(NO2),isolation_forest,2.565430942994544,0.036542789051683844,0.029223274344074686,True,False,3,9,3,8,0.383365775186452,mid,Isolation Forest
2004-08-26 10:00:00,PT08.S4(NO2),isolation_forest,2.565430942994544,0.058872611647438844,0.029223274344074686,True,False,3,10,3,8,0.3818735034563203,mid,Isolation Forest
2004-08-26 11:00:00,PT08.S4(NO2),isolation_forest,2.553907423618724,0.0757352569043297,0.029223274344074686,True,False,3,11,3,8,0.4071407170213316,mid,Isolation Forest
2004-08-26 13:00:00,PT08.S4(NO2),isolation_forest,2.541171677119468,0.03138258608702649,0.029223274344074686,True,False,3,13,3,8,0.394874348984913,mid,Isolation Forest
2004-08-28 03:00:00,PT08.S4(NO2),isolation_forest,-0.3446576852727506,0.08223465239883387,0.029223274344074686,True,True,5,3,5,8,0.1598686957007724,mid,Isolation Forest
2004-08-28 04:00:00,PT08.S4(NO2),isolation_forest,-0.4426566779884134,0.0451422996969566,0.029223274344074686,True,True,5,4,5,8,0.1829341485559399,mid,Isolation Forest
2004-08-28 05:00:00,PT08.S4(NO2),isolation_forest,-0.6110139218845521,0.05849714439672726,0.029223274344074686,True,True,5,5,5,8,0.4712523092455344,mid,Isolation Forest
2004-08-28 06:00:00,PT08.S4(NO2),isolation_forest,-0.4903997770037363,0.055989029912599686,0.029223274344074686,True,True,5,6,5,8,0.125270516418021,mid,Isolation Forest
2004-08-28 07:00:00,PT08.S4(NO2),isolation_forest,-0.4225543205082774,0.051254508537415755,0.029223274344074686,True,True,5,7,5,8,0.136803242845605,mid,Isolation Forest
2004-08-28 08:00:00,PT08.S4(NO2),isolation_forest,-0.0380967337006771,0.04779254546022038,0.029223274344074686,True,True,5,8,5,8,0.2636632335490263,mid,Isolation Forest
2004-09-07 23:00:00,PT08.S4(NO2),isolation_forest,2.7798153955900893,0.07632430947797686,0.029223274344074686,True,False,1,23,1,9,0.333457600653081,mid,Isolation Forest
2004-09-08 00:00:00,PT08.S4(NO2),isolation_forest,2.7741849196088677,0.03334221785330005,0.029223274344074686,True,False,2,0,2,9,0.3160525298030412,mid,Isolation Forest
2004-09-08 01:00:00,PT08.S4(NO2),isolation_forest,2.7741849196088677,0.04510623025454763,0.029223274344074686,True,False,2,1,2,9,0.3160525298030412,mid,Isolation Forest
2004-09-08 02:00:00,PT08.S4(NO2),isolation_forest,2.7741849196088677,0.064927716553982,0.029223274344074686,True,False,2,2,2,9,0.3165210644117057,mid,Isolation Forest
2004-09-08 03:00:00,PT08.S4(NO2),isolation_forest,2.7741849196088677,0.07947936547535417,0.029223274344074686,True,False,2,3,2,9,0.3184220391009448,mid,Isolation Forest
2004-09-08 04:00:00,PT08.S4(NO2),isolation_forest,2.7741849196088677,0.08495957166459578,0.029223274344074686,True,False,2,4,2,9,0.3174548340895373,mid,Isolation Forest
2004-09-08 05:00:00,PT08.S4(NO2),isolation_forest,2.7741849196088677,0.0481376005438614,0.029223274344074686,True,False,2,5,2,9,0.3174548340895373,mid,Isolation Forest
2004-09-08 06:00:00,PT08.S4(NO2),isolation_forest,2.7741849196088677,0.035880882119195046,0.029223274344074686,True,False,2,6,2,9,0.3135772152719132,mid,Isolation Forest
2004-09-08 09:00:00,PT08.S4(NO2),isolation_forest,-0.3320937118476656,0.06299527692386864,0.029223274344074686,True,False,2,9,2,9,0.4943177621007019,mid,Isolation Forest
2004-09-08 10:00:00,PT08.S4(NO2),isolation_forest,2.7741849196088677,0.0595455218215204,0.029223274344074686,True,False,2,10,2,9,0.3592855159633909,mid,Isolation Forest
2004-09-08 15:00:00,PT08.S4(NO2),isolation_forest,2.7798153955900893,0.06354755692748182,0.029223274344074686,True,False,2,15,2,9,0.3484469686522501,mid,Isolation Forest
2004-09-08 18:00:00,PT08.S4(NO2),isolation_forest,-0.143634110471391,0.060741010897200964,0.029223274344074686,True,False,2,18,2,9,1.6129922255763285,high,Isolation Forest
2004-09-08 23:00:00,PT08.S4(NO2),isolation_forest,-0.3446576852727506,0.05237605800823297,0.029223274344074686,True,False,2,23,2,9,0.805701375645464,mid,Isolation Forest
2004-10-25 17:00:00,PT08.S4(NO2),isolation_forest,2.8717195115490037,0.029972859573038857,0.029223274344074686,True,False,0,17,0,10,0.3789904978248641,mid,Isolation Forest
2004-11-04 17:00:00,PT08.S4(NO2),isolation_forest,2.776233313518357,0.03384890581550559,0.029223274344074686,True,False,3,17,3,11,0.7365050170799615,mid,Isolation Forest
2004-11-20 00:00:00,PT08.S4(NO2),isolation_forest,-2.0005893826989505,0.05399849461472661,0.029223274344074686,True,True,5,0,5,11,-0.716618512795595,mid,Isolation Forest
2004-11-20 01:00:00,PT08.S4(NO2),isolation_forest,-1.9628974624236957,0.07897392631620292,0.029223274344074686,True,True,5,1,5,11,-0.7396839656507624,mid,Isolation Forest
2004-11-20 02:00:00,PT08.S4(NO2),isolation_forest,-1.9201799527784067,0.0890177825331091,0.029223274344074686,True,True,5,2,5,11,-0.8780766827817678,mid,Isolation Forest
2004-11-20 03:00:00,PT08.S4(NO2),isolation_forest,-1.9603846677386785,0.038120281600172445,0.029223274344074686,True,True,5,3,5,11,-0.9242075884921028,low,Isolation Forest
2004-11-20 04:00:00,PT08.S4(NO2),isolation_forest,-1.9101287740383384,0.0337366827440716,0.029223274344074686,True,True,5,4,5,11,-1.0049366734851894,low,Isolation Forest
2004-11-20 05:00:00,PT08.S4(NO2),isolation_forest,-2.013153356124036,0.03131693972872285,0.029223274344074686,True,True,5,5,5,11,-1.0856657584782758,low,Isolation Forest
2004-12-14 17:00:00,PT08.S4(NO2),isolation_forest,2.7628552584167547,0.0450334504403791,0.029223274344074686,True,False,1,17,1,12,0.2729002723757336,mid,Isolation Forest
2004-12-14 20:00:00,PT08.S4(NO2),isolation_forest,2.678980306724809,0.05105899464725927,0.029223274344074686,True,False,1,20,1,12,0.2642935335807952,mid,Isolation Forest
2004-12-14 21:00:00,PT08.S4(NO2),isolation_forest,2.625755806217634,0.0633122353903498,0.029223274344074686,True,False,1,21,1,12,0.2718846741183607,mid,Isolation Forest
2004-12-14 22:00:00,PT08.S4(NO2),isolation_forest,2.461693502651037,0.06168237961892098,0.029223274344074686,True,False,1,22,1,12,0.2745929361380219,mid,Isolation Forest
2004-12-14 23:00:00,PT08.S4(NO2),isolation_forest,2.444008851189859,0.0435000724526724,0.029223274344074686,True,False,1,23,1,12,0.2849279737218231,mid,Isolation Forest
2004-12-15 00:00:00,PT08.S4(NO2),isolation_forest,2.600069596876408,0.042323076729644526,0.029223274344074686,True,False,2,0,2,12,0.289362994745248,mid,Isolation Forest
2004-12-15 01:00:00,PT08.S4(NO2),isolation_forest,2.54184465948506,0.030660985701460475,0.029223274344074686,True,False,2,1,2,12,0.2938171530977593,mid,Isolation Forest
2004-12-17 20:00:00,PT08.S4(NO2),isolation_forest,0.1101581527153255,0.05596315976805588,0.029223274344074686,True,False,4,20,4,12,-0.5897585220921733,mid,Isolation Forest
2004-12-17 22:00:00,PT08.S4(NO2),isolation_forest,-0.4552206514134984,0.05266130842499206,0.029223274344074686,True,False,4,22,4,12,-0.6704876070852598,mid,Isolation Forest
2004-12-17 23:00:00,PT08.S4(NO2),isolation_forest,-0.668808199639943,0.058315636607466526,0.029223274344074686,True,False,4,23,4,12,-0.6704876070852598,mid,Isolation Forest
2004-12-18 00:00:00,PT08.S4(NO2),isolation_forest,-0.6989617358601469,0.061989536011065494,0.029223274344074686,True,True,5,0,5,12,-0.6358894278025085,mid,Isolation Forest
2004-12-18 01:00:00,PT08.S4(NO2),isolation_forest,-0.7441920401904528,0.06474489623383417,0.029223274344074686,True,True,5,1,5,12,-0.612823974947341,mid,Isolation Forest
2004-12-18 15:00:00,PT08.S4(NO2),isolation_forest,-2.0508452763992904,0.057860499259505316,0.029223274344074686,True,True,5,15,5,12,-0.393702172823249,mid,Isolation Forest
2004-12-18 16:00:00,PT08.S4(NO2),isolation_forest,-1.8799752378181347,0.059009270403495684,0.029223274344074686,True,True,5,16,5,12,-0.4052348992508328,mid,Isolation Forest
2004-12-18 17:00:00,PT08.S4(NO2),isolation_forest,-1.8447961122278969,0.03219363311415191,0.029223274344074686,True,True,5,17,5,12,-0.6012912485197572,mid,Isolation Forest
2004-12-24 19:00:00,PT08.S4(NO2),isolation_forest,2.800210380771581,0.044256454857201866,0.029223274344074686,True,False,4,19,4,12,0.2638263187879296,mid,Isolation Forest
2004-12-24 21:00:00,PT08.S4(NO2),isolation_forest,2.68892290034299,0.05038778534265853,0.029223274344074686,True,False,4,21,4,12,0.2693383095033836,mid,Isolation Forest
2004-12-24 22:00:00,PT08.S4(NO2),isolation_forest,2.6770460192145897,0.055973767833307875,0.029223274344074686,True,False,4,22,4,12,0.2803552519166967,mid,Isolation Forest
2004-12-24 23:00:00,PT08.S4(NO2),isolation_forest,2.6925172519200204,0.0720359085483977,0.029223274344074686,True,False,4,23,4,12,0.2760779488812588,mid,Isolation Forest
2005-01-02 21:00:00,PT08.S4(NO2),isolation_forest,2.513992268983483,0.090686683781381,0.029223274344074686,True,True,6,21,6,1,0.1940074031100126,mid,Isolation Forest
2005-01-02 22:00:00,PT08.S4(NO2),isolation_forest,2.5825248177756266,0.05067559494559848,0.029223274344074686,True,True,6,22,6,1,0.1936748095286507,mid,Isolation Forest
2005-01-02 23:00:00,PT08.S4(NO2),isolation_forest,2.5053600585311213,0.060345443379086205,0.029223274344074686,True,True,6,23,6,1,0.1947572784531758,mid,Isolation Forest
2005-01-03 00:00:00,PT08.S4(NO2),isolation_forest,2.522971092960512,0.06984812297955256,0.029223274344074686,True,False,0,0,0,1,0.1823782861352379,mid,Isolation Forest
2005-01-03 01:00:00,PT08.S4(NO2),isolation_forest,2.605884115437099,0.08559188795720307,0.029223274344074686,True,False,0,1,0,1,0.1781724731222488,mid,Isolation Forest
2005-01-03 02:00:00,PT08.S4(NO2),isolation_forest,2.522971092960512,0.09907390893691825,0.029223274344074686,True,False,0,2,0,1,0.1844910912602253,mid,Isolation Forest
2005-01-03 03:00:00,PT08.S4(NO2),isolation_forest,2.485758910342406,0.06338604041448792,0.029223274344074686,True,False,0,3,0,1,0.2289574452847921,mid,Isolation Forest
2005-01-03 04:00:00,PT08.S4(NO2),isolation_forest,2.7285491081284645,0.07328369815894697,0.029223274344074686,True,False,0,4,0,1,0.1838663784486725,mid,Isolation Forest
2005-01-03 05:00:00,PT08.S4(NO2),isolation_forest,2.463483009998741,0.0619841062704386,0.029223274344074686,True,False,0,5,0,1,0.1821591967125947,mid,Isolation Forest
2005-01-03 06:00:00,PT08.S4(NO2),isolation_forest,2.478152430532952,0.03820862335916653,0.029223274344074686,True,False,0,6,0,1,0.1840152976646659,mid,Isolation Forest
2005-01-05 01:00:00,PT08.S4(NO2),isolation_forest,-0.8246014701109967,0.09814830372950634,0.029223274344074686,True,False,2,1,2,1,-1.028002126340357,low,Isolation Forest
2005-01-05 02:00:00,PT08.S4(NO2),isolation_forest,-0.5959371537744501,0.07167946593964636,0.029223274344074686,True,False,2,2,2,1,-1.074133032050692,low,Isolation Forest
2005-01-05 03:00:00,PT08.S4(NO2),isolation_forest,-0.701474530545164,0.06330950272477232,0.029223274344074686,True,False,2,3,2,1,-1.18946029632653,low,Isolation Forest
2005-01-05 04:00:00,PT08.S4(NO2),isolation_forest,-0.7843967551507247,0.05974554175521141,0.029223274344074686,True,False,2,4,2,1,-1.2125257491816974,low,Isolation Forest
2005-01-05 05:00:00,PT08.S4(NO2),isolation_forest,-0.8271142647960137,0.06865245872469627,0.029223274344074686,True,False,2,5,2,1,-1.2471239284644489,low,Isolation Forest
2005-01-05 06:00:00,PT08.S4(NO2),isolation_forest,-0.7642943976705888,0.0750779567190405,0.029223274344074686,True,False,2,6,2,1,-1.2586566548920326,low,Isolation Forest
2005-01-28 17:00:00,PT08.S4(NO2),isolation_forest,2.4768052388512385,0.10679839561975035,0.029223274344074686,True,False,4,17,4,1,0.2070542222222725,mid,Isolation Forest
2005-01-28 18:00:00,PT08.S4(NO2),isolation_forest,2.459615661928832,0.06279222536992213,0.029223274344074686,True,False,4,18,4,1,0.2014973577696506,mid,Isolation Forest
2005-01-28 19:00:00,PT08.S4(NO2),isolation_forest,2.5127966056921998,0.05914526280089705,0.029223274344074686,True,False,4,19,4,1,0.189330195887461,mid,Isolation Forest
2005-01-28 20:00:00,PT08.S4(NO2),isolation_forest,2.48698095307008,0.06442778794015491,0.029223274344074686,True,False,4,20,4,1,0.199182180888808,mid,Isolation Forest
2005-01-28 21:00:00,PT08.S4(NO2),isolation_forest,2.4735329617882797,0.07934678998758238,0.029223274344074686,True,False,4,21,4,1,0.2014397258130919,mid,Isolation Forest
2005-01-28 22:00:00,PT08.S4(NO2),isolation_forest,2.45297049785947,0.10098041420444814,0.029223274344074686,True,False,4,22,4,1,0.1983122023079309,mid,Isolation Forest
2005-01-28 23:00:00,PT08.S4(NO2),isolation_forest,2.469113485979963,0.05824224941083023,0.029223274344074686,True,False,4,23,4,1,0.2053657378766813,mid,Isolation Forest
2005-01-29 00:00:00,PT08.S4(NO2),isolation_forest,2.469113485979963,0.057621940266543104,0.029223274344074686,True,True,5,0,5,1,0.1869197722997866,mid,Isolation Forest
2005-01-29 01:00:00,PT08.S4(NO2),isolation_forest,2.4739955221380114,0.059860278680218704,0.029223274344074686,True,True,5,1,5,1,0.2064996796173695,mid,Isolation Forest
2005-01-29 02:00:00,PT08.S4(NO2),isolation_forest,-1.89253921124322,0.09970994425528645,0.029223274344074686,True,True,5,2,5,1,-1.9044893348367244,low,Isolation Forest
2005-01-29 03:00:00,PT08.S4(NO2),isolation_forest,-1.8774624431331175,0.036124077900639984,0.029223274344074686,True,True,5,3,5,1,-1.9390875141194757,low,Isolation Forest
2005-01-29 04:00:00,PT08.S4(NO2),isolation_forest,-1.912641568723356,0.03442077265832599,0.029223274344074686,True,True,5,4,5,1,-1.9621529669746436,low,Isolation Forest
2005-01-29 05:00:00,PT08.S4(NO2),isolation_forest,-1.9201799527784067,0.04381731745233297,0.029223274344074686,True,True,5,5,5,1,-2.008283872684978,low,Isolation Forest
2005-01-29 06:00:00,PT08.S4(NO2),isolation_forest,-1.9176671580933893,0.06755033787869125,0.029223274344074686,True,True,5,6,5,1,-1.9621529669746436,low,Isolation Forest
2005-01-29 07:00:00,PT08.S4(NO2),isolation_forest,-1.8699240590780664,0.08742018061002976,0.029223274344074686,True,True,5,7,5,1,-1.9390875141194757,low,Isolation Forest
2005-01-29 08:00:00,PT08.S4(NO2),isolation_forest,-1.719156377977047,0.030188479785141054,0.029223274344074686,True,True,5,8,5,1,-1.9621529669746436,low,Isolation Forest
2005-02-08 17:00:00,PT08.S4(NO2),isolation_forest,2.463357247569437,0.10712165821174202,0.029223274344074686,True,False,1,17,1,2,0.2035322937624938,mid,Isolation Forest
2005-02-08 18:00:00,PT08.S4(NO2),isolation_forest,2.463357247569437,0.06058415219695046,0.029223274344074686,True,False,1,18,1,2,0.2021990598361483,mid,Isolation Forest
2005-02-08 19:00:00,PT08.S4(NO2),isolation_forest,2.4557685585426645,0.058510705010047404,0.029223274344074686,True,False,1,19,1,2,0.1843885855664987,mid,Isolation Forest
2005-02-08 20:00:00,PT08.S4(NO2),isolation_forest,2.4768052388512385,0.06030400444454298,0.029223274344074686,True,False,1,20,1,2,0.1873405735703854,mid,Isolation Forest
2005-02-08 21:00:00,PT08.S4(NO2),isolation_forest,2.4768052388512385,0.07464242434404378,0.029223274344074686,True,False,1,21,1,2,0.1914194642973653,mid,Isolation Forest
2005-02-08 22:00:00,PT08.S4(NO2),isolation_forest,2.45297049785947,0.10062669539768732,0.029223274344074686,True,False,1,22,1,2,0.1880266578165942,mid,Isolation Forest
2005-02-08 23:00:00,PT08.S4(NO2),isolation_forest,2.459412601616151,0.057941029273312794,0.029223274344074686,True,False,1,23,1,2,0.1953791316638306,mid,Isolation Forest
2005-02-09 00:00:00,PT08.S4(NO2),isolation_forest,2.4727170396859663,0.05728980125799388,0.029223274344074686,True,False,2,0,2,2,0.1857754920020058,mid,Isolation Forest
2005-02-09 01:00:00,PT08.S4(NO2),isolation_forest,2.469925113755421,0.05751559642125814,0.029223274344074686,True,False,2,1,2,2,0.1873553115134748,mid,Isolation Forest
2005-02-09 02:00:00,PT08.S4(NO2),isolation_forest,2.4626953077586133,0.05944189045804571,0.029223274344074686,True,False,2,2,2,2,0.2202675580945131,mid,Isolation Forest
2005-02-09 03:00:00,PT08.S4(NO2),isolation_forest,2.462204527546696,0.03740600408186423,0.029223274344074686,True,False,2,3,2,2,0.2248902129307038,mid,Isolation Forest
2005-02-09 04:00:00,PT08.S4(NO2),isolation_forest,2.763672407469597,0.029705291941889866,0.029223274344074686,True,False,2,4,2,2,0.2091778058429522,mid,Isolation Forest
2005-02-11 21:00:00,PT08.S4(NO2),isolation_forest,-0.2466586925570877,0.08830968844310372,0.029223274344074686,True,False,4,21,4,2,-1.1433293906161948,low,Isolation Forest
2005-02-11 22:00:00,PT08.S4(NO2),isolation_forest,-0.5783475909793312,0.07241259717586768,0.029223274344074686,True,False,4,22,4,2,-1.1663948434713622,low,Isolation Forest
2005-02-11 23:00:00,PT08.S4(NO2),isolation_forest,-0.5507068494441442,0.07042748337289328,0.029223274344074686,True,False,4,23,4,2,-1.3047875606023678,low,Isolation Forest
2005-02-12 00:00:00,PT08.S4(NO2),isolation_forest,-0.4652718301535664,0.0590160885588531,0.029223274344074686,True,True,5,0,5,2,-1.4547130041609568,low,Isolation Forest
2005-02-12 01:00:00,PT08.S4(NO2),isolation_forest,-0.5632708228692291,0.054899289038367494,0.029223274344074686,True,True,5,1,5,2,-1.5123766362988758,low,Isolation Forest
2005-02-12 02:00:00,PT08.S4(NO2),isolation_forest,-0.8145502913709287,0.07439615716009507,0.029223274344074686,True,True,5,2,5,2,-1.5469748155816272,low,Isolation Forest
2005-02-12 03:00:00,PT08.S4(NO2),isolation_forest,-1.123624037628019,0.038197455852524764,0.029223274344074686,True,True,5,3,5,2,-1.5469748155816272,low,Isolation Forest
2005-02-12 05:00:00,PT08.S4(NO2),isolation_forest,-1.0331634289674072,0.032696984434570364,0.029223274344074686,True,True,5,5,5,2,-1.650769353429881,low,Isolation Forest
2005-03-11 11:00:00,PT08.S4(NO2),isolation_forest,2.522971092960512,0.09948875674332014,0.029223274344074686,True,False,4,11,4,3,0.2310667309009821,mid,Isolation Forest
2004-03-15 09:00:00,PT08.S5(O3),isolation_forest,2.7020426895382923,0.054180415230281276,0.020116552232425877,True,False,0,9,0,3,-0.4167676256784165,mid,Isolation Forest
2004-03-17 19:00:00,PT08.S5(O3),isolation_forest,2.993505473846482,0.044555232741044115,0.020116552232425877,True,False,2,19,2,3,0.5404486678110373,mid,Isolation Forest
2004-03-17 20:00:00,PT08.S5(O3),isolation_forest,3.12012455227545,0.02366788561863542,0.020116552232425877,True,False,2,20,2,3,0.2405977806938588,mid,Isolation Forest
2004-04-08 23:00:00,PT08.S5(O3),isolation_forest,1.9895388651344108,0.026493429608482444,0.020116552232425877,True,False,3,23,3,4,0.2407123846990768,mid,Isolation Forest
2004-04-09 03:00:00,PT08.S5(O3),isolation_forest,2.379610467917386,0.05843667604314562,0.020116552232425877,True,False,4,3,4,4,0.2695162646669563,mid,Isolation Forest
2004-04-09 04:00:00,PT08.S5(O3),isolation_forest,2.078217364476898,0.03439476044031886,0.020116552232425877,True,False,4,4,4,4,0.2643571047084497,mid,Isolation Forest
2004-04-13 07:00:00,PT08.S5(O3),isolation_forest,0.8266469052601849,0.028374686143793126,0.020116552232425877,True,False,1,7,1,4,-0.8550112299266003,mid,Isolation Forest
2004-04-27 07:00:00,PT08.S5(O3),isolation_forest,1.5529148268150188,0.0382168231521004,0.020116552232425877,True,False,1,7,1,4,-0.289907634974995,mid,Isolation Forest
2004-04-28 09:00:00,PT08.S5(O3),isolation_forest,2.520475709149584,0.08263411893986461,0.020116552232425877,True,False,2,9,2,4,0.1022050635628535,mid,Isolation Forest
2004-04-28 10:00:00,PT08.S5(O3),isolation_forest,1.8013749052416723,0.030118898567270347,0.020116552232425877,True,False,2,10,2,4,0.6673086585144586,mid,Isolation Forest
2004-05-18 08:00:00,PT08.S5(O3),isolation_forest,2.391467591504975,0.0837929698965173,0.020116552232425877,True,False,1,8,1,5,0.0445414314249346,mid,Isolation Forest
2004-05-19 08:00:00,PT08.S5(O3),isolation_forest,2.3054621797419026,0.023053620700249522,0.020116552232425877,True,False,2,8,2,5,0.0214759785697671,mid,Isolation Forest
2004-05-26 06:00:00,PT08.S5(O3),isolation_forest,1.8048041913911743,0.02690060093794233,0.020116552232425877,True,False,2,6,2,5,0.2625689742700298,mid,Isolation Forest
2004-06-03 09:00:00,PT08.S5(O3),isolation_forest,2.745045395419828,0.11732266322627005,0.020116552232425877,True,False,3,9,3,6,0.4827850356731184,mid,Isolation Forest
2004-06-03 10:00:00,PT08.S5(O3),isolation_forest,2.1358403954313987,0.05942814002983765,0.020116552232425877,True,False,3,10,3,6,1.024823177769556,high,Isolation Forest
2004-06-09 08:00:00,PT08.S5(O3),isolation_forest,2.6136482385595787,0.04986775076651262,0.020116552232425877,True,False,2,8,2,6,0.5750468470937883,mid,Isolation Forest
2004-06-21 04:00:00,PT08.S5(O3),isolation_forest,-1.4023266829327756,0.08671746117636792,0.020116552232425877,True,False,0,4,0,6,0.0560741578525182,mid,Isolation Forest
2004-06-21 05:00:00,PT08.S5(O3),isolation_forest,-1.060694075096127,0.04814224365158948,0.020116552232425877,True,False,0,5,0,6,-0.0246549271405681,mid,Isolation Forest
2004-07-06 18:00:00,PT08.S5(O3),isolation_forest,3.3972531012897944,0.09032926476385061,0.020116552232425877,True,False,1,18,1,7,2.2472921790934364,high,Isolation Forest
2004-08-28 03:00:00,PT08.S5(O3),isolation_forest,-0.6139437417712784,0.030948810545278427,0.020116552232425877,True,True,5,3,5,8,0.1598686957007724,mid,Isolation Forest
2004-09-07 23:00:00,PT08.S5(O3),isolation_forest,1.948362642725477,0.046729788555512464,0.020116552232425877,True,False,1,23,1,9,0.333457600653081,mid,Isolation Forest
2004-09-09 18:00:00,PT08.S5(O3),isolation_forest,3.0293410620810954,0.07613743608927026,0.020116552232425877,True,False,3,18,3,9,1.935908565548675,high,Isolation Forest
2004-09-28 10:00:00,PT08.S5(O3),isolation_forest,2.826272728751619,0.10983730169230854,0.020116552232425877,True,False,1,10,1,9,0.2982614128317777,mid,Isolation Forest
2004-09-28 11:00:00,PT08.S5(O3),isolation_forest,2.6877084542444467,0.09600912080451962,0.020116552232425877,True,False,1,11,1,9,0.7019068377972101,mid,Isolation Forest
2004-09-28 12:00:00,PT08.S5(O3),isolation_forest,2.025944591511917,0.06623198144976139,0.020116552232425877,True,False,1,12,1,9,0.9210286399213016,high,Isolation Forest
2004-09-28 13:00:00,PT08.S5(O3),isolation_forest,1.6484763954406547,0.02703227295781796,0.020116552232425877,True,False,1,13,1,9,0.7826359227902965,mid,Isolation Forest
2004-10-24 19:00:00,PT08.S5(O3),isolation_forest,2.704431728753933,0.05195126583162779,0.020116552232425877,True,True,6,19,6,10,0.3789904978248641,mid,Isolation Forest
2004-10-25 17:00:00,PT08.S5(O3),isolation_forest,2.654261905225474,0.025451148800440304,0.020116552232425877,True,False,0,17,0,10,0.3789904978248641,mid,Isolation Forest
2004-11-01 00:00:00,PT08.S5(O3),isolation_forest,2.620815356206501,0.06302592240799099,0.020116552232425877,True,False,0,0,0,11,0.1944668749835238,mid,Isolation Forest
2004-11-01 01:00:00,PT08.S5(O3),isolation_forest,3.502370826777994,0.08784815203456975,0.020116552232425877,True,False,0,1,0,11,0.1944668749835238,mid,Isolation Forest
2004-11-01 02:00:00,PT08.S5(O3),isolation_forest,2.0832815326872987,0.050239275830008645,0.020116552232425877,True,False,0,2,0,11,0.136803242845605,mid,Isolation Forest
2004-11-02 14:00:00,PT08.S5(O3),isolation_forest,2.3556320032703617,0.0543214401834754,0.020116552232425877,True,False,1,14,1,11,0.8172341020730479,mid,Isolation Forest
2004-11-14 11:00:00,PT08.S5(O3),isolation_forest,-1.7965181535135244,0.021196286385981367,0.020116552232425877,True,True,6,11,6,11,-0.8088803242162651,mid,Isolation Forest
2004-11-14 12:00:00,PT08.S5(O3),isolation_forest,-1.7296250554755792,0.021715592346946533,0.020116552232425877,True,True,6,12,6,11,-0.6935530599404273,mid,Isolation Forest
2004-11-17 17:00:00,PT08.S5(O3),isolation_forest,2.632760552284706,0.03105592505014232,0.020116552232425877,True,False,2,17,2,11,-0.2783749085474112,mid,Isolation Forest
2004-11-17 18:00:00,PT08.S5(O3),isolation_forest,3.342305199330053,0.0701117377162237,0.020116552232425877,True,False,2,18,2,11,-0.5436276163818383,mid,Isolation Forest
2004-11-22 09:00:00,PT08.S5(O3),isolation_forest,3.0890670424721183,0.10404203726133043,0.020116552232425877,True,False,0,9,0,11,-1.500843909871292,low,Isolation Forest
2004-11-22 10:00:00,PT08.S5(O3),isolation_forest,3.0054506699246866,0.0931368527151416,0.020116552232425877,True,False,0,10,0,11,-1.408582098450622,low,Isolation Forest
2004-11-22 11:00:00,PT08.S5(O3),isolation_forest,1.7798735523009044,0.04585635502579721,0.020116552232425877,True,False,0,11,0,11,-1.339385739885119,low,Isolation Forest
2004-11-22 15:00:00,PT08.S5(O3),isolation_forest,1.906492630729872,0.05823107658667315,0.020116552232425877,True,False,0,15,0,11,-1.1663948434713622,low,Isolation Forest
2004-11-22 18:00:00,PT08.S5(O3),isolation_forest,3.2993024934485176,0.04102546976765675,0.020116552232425877,True,False,0,18,0,11,-1.0971984849058596,low,Isolation Forest
2004-11-22 19:00:00,PT08.S5(O3),isolation_forest,3.4928146699154303,0.05179607193662372,0.020116552232425877,True,False,0,19,0,11,-1.074133032050692,low,Isolation Forest
2004-11-22 20:00:00,PT08.S5(O3),isolation_forest,3.509537944424917,0.055778846248725755,0.020116552232425877,True,False,0,20,0,11,-1.0971984849058596,low,Isolation Forest
2004-11-22 21:00:00,PT08.S5(O3),isolation_forest,3.060398571884427,0.04605625887480991,0.020116552232425877,True,False,0,21,0,11,-1.1433293906161948,low,Isolation Forest
2004-11-22 22:00:00,PT08.S5(O3),isolation_forest,2.737878277772906,0.02534788019585099,0.020116552232425877,True,False,0,22,0,11,-1.1433293906161948,low,Isolation Forest
2004-11-26 14:00:00,PT08.S5(O3),isolation_forest,2.4010237483675385,0.020228160615578528,0.020116552232425877,True,False,4,14,4,11,-0.3014403614025787,mid,Isolation Forest
2004-11-26 16:00:00,PT08.S5(O3),isolation_forest,2.4965853169931744,0.02355971613959884,0.020116552232425877,True,False,4,16,4,11,-0.3129730878301627,mid,Isolation Forest
2004-11-26 18:00:00,PT08.S5(O3),isolation_forest,3.373362709133385,0.03583589397692555,0.020116552232425877,True,False,4,18,4,11,-0.3360385406853302,mid,Isolation Forest
2004-11-26 19:00:00,PT08.S5(O3),isolation_forest,2.491807238561893,0.02117117490483067,0.020116552232425877,True,False,4,19,4,11,-0.3245058142577464,mid,Isolation Forest
2004-11-26 21:00:00,PT08.S5(O3),isolation_forest,2.821494650320337,0.027626808414549564,0.020116552232425877,True,False,4,21,4,11,-0.4398330785335842,mid,Isolation Forest
2004-11-26 22:00:00,PT08.S5(O3),isolation_forest,2.3771333562111296,0.022149607849667796,0.020116552232425877,True,False,4,22,4,11,-0.5320948899542544,mid,Isolation Forest
2004-11-26 23:00:00,PT08.S5(O3),isolation_forest,2.367577199348566,0.025704428690746184,0.020116552232425877,True,False,4,23,4,11,-0.5782257956645895,mid,Isolation Forest
2004-11-29 11:00:00,PT08.S5(O3),isolation_forest,2.733100199341624,0.07287274614839068,0.020116552232425877,True,False,0,11,0,11,-0.4052348992508328,mid,Isolation Forest
2004-11-29 12:00:00,PT08.S5(O3),isolation_forest,2.3532429640547208,0.05459388813645827,0.020116552232425877,True,False,0,12,0,11,-0.3591039935404976,mid,Isolation Forest
2004-12-13 15:00:00,PT08.S5(O3),isolation_forest,2.876442552280078,0.06944504379691863,0.020116552232425877,True,False,0,15,0,12,-0.2783749085474112,mid,Isolation Forest
2004-12-13 16:00:00,PT08.S5(O3),isolation_forest,2.51091955228702,0.020125719937126307,0.020116552232425877,True,False,0,16,0,12,-0.2783749085474112,mid,Isolation Forest
2004-12-13 18:00:00,PT08.S5(O3),isolation_forest,3.5119269836405573,0.05890116222717123,0.020116552232425877,True,False,0,18,0,12,-0.6704876070852598,mid,Isolation Forest
2004-12-15 03:00:00,PT08.S5(O3),isolation_forest,2.308987704043402,0.026321724635888444,0.020116552232425877,True,False,2,3,2,12,0.3272412682395312,mid,Isolation Forest
2004-12-15 04:00:00,PT08.S5(O3),isolation_forest,2.196891546012347,0.020236248442320637,0.020116552232425877,True,False,2,4,2,12,0.3329701486846299,mid,Isolation Forest
2004-12-15 05:00:00,PT08.S5(O3),isolation_forest,2.219093687678113,0.02024206708085452,0.020116552232425877,True,False,2,5,2,12,0.3283459540633404,mid,Isolation Forest
2004-12-23 18:00:00,PT08.S5(O3),isolation_forest,2.831050807182901,0.027333498177735338,0.020116552232425877,True,False,3,18,3,12,-1.2009930227541137,low,Isolation Forest
2004-12-23 19:00:00,PT08.S5(O3),isolation_forest,3.4091982973679986,0.0633129979161351,0.020116552232425877,True,False,3,19,3,12,-1.3047875606023678,low,Isolation Forest
2004-12-23 20:00:00,PT08.S5(O3),isolation_forest,3.2539107483513403,0.0433599224889476,0.020116552232425877,True,False,3,20,3,12,-1.408582098450622,low,Isolation Forest
2004-12-23 21:00:00,PT08.S5(O3),isolation_forest,2.694875571891369,0.046339792873987595,0.020116552232425877,True,False,3,21,3,12,-1.397049372023038,low,Isolation Forest
2004-12-23 23:00:00,PT08.S5(O3),isolation_forest,2.360410081701643,0.023064151246871556,0.020116552232425877,True,False,3,23,3,12,-1.4201148248782056,low,Isolation Forest
2004-12-24 00:00:00,PT08.S5(O3),isolation_forest,2.4034127875831794,0.02788687602205764,0.020116552232425877,True,False,4,0,4,12,-1.4316475513057894,low,Isolation Forest
2004-12-24 01:00:00,PT08.S5(O3),isolation_forest,2.3006841013106207,0.028177488688066243,0.020116552232425877,True,False,4,1,4,12,-1.5354420891540437,low,Isolation Forest
2004-12-24 19:00:00,PT08.S5(O3),isolation_forest,1.8386336516027908,0.020669388383526277,0.020116552232425877,True,False,4,19,4,12,0.2638263187879296,mid,Isolation Forest
2004-12-26 03:00:00,PT08.S5(O3),isolation_forest,-1.2350939378379129,0.0428755793035871,0.020116552232425877,True,True,6,3,6,12,-0.7742821449335139,mid,Isolation Forest
2004-12-26 04:00:00,PT08.S5(O3),isolation_forest,-1.3903814868545712,0.046422833011605213,0.020116552232425877,True,True,6,4,6,12,-0.8780766827817678,mid,Isolation Forest
2004-12-26 05:00:00,PT08.S5(O3),isolation_forest,-1.44055131038303,0.04022882317291532,0.020116552232425877,True,True,6,5,6,12,-0.8896094092093517,mid,Isolation Forest
2004-12-26 06:00:00,PT08.S5(O3),isolation_forest,-1.4692197809707208,0.02547449625719722,0.020116552232425877,True,True,6,6,6,12,-0.866543956354184,mid,Isolation Forest
2005-01-17 18:00:00,PT08.S5(O3),isolation_forest,3.0532314542375047,0.07474998872823269,0.020116552232425877,True,False,0,18,0,1,-1.0626003056231084,low,Isolation Forest
2005-01-17 19:00:00,PT08.S5(O3),isolation_forest,3.0078397091403275,0.03960247266242234,0.020116552232425877,True,False,0,19,0,1,-1.2240584756092812,low,Isolation Forest
2005-01-21 13:00:00,PT08.S5(O3),isolation_forest,2.728322120910342,0.034550180992699464,0.020116552232425877,True,False,4,13,4,1,-0.8434785034990165,mid,Isolation Forest
2005-01-21 20:00:00,PT08.S5(O3),isolation_forest,2.8692754346331557,0.03664026830002354,0.020116552232425877,True,False,4,20,4,1,-0.9242075884921028,low,Isolation Forest
2005-01-28 17:00:00,PT08.S5(O3),isolation_forest,1.605609006233442,0.024365827372379245,0.020116552232425877,True,False,4,17,4,1,0.2070542222222725,mid,Isolation Forest
2005-01-28 22:00:00,PT08.S5(O3),isolation_forest,1.6583658862660453,0.04366749291658101,0.020116552232425877,True,False,4,22,4,1,0.1983122023079309,mid,Isolation Forest
2005-01-29 02:00:00,PT08.S5(O3),isolation_forest,-1.6173402123404568,0.0792972297964819,0.020116552232425877,True,True,5,2,5,1,-1.9044893348367244,low,Isolation Forest
2005-01-29 06:00:00,PT08.S5(O3),isolation_forest,-1.7176798593973746,0.037899399183253024,0.020116552232425877,True,True,5,6,5,1,-1.9621529669746436,low,Isolation Forest
2005-01-29 07:00:00,PT08.S5(O3),isolation_forest,-1.5719484672432795,0.054739050918605314,0.020116552232425877,True,True,5,7,5,1,-1.9390875141194757,low,Isolation Forest
2005-01-31 09:00:00,PT08.S5(O3),isolation_forest,0.993879650355048,0.03234562248453743,0.020116552232425877,True,False,0,9,0,1,-1.61617117414713,low,Isolation Forest
2005-01-31 10:00:00,PT08.S5(O3),isolation_forest,1.4669094150519464,0.039051833150751114,0.020116552232425877,True,False,0,10,0,1,-1.3624511927402867,low,Isolation Forest
2005-01-31 19:00:00,PT08.S5(O3),isolation_forest,2.690097493460088,0.030943553587855388,0.020116552232425877,True,False,0,19,0,1,-1.131796664188611,low,Isolation Forest
2005-01-31 20:00:00,PT08.S5(O3),isolation_forest,2.77371386600752,0.05216057871592339,0.020116552232425877,True,False,0,20,0,1,-1.2817221077472,low,Isolation Forest
2005-02-08 22:00:00,PT08.S5(O3),isolation_forest,1.6023439082038624,0.023571030675828886,0.020116552232425877,True,False,1,22,1,2,0.1880266578165942,mid,Isolation Forest
2005-03-21 09:00:00,PT08.S5(O3),isolation_forest,2.0713363366090944,0.023042904944618692,0.020116552232425877,True,False,0,9,0,3,-0.4283003521060005,mid,Isolation Forest
