timestamp,stream,method,value,baseline,residual,score,direction,threshold,is_anomaly,is_weekend,dayofweek,hour,weekday,month,temperature,temp_bucket,detector
2004-03-11 19:00:00,CO(GT),residual_mad,3.350488587569169,-0.21355137867950105,3.5640399662486697,5.733250000000001,1.0,4.38425,True,False,3,19,3,3,-1.0049366734851894,low,Residual (MAD)
2004-03-11 20:00:00,CO(GT),residual_mad,2.791423494824279,-0.21355137867950105,3.00497487350378,4.833916666666666,1.0,4.38425,True,False,3,20,3,3,-1.0164693999127732,low,Residual (MAD)
2004-03-12 20:00:00,CO(GT),residual_mad,3.1408391777898346,0.4153968506584996,2.725442327131335,4.38425,1.0,4.38425,True,False,4,20,4,3,-0.6358894278025085,mid,Residual (MAD)
2004-03-15 09:00:00,CO(GT),residual_mad,4.189086226686502,0.3804552823619438,3.808630944324558,6.126708333333333,1.0,4.38425,True,False,0,9,0,3,-0.4167676256784165,mid,Residual (MAD)
2004-03-15 19:00:00,CO(GT),residual_mad,4.119203090093391,0.5202215555481661,3.598981534545225,5.789458333333335,1.0,4.38425,True,False,0,19,0,3,0.2290650542662749,mid,Residual (MAD)
2004-03-17 09:00:00,CO(GT),residual_mad,3.1408391777898346,0.3105721457688327,2.830267032021002,4.552875,1.0,4.38425,True,False,2,9,2,3,-0.4974967106715031,mid,Residual (MAD)
2004-03-17 19:00:00,CO(GT),residual_mad,3.8396705437209455,0.3455137140653883,3.4941568296555574,5.620833333333332,1.0,4.38425,True,False,2,19,2,3,0.5404486678110373,mid,Residual (MAD)
2004-03-17 20:00:00,CO(GT),residual_mad,3.2107223143829464,0.3455137140653883,2.8652086003175583,4.609083333333334,1.0,4.38425,True,False,2,20,2,3,0.2405977806938588,mid,Residual (MAD)
2004-03-18 09:00:00,CO(GT),residual_mad,3.1408391777898346,0.24068900917572145,2.900150168614113,4.665291666666667,1.0,4.38425,True,False,3,9,3,3,-0.4744312578163354,mid,Residual (MAD)
2004-04-01 08:00:00,CO(GT),residual_mad,2.8613066314173903,-0.2834345152726122,3.1447411466900026,5.058750000000001,1.0,4.38425,True,False,3,8,3,4,-0.7512166920783462,mid,Residual (MAD)
2004-04-06 08:00:00,CO(GT),residual_mad,2.8613066314173903,-0.1087266737898343,2.9700333052072247,4.777708333333334,1.0,4.38425,True,False,1,8,1,4,-0.2553094556922438,mid,Residual (MAD)
2004-04-08 19:00:00,CO(GT),residual_mad,2.931189768010501,0.2057474408791658,2.725442327131335,4.38425,1.0,4.38425,True,False,3,19,3,4,-0.0477203799957356,mid,Residual (MAD)
2004-04-21 08:00:00,CO(GT),residual_mad,2.8380704565102195,4.389284633439863e-05,2.838026563663885,4.565357277194659,1.0,4.38425,True,False,2,8,2,4,-0.5090294370990869,mid,Residual (MAD)
2004-04-29 08:00:00,CO(GT),residual_mad,3.560137997348502,0.20574744087916605,3.354390556469336,5.396,1.0,4.38425,True,False,3,8,3,4,-0.2668421821198273,mid,Residual (MAD)
2004-05-11 19:00:00,CO(GT),residual_mad,2.931189768010501,0.20574744087916585,2.725442327131335,4.38425,1.0,4.38425,True,False,1,19,1,5,0.5404486678110373,mid,Residual (MAD)
2004-05-18 08:00:00,CO(GT),residual_mad,3.070956041196724,-0.1087266737898343,3.1796827149865585,5.114958333333335,1.0,4.38425,True,False,1,8,1,5,0.0445414314249346,mid,Residual (MAD)
2004-05-19 08:00:00,CO(GT),residual_mad,2.8613066314173903,0.031039599396388097,2.8302670320210024,4.552875000000001,1.0,4.38425,True,False,2,8,2,5,0.0214759785697671,mid,Residual (MAD)
2004-07-20 08:00:00,CO(GT),residual_mad,2.912324488136521,0.03265240994590385,2.879672078190617,4.6323498329520225,1.0,4.38425,True,False,1,8,1,7,0.9902249984868046,high,Residual (MAD)
2004-09-05 00:00:00,CO(GT),residual_mad,2.581774085044945,-0.3533176518657233,2.9350917369106684,4.7215,1.0,4.38425,True,True,6,0,6,9,1.1055522627626424,high,Residual (MAD)
2004-09-20 19:00:00,CO(GT),residual_mad,3.070956041196724,0.3455137140653883,2.725442327131336,4.384250000000001,1.0,4.38425,True,False,0,19,0,9,1.1170849891902264,high,Residual (MAD)
2004-09-21 08:00:00,CO(GT),residual_mad,3.630021133941613,0.5202215555481662,3.1097995783934467,5.002541666666667,1.0,4.38425,True,False,1,8,1,9,0.136803242845605,mid,Residual (MAD)
2004-09-28 18:00:00,CO(GT),residual_mad,3.2107223143829464,0.4852799872516106,2.725442327131336,4.384250000000001,1.0,4.38425,True,False,1,18,1,9,0.7249722906523776,mid,Residual (MAD)
2004-09-28 19:00:00,CO(GT),residual_mad,3.769787407127835,0.4852799872516106,3.2845074198762245,5.2835833333333335,1.0,4.38425,True,False,1,19,1,9,0.5289159413834533,mid,Residual (MAD)
2004-09-30 17:00:00,CO(GT),residual_mad,3.070956041196724,-0.0388435371967231,3.109799578393447,5.0025416666666676,1.0,4.38425,True,False,3,17,3,9,0.805701375645464,mid,Residual (MAD)
2004-09-30 18:00:00,CO(GT),residual_mad,2.931189768010501,-0.0388435371967231,2.970033305207224,4.777708333333333,1.0,4.38425,True,False,3,18,3,9,0.713439564224794,mid,Residual (MAD)
2004-10-04 18:00:00,CO(GT),residual_mad,3.1179143051926794,0.37900022230863983,2.7389140828840395,4.405921177764734,1.0,4.38425,True,False,0,18,0,10,0.8748977342109667,high,Residual (MAD)
2004-10-07 20:00:00,CO(GT),residual_mad,3.42037172416228,0.4992619162398456,2.9211098079224347,4.699008138199649,1.0,4.38425,True,False,3,20,3,10,0.5519813942386208,mid,Residual (MAD)
2004-10-22 18:00:00,CO(GT),residual_mad,4.398735636465836,0.34551371406538833,4.053221922400447,6.520166666666666,1.0,4.38425,True,False,4,18,4,10,0.6788413849420426,mid,Residual (MAD)
2004-10-22 19:00:00,CO(GT),residual_mad,3.280605450976057,0.34551371406538833,2.9350917369106684,4.7215,1.0,4.38425,True,False,4,19,4,10,0.5635141206662048,mid,Residual (MAD)
2004-10-25 17:00:00,CO(GT),residual_mad,4.04931995350028,0.9744619434033888,3.074858010096891,4.946333333333334,1.0,4.38425,True,False,0,17,0,10,0.3789904978248641,mid,Residual (MAD)
2004-10-25 18:00:00,CO(GT),residual_mad,4.398735636465836,0.9744619434033888,3.424273693062447,5.508416666666667,1.0,4.38425,True,False,0,18,0,10,0.2982614128317777,mid,Residual (MAD)
2004-10-25 19:00:00,CO(GT),residual_mad,4.119203090093391,0.9744619434033888,3.144741146690002,5.05875,1.0,4.38425,True,False,0,19,0,10,0.1829341485559399,mid,Residual (MAD)
2004-10-26 17:00:00,CO(GT),residual_mad,4.398735636465836,0.9395203751068332,3.459215261359003,5.564625,1.0,4.38425,True,False,1,17,1,10,0.5519813942386208,mid,Residual (MAD)
2004-10-26 18:00:00,CO(GT),residual_mad,5.167450138990059,0.9395203751068332,4.227929763883226,6.801208333333334,1.0,4.38425,True,False,1,18,1,10,0.4712523092455344,mid,Residual (MAD)
2004-10-28 17:00:00,CO(GT),residual_mad,3.070956041196724,0.24068900917572145,2.830267032021003,4.552875000000001,1.0,4.38425,True,False,3,17,3,10,0.2751959599766103,mid,Residual (MAD)
2004-10-31 18:00:00,CO(GT),residual_mad,3.1408391777898346,0.27563057747227704,2.8652086003175574,4.609083333333333,1.0,4.38425,True,True,6,18,6,10,0.3789904978248641,mid,Residual (MAD)
2004-11-02 20:00:00,CO(GT),residual_mad,4.9578007292107245,1.6034101727413894,3.354390556469335,5.395999999999999,1.0,4.38425,True,False,1,20,1,11,0.2867286864041938,mid,Residual (MAD)
2004-11-04 17:00:00,CO(GT),residual_mad,4.538494845202291,1.03650730624016,3.5019875389621316,5.633430109620095,1.0,4.38425,True,False,3,17,3,11,0.7365050170799615,mid,Residual (MAD)
2004-11-04 18:00:00,CO(GT),residual_mad,4.608385046245169,1.03650730624016,3.571877740005009,5.745858140428862,1.0,4.38425,True,False,3,18,3,11,0.5404486678110373,mid,Residual (MAD)
2004-11-05 17:00:00,CO(GT),residual_mad,4.189086226686502,0.4852799872516106,3.7038062394348916,5.958083333333334,1.0,4.38425,True,False,4,17,4,11,0.5289159413834533,mid,Residual (MAD)
2004-11-05 18:00:00,CO(GT),residual_mad,4.119203090093391,0.4852799872516106,3.6339231028417807,5.845666666666667,1.0,4.38425,True,False,4,18,4,11,0.3443923185421127,mid,Residual (MAD)
2004-11-08 18:00:00,CO(GT),residual_mad,2.651657221638057,-0.3533176518657234,3.0049748735037802,4.833916666666668,1.0,4.38425,True,False,0,18,0,11,-0.8204130506438488,mid,Residual (MAD)
2004-11-08 19:00:00,CO(GT),residual_mad,3.1408391777898346,-0.3533176518657234,3.494156829655558,5.620833333333334,1.0,4.38425,True,False,0,19,0,11,-0.9011421356369356,low,Residual (MAD)
2004-11-11 09:00:00,CO(GT),residual_mad,3.280605450976057,0.5551631238447217,2.7254423271313355,4.384250000000001,1.0,4.38425,True,False,3,9,3,11,-0.981871220630022,low,Residual (MAD)
2004-11-17 17:00:00,CO(GT),residual_mad,3.9794368169071688,0.7648125336240554,3.214624283283113,5.171166666666666,1.0,4.38425,True,False,2,17,2,11,-0.2783749085474112,mid,Residual (MAD)
2004-11-17 18:00:00,CO(GT),residual_mad,5.656632095141837,0.7648125336240554,4.8918195615177815,7.8691666666666675,1.0,4.38425,True,False,2,18,2,11,-0.5436276163818383,mid,Residual (MAD)
2004-11-19 17:00:00,CO(GT),residual_mad,3.769787407127835,1.0094035116999445,2.7603838954278905,4.440458333333333,1.0,4.38425,True,False,4,17,4,11,-0.082318559278487,mid,Residual (MAD)
2004-11-19 19:00:00,CO(GT),residual_mad,4.328852499872725,1.0094035116999445,3.3194489881727804,5.339791666666668,1.0,4.38425,True,False,4,19,4,11,-0.2553094556922438,mid,Residual (MAD)
2004-11-19 20:00:00,CO(GT),residual_mad,4.538501909652058,1.0094035116999445,3.5290983979521133,5.677041666666666,1.0,4.38425,True,False,4,20,4,11,-0.3706367199680815,mid,Residual (MAD)
2004-11-22 19:00:00,CO(GT),residual_mad,3.350488587569169,0.3105721457688327,3.039916441800336,4.890125000000001,1.0,4.38425,True,False,0,19,0,11,-1.074133032050692,low,Residual (MAD)
2004-11-22 20:00:00,CO(GT),residual_mad,3.070956041196724,0.3105721457688327,2.7603838954278914,4.440458333333335,1.0,4.38425,True,False,0,20,0,11,-1.0971984849058596,low,Residual (MAD)
2004-11-23 18:00:00,CO(GT),residual_mad,5.656632095141837,2.0576505605966116,3.598981534545225,5.789458333333335,1.0,4.38425,True,False,1,18,1,11,-0.6012912485197572,mid,Residual (MAD)
2004-11-23 19:00:00,CO(GT),residual_mad,6.844645417224727,2.0576505605966116,4.786994856628115,7.700541666666668,1.0,4.38425,True,False,1,19,1,11,-0.6935530599404273,mid,Residual (MAD)
2004-11-23 20:00:00,CO(GT),residual_mad,6.565112870852283,2.0576505605966116,4.507462310255671,7.250875000000002,1.0,4.38425,True,False,1,20,1,11,-0.7973475977886814,mid,Residual (MAD)
2004-11-24 20:00:00,CO(GT),residual_mad,4.398735636465836,0.9744619434033888,3.424273693062447,5.508416666666667,1.0,4.38425,True,False,2,20,2,11,-0.9588057677748544,low,Residual (MAD)
2004-11-26 18:00:00,CO(GT),residual_mad,5.586748958548726,1.6732933093345004,3.9134556492142254,6.295333333333335,1.0,4.38425,True,False,4,18,4,11,-0.3360385406853302,mid,Residual (MAD)
2004-11-29 10:00:00,CO(GT),residual_mad,2.931189768010501,0.1358643042860546,2.795325463724446,4.496666666666666,1.0,4.38425,True,False,0,10,0,11,-0.5320948899542544,mid,Residual (MAD)
2004-11-29 11:00:00,CO(GT),residual_mad,3.1408391777898346,0.1358643042860546,3.00497487350378,4.833916666666666,1.0,4.38425,True,False,0,11,0,11,-0.4052348992508328,mid,Residual (MAD)
2004-11-30 19:00:00,CO(GT),residual_mad,2.931189768010501,0.0659811676929437,2.865208600317557,4.6090833333333325,1.0,4.38425,True,False,1,19,1,11,-0.7858148713610976,mid,Residual (MAD)
2004-11-30 20:00:00,CO(GT),residual_mad,3.280605450976057,0.0659811676929437,3.214624283283113,5.171166666666666,1.0,4.38425,True,False,1,20,1,11,-0.7973475977886814,mid,Residual (MAD)
2004-12-01 18:00:00,CO(GT),residual_mad,3.769787407127835,0.4852799872516106,3.2845074198762245,5.2835833333333335,1.0,4.38425,True,False,2,18,2,12,-0.705085786368011,mid,Residual (MAD)
2004-12-02 18:00:00,CO(GT),residual_mad,3.909553680314058,1.0792866482930554,2.8302670320210024,4.552875000000001,1.0,4.38425,True,False,3,18,3,12,-0.3014403614025787,mid,Residual (MAD)
2004-12-02 19:00:00,CO(GT),residual_mad,5.097567002396948,1.0792866482930554,4.018280354103893,6.463958333333335,1.0,4.38425,True,False,3,19,3,12,-0.3475712671129139,mid,Residual (MAD)
2004-12-02 20:00:00,CO(GT),residual_mad,3.9794368169071688,1.0792866482930554,2.9001501686141133,4.6652916666666675,1.0,4.38425,True,False,3,20,3,12,-0.3475712671129139,mid,Residual (MAD)
2004-12-13 18:00:00,CO(GT),residual_mad,5.446982685362504,0.8346956702171665,4.612287015145338,7.419500000000002,1.0,4.38425,True,False,0,18,0,12,-0.6704876070852598,mid,Residual (MAD)
2004-12-14 18:00:00,CO(GT),residual_mad,5.027683865803837,1.114228216589611,3.9134556492142263,6.2953333333333354,1.0,4.38425,True,False,1,18,1,12,0.2720137960973683,mid,Residual (MAD)
2004-12-15 18:00:00,CO(GT),residual_mad,3.630021133941613,0.5551631238447217,3.074858010096891,4.946333333333334,1.0,4.38425,True,False,2,18,2,12,0.2721422581684763,mid,Residual (MAD)
2004-12-16 19:00:00,CO(GT),residual_mad,4.538501909652058,1.6034101727413892,2.9350917369106684,4.7215,1.0,4.38425,True,False,3,19,3,12,0.263257258209237,mid,Residual (MAD)
2004-12-16 20:00:00,CO(GT),residual_mad,4.8879175926176135,1.6034101727413892,3.284507419876224,5.283583333333333,1.0,4.38425,True,False,3,20,3,12,0.2717117782486845,mid,Residual (MAD)
2004-12-16 21:00:00,CO(GT),residual_mad,4.538501909652058,1.6034101727413892,2.9350917369106684,4.7215,1.0,4.38425,True,False,3,21,3,12,0.2722331054893113,mid,Residual (MAD)
2004-12-23 18:00:00,CO(GT),residual_mad,4.468618773058947,1.2889360580723892,3.1796827149865576,5.114958333333333,1.0,4.38425,True,False,3,18,3,12,-1.2009930227541137,low,Residual (MAD)
2004-12-23 19:00:00,CO(GT),residual_mad,4.608385046245169,1.2889360580723892,3.3194489881727796,5.339791666666667,1.0,4.38425,True,False,3,19,3,12,-1.3047875606023678,low,Residual (MAD)
2004-12-23 20:00:00,CO(GT),residual_mad,4.8879175926176135,1.2889360580723892,3.5989815345452243,5.789458333333332,1.0,4.38425,True,False,3,20,3,12,-1.408582098450622,low,Residual (MAD)
2005-01-17 18:00:00,CO(GT),residual_mad,4.538501909652058,0.625046260437833,3.913455649214225,6.295333333333334,1.0,4.38425,True,False,0,18,0,1,-1.0626003056231084,low,Residual (MAD)
2005-01-17 19:00:00,CO(GT),residual_mad,4.608385046245169,0.625046260437833,3.983338785807336,6.40775,1.0,4.38425,True,False,0,19,0,1,-1.2240584756092812,low,Residual (MAD)
2005-01-21 21:00:00,CO(GT),residual_mad,3.0010729046036126,0.24068900917572145,2.760383895427891,4.440458333333334,1.0,4.38425,True,False,4,21,4,1,-1.0395348527679409,low,Residual (MAD)
2005-01-31 19:00:00,CO(GT),residual_mad,3.280605450976057,0.34551371406538833,2.9350917369106684,4.7215,1.0,4.38425,True,False,0,19,0,1,-1.131796664188611,low,Residual (MAD)
2005-01-31 20:00:00,CO(GT),residual_mad,3.280605450976057,0.34551371406538833,2.9350917369106684,4.7215,1.0,4.38425,True,False,0,20,0,1,-1.2817221077472,low,Residual (MAD)
2005-02-03 18:00:00,CO(GT),residual_mad,3.2107223143829464,0.13586430428605475,3.0748580100968916,4.946333333333334,1.0,4.38425,True,False,3,18,3,2,-0.716618512795595,mid,Residual (MAD)
2005-02-03 19:00:00,CO(GT),residual_mad,3.0010729046036126,0.13586430428605475,2.865208600317558,4.609083333333334,1.0,4.38425,True,False,3,19,3,2,-0.9357403149196868,low,Residual (MAD)
2005-02-10 20:00:00,CO(GT),residual_mad,4.398735636465836,0.2057474408791658,4.19298819558667,6.745000000000002,1.0,4.38425,True,False,3,20,3,2,0.2007894965627574,mid,Residual (MAD)
2005-02-21 20:00:00,CO(GT),residual_mad,2.931189768010501,-0.24849294697605662,3.1796827149865576,5.114958333333333,1.0,4.38425,True,False,0,20,0,2,-1.4893111834437085,low,Residual (MAD)
2005-03-09 09:00:00,CO(GT),residual_mad,2.721540358231168,-0.0388435371967231,2.760383895427891,4.440458333333334,1.0,4.38425,True,False,2,9,2,3,-1.4662457305885408,low,Residual (MAD)
2005-03-09 20:00:00,CO(GT),residual_mad,2.651657221638057,-0.1087266737898343,2.7603838954278914,4.440458333333335,1.0,4.38425,True,False,2,20,2,3,-0.7973475977886814,mid,Residual (MAD)
2005-03-14 19:00:00,CO(GT),residual_mad,3.070956041196724,-0.3533176518657233,3.4242736930624473,5.508416666666668,1.0,4.38425,True,False,0,19,0,3,-0.1976458235543249,mid,Residual (MAD)
2005-03-14 20:00:00,CO(GT),residual_mad,3.070956041196724,-0.3533176518657233,3.4242736930624473,5.508416666666668,1.0,4.38425,True,False,0,20,0,3,-0.289907634974995,mid,Residual (MAD)
2005-03-15 19:00:00,CO(GT),residual_mad,2.931189768010501,0.0659811676929437,2.865208600317557,4.6090833333333325,1.0,4.38425,True,False,1,19,1,3,-0.0477203799957356,mid,Residual (MAD)
2005-03-15 20:00:00,CO(GT),residual_mad,3.699904270534725,0.0659811676929437,3.633923102841781,5.845666666666668,1.0,4.38425,True,False,1,20,1,3,-0.2322440028370763,mid,Residual (MAD)
2005-03-21 09:00:00,CO(GT),residual_mad,2.791423494824279,-0.0737851054932787,2.8652086003175574,4.609083333333333,1.0,4.38425,True,False,0,9,0,3,-0.4283003521060005,mid,Residual (MAD)
2005-03-21 19:00:00,CO(GT),residual_mad,3.0010729046036126,-0.0388435371967231,3.0399164418003357,4.890125,1.0,4.38425,True,False,0,19,0,3,0.0214759785697671,mid,Residual (MAD)
2005-03-21 20:00:00,CO(GT),residual_mad,2.721540358231168,-0.0388435371967231,2.760383895427891,4.440458333333334,1.0,4.38425,True,False,0,20,0,3,-0.1399821914164059,mid,Residual (MAD)
2005-03-23 20:00:00,CO(GT),residual_mad,3.560137997348502,0.1708058725826102,3.389332124765892,5.452208333333334,1.0,4.38425,True,False,2,20,2,3,0.125270516418021,mid,Residual (MAD)
2005-03-24 20:00:00,CO(GT),residual_mad,3.769787407127835,0.4153968506584996,3.3543905564693355,5.396,1.0,4.38425,True,False,3,20,3,3,0.0445414314249346,mid,Residual (MAD)
2004-03-15 19:00:00,NMHC(GT),residual_mad,2.8079402820094383,-0.10854816465743154,2.91648844666687,5.8477594446202925,1.0,5.545392188255678,True,False,0,19,0,3,0.2290650542662749,mid,Residual (MAD)
2004-03-22 19:00:00,NMHC(GT),residual_mad,2.7299272165636164,-0.31858334085772055,3.048510557421337,6.112435444501629,1.0,5.545392188255678,True,False,0,19,0,3,-0.3245058142577464,mid,Residual (MAD)
2004-03-25 19:00:00,NMHC(GT),residual_mad,3.480052845850363,-0.5256180145408625,4.005670860391225,8.03133644364132,1.0,5.545392188255678,True,False,3,19,3,3,-0.5782257956645895,mid,Residual (MAD)
2004-03-25 20:00:00,NMHC(GT),residual_mad,2.88595334745526,-0.5256180145408625,3.4115713619961223,6.840294444175305,1.0,5.545392188255678,True,False,3,20,3,3,-0.6704876070852598,mid,Residual (MAD)
2004-03-29 08:00:00,NMHC(GT),residual_mad,3.1559985739984886,-0.6666416328467708,3.8226402068452594,7.664399261987648,1.0,5.545392188255678,True,False,0,8,0,3,-0.866543956354184,mid,Residual (MAD)
2004-03-30 08:00:00,NMHC(GT),residual_mad,2.6819191762892647,-0.3875948987521012,3.069514075041366,6.154542989937296,1.0,5.545392188255678,True,False,1,8,1,3,-0.5897585220921733,mid,Residual (MAD)
2004-03-30 09:00:00,NMHC(GT),residual_mad,2.867950332352378,-0.3155828383405736,3.1835331706929515,6.383126808016633,1.0,5.545392188255678,True,False,1,9,1,3,-0.2437767292646598,mid,Residual (MAD)
2004-03-30 10:00:00,NMHC(GT),residual_mad,3.1079905337241365,-0.3155828383405736,3.42357337206471,6.864355898709971,1.0,5.545392188255678,True,False,1,10,1,3,-0.0592531064233196,mid,Residual (MAD)
2004-03-30 11:00:00,NMHC(GT),residual_mad,2.591904100774855,-0.3155828383405736,2.9074869391154285,5.829713353719292,1.0,5.545392188255678,True,False,1,11,1,3,-0.0131222007129842,mid,Residual (MAD)
2004-04-01 08:00:00,NMHC(GT),residual_mad,4.950299079252385,-0.3545893710634844,5.30488845031587,10.63598889701902,1.0,5.545392188255678,True,False,3,8,3,4,-0.7512166920783462,mid,Residual (MAD)
2004-04-01 09:00:00,NMHC(GT),residual_mad,3.1199925437927245,-0.3545893710634844,3.474581914856209,6.966617080482306,1.0,5.545392188255678,True,False,3,9,3,4,-0.2553094556922438,mid,Residual (MAD)
2004-04-01 19:00:00,NMHC(GT),residual_mad,3.738096062325004,-0.14755469738034235,3.8856507597053462,7.790721898294651,1.0,5.545392188255678,True,False,3,19,3,4,0.2751959599766103,mid,Residual (MAD)
2004-04-01 20:00:00,NMHC(GT),residual_mad,2.627910130980619,-0.14755469738034235,2.7754648283609615,5.565037353837956,1.0,5.545392188255678,True,False,3,20,3,4,-0.0131222007129842,mid,Residual (MAD)
2004-04-02 09:00:00,NMHC(GT),residual_mad,3.4860538508846566,0.5995704293892569,2.8864834214953996,5.787605808283624,1.0,5.545392188255678,True,False,4,9,4,4,-0.5551603428094221,mid,Residual (MAD)
2004-04-06 08:00:00,NMHC(GT),residual_mad,5.202341290692733,0.0354759561656236,5.166865334527109,10.35928216987035,1.0,5.545392188255678,True,False,1,8,1,4,-0.2553094556922438,mid,Residual (MAD)
2004-04-06 09:00:00,NMHC(GT),residual_mad,3.3540317401301896,0.0354759561656236,3.318555783964566,6.653818171531636,1.0,5.545392188255678,True,False,1,9,1,4,-0.0015894742854006,mid,Residual (MAD)
2004-04-08 08:00:00,NMHC(GT),residual_mad,3.5100578710218326,0.08948500147426935,3.4205728695475632,6.858340535076305,1.0,5.545392188255678,True,False,3,8,3,4,-0.981871220630022,low,Residual (MAD)
2004-04-08 18:00:00,NMHC(GT),residual_mad,3.5460639012275963,0.08948500147426935,3.456578899753327,6.930524898680305,1.0,5.545392188255678,True,False,3,18,3,4,0.1022050635628535,mid,Residual (MAD)
2004-04-08 19:00:00,NMHC(GT),residual_mad,4.542230736920396,0.08948500147426935,4.452745735446126,8.927625625057665,1.0,5.545392188255678,True,False,3,19,3,4,-0.0477203799957356,mid,Residual (MAD)
2004-04-13 08:00:00,NMHC(GT),residual_mad,2.639912141049207,-0.4596069591636289,3.0995191002128357,6.2146966262739625,1.0,5.545392188255678,True,False,1,8,1,4,-0.7396839656507624,mid,Residual (MAD)
2004-04-13 18:00:00,NMHC(GT),residual_mad,2.7119242014607345,-0.36659138113207235,3.0785155825928068,6.172589080838296,1.0,5.545392188255678,True,False,1,18,1,4,-0.3591039935404976,mid,Residual (MAD)
2004-04-13 19:00:00,NMHC(GT),residual_mad,2.7779352568379685,-0.42360092895786505,3.2015361857958338,6.419218989818633,1.0,5.545392188255678,True,False,1,19,1,4,-0.4283003521060005,mid,Residual (MAD)
2004-04-14 08:00:00,NMHC(GT),residual_mad,3.714092042187828,-0.10254715962313765,3.8166392018109656,7.652368534720315,1.0,5.545392188255678,True,False,2,8,2,4,-0.5897585220921733,mid,Residual (MAD)
2004-04-15 18:00:00,NMHC(GT),residual_mad,4.254182495274285,1.4727166618790295,2.7814658333952553,5.577068081105288,1.0,5.545392188255678,True,False,3,18,3,4,-0.0131222007129842,mid,Residual (MAD)
2004-04-15 19:00:00,NMHC(GT),residual_mad,5.832446819293599,1.4727166618790295,4.359730157414569,8.741149352413995,1.0,5.545392188255678,True,False,3,19,3,4,-0.1169167385612385,mid,Residual (MAD)
2004-04-16 17:00:00,NMHC(GT),residual_mad,3.1559985739984886,0.23951012733161858,2.91648844666687,5.8477594446202925,1.0,5.545392188255678,True,False,4,17,4,4,-0.4398330785335842,mid,Residual (MAD)
2004-04-16 19:00:00,NMHC(GT),residual_mad,3.3960387753702475,0.23951012733161858,3.1565286480386288,6.328988535313632,1.0,5.545392188255678,True,False,4,19,4,4,-0.5205621635266706,mid,Residual (MAD)
2004-04-16 20:00:00,NMHC(GT),residual_mad,2.933961387729612,0.1164895241285922,2.81747186360102,5.649252444709291,1.0,5.545392188255678,True,False,4,20,4,4,-0.5320948899542544,mid,Residual (MAD)
2004-04-20 08:00:00,NMHC(GT),residual_mad,2.7883586333800787,-0.19370262388109422,2.982061257261173,5.979218857819301,1.0,5.545392188255678,True,False,1,8,1,4,-0.705085786368011,mid,Residual (MAD)
2004-04-21 08:00:00,NMHC(GT),residual_mad,3.20376267693441,-0.1100998771713346,3.3138625541057447,6.644409252840231,1.0,5.545392188255678,True,False,2,8,2,4,-0.5090294370990869,mid,Residual (MAD)
2004-04-21 18:00:00,NMHC(GT),residual_mad,2.924348205470696,-0.066961197938413,2.991309403409109,5.997759406177188,1.0,5.545392188255678,True,False,2,18,2,4,0.7941686492178804,mid,Residual (MAD)
2004-04-21 19:00:00,NMHC(GT),residual_mad,3.021685796405369,-0.066961197938413,3.0886469943437818,6.192900387179898,1.0,5.545392188255678,True,False,2,19,2,4,0.6211777528041237,mid,Residual (MAD)
2004-04-21 20:00:00,NMHC(GT),residual_mad,2.699951859446821,-0.066961197938413,2.7669130573852336,5.547892888256985,1.0,5.545392188255678,True,False,2,20,2,4,0.3443923185421127,mid,Residual (MAD)
2004-04-27 08:00:00,NMHC(GT),residual_mad,2.495888020226152,-0.40259741133783616,2.8984854315639885,5.811667262818293,1.0,5.545392188255678,True,False,1,8,1,4,-0.0361876535681517,mid,Residual (MAD)
2004-04-28 19:00:00,NMHC(GT),residual_mad,3.5940719415019484,0.8126061081066929,2.7814658333952558,5.57706808110529,1.0,5.545392188255678,True,False,2,19,2,4,0.5404486678110373,mid,Residual (MAD)
2004-04-29 08:00:00,NMHC(GT),residual_mad,5.472386517235961,0.35352922298320405,5.118857294252757,10.26303635173168,1.0,5.545392188255678,True,False,3,8,3,4,-0.2668421821198273,mid,Residual (MAD)
2004-04-29 19:00:00,NMHC(GT),residual_mad,3.678086011982064,-0.0155325866258751,3.6936185986079395,7.405738625739979,1.0,5.545392188255678,True,False,3,19,3,4,0.2059996014111074,mid,Residual (MAD)
2004-05-10 08:00:00,NMHC(GT),residual_mad,3.0147581225028643,0.1355137063479055,2.879244416154959,5.773093156079549,1.0,5.545392188255678,True,False,0,8,0,5,-0.2783749085474112,mid,Residual (MAD)
2004-05-11 08:00:00,NMHC(GT),residual_mad,2.913201807448013,0.06505779950167495,2.848144007946338,5.710743511824554,1.0,5.545392188255678,True,False,1,8,1,5,-0.4513658049611679,mid,Residual (MAD)
2004-05-11 19:00:00,NMHC(GT),residual_mad,3.2398207178039238,0.4396369058153719,2.800183811988552,5.614593611273126,1.0,5.545392188255678,True,False,1,19,1,5,0.5404486678110373,mid,Residual (MAD)
2004-05-18 08:00:00,NMHC(GT),residual_mad,3.318901100673447,-0.04836244097223285,3.3672635416456798,6.751466772910253,1.0,5.545392188255678,True,False,1,8,1,5,0.0445414314249346,mid,Residual (MAD)
2004-05-19 08:00:00,NMHC(GT),residual_mad,3.261171461545321,0.2286872850842148,3.0324841764611064,6.080305989966417,1.0,5.545392188255678,True,False,2,8,2,5,0.0214759785697671,mid,Residual (MAD)
2004-05-20 08:00:00,NMHC(GT),residual_mad,3.139611552194636,0.0515798952811285,3.0880316569135076,6.191666767684713,1.0,5.545392188255678,True,False,3,8,3,5,0.0330087049973507,mid,Residual (MAD)
2004-05-27 08:00:00,NMHC(GT),residual_mad,2.882140453021239,0.019670712094397698,2.862469740926841,5.739463532122515,1.0,5.545392188255678,True,False,3,8,3,5,0.0676068842801021,mid,Residual (MAD)
2004-06-17 08:00:00,NMHC(GT),residual_mad,2.705978137268429,-0.09085886176230555,2.7968369990307345,5.607883969524755,1.0,5.545392188255678,True,False,3,8,3,6,0.4020559506800316,mid,Residual (MAD)
2004-06-28 08:00:00,NMHC(GT),residual_mad,3.053707883022387,0.050852478533197146,3.00285540448919,6.020906660550244,1.0,5.545392188255678,True,False,0,8,0,6,0.8172341020730479,mid,Residual (MAD)
2004-06-29 08:00:00,NMHC(GT),residual_mad,3.0776294918965794,0.289233558044965,2.788395933851614,5.590961445308321,1.0,5.545392188255678,True,False,1,8,1,6,1.0017577249143883,high,Residual (MAD)
2004-07-02 08:00:00,NMHC(GT),residual_mad,2.8355476888365176,-0.024279992783117953,2.8598276816196355,5.734166770202226,1.0,5.545392188255678,True,False,4,8,4,7,1.0363559041971395,high,Residual (MAD)
2004-07-06 08:00:00,NMHC(GT),residual_mad,2.9131739707547384,0.1474328930971954,2.765741077657543,5.545543320411913,1.0,5.545392188255678,True,False,1,8,1,7,0.748037743507545,mid,Residual (MAD)
2004-07-13 08:00:00,NMHC(GT),residual_mad,2.6981461371067894,-0.20678252748546697,2.9049286645922563,5.8245845623106245,1.0,5.545392188255678,True,False,1,8,1,7,0.0906723371352696,mid,Residual (MAD)
2004-07-20 08:00:00,NMHC(GT),residual_mad,3.1743099903610674,0.22384530289570903,2.9504646874653586,5.915874516059148,1.0,5.545392188255678,True,False,1,8,1,7,0.9902249984868046,high,Residual (MAD)
2004-08-30 08:00:00,NMHC(GT),residual_mad,2.813575014763807,0.014450736913009243,2.7991242778507974,5.612469472704851,1.0,5.545392188255678,True,False,0,8,0,8,0.6211777528041237,mid,Residual (MAD)
2004-09-05 00:00:00,NMHC(GT),residual_mad,2.8418893270911423,-0.3763605495982014,3.2182498766893435,6.452726353272127,1.0,5.545392188255678,True,True,6,0,6,9,1.1055522627626424,high,Residual (MAD)
2004-09-24 09:00:00,NMHC(GT),residual_mad,2.973449568500624,0.1838648521804772,2.789584716320147,5.593344699042882,1.0,5.545392188255678,True,False,4,9,4,9,0.5289159413834533,mid,Residual (MAD)
2004-09-27 07:00:00,NMHC(GT),residual_mad,2.6378921494254195,-0.28088027961099343,2.9187724290364128,5.85233833912452,1.0,5.545392188255678,True,False,0,7,0,9,-0.393702172823249,mid,Residual (MAD)
2004-09-30 17:00:00,NMHC(GT),residual_mad,3.2538181792535434,0.05162302384208975,3.2021951554114536,6.4205400824818915,1.0,5.545392188255678,True,False,3,17,3,9,0.805701375645464,mid,Residual (MAD)
2004-09-30 18:00:00,NMHC(GT),residual_mad,3.170896332712165,0.05162302384208975,3.119273308870075,6.254299575343177,1.0,5.545392188255678,True,False,3,18,3,9,0.713439564224794,mid,Residual (MAD)
2004-09-30 19:00:00,NMHC(GT),residual_mad,2.9520665927985927,0.05162302384208975,2.900443568956503,5.815592908070494,1.0,5.545392188255678,True,False,3,19,3,9,0.5981122999489562,mid,Residual (MAD)
2004-10-07 20:00:00,NMHC(GT),residual_mad,3.325616702925875,0.5538822661678812,2.7717344367579937,5.5575587192227225,1.0,5.545392188255678,True,False,3,20,3,10,0.5519813942386208,mid,Residual (MAD)
2004-10-24 19:00:00,NMHC(GT),residual_mad,2.523052237594522,-0.463252604517829,2.986304842112351,5.9877263347650045,1.0,5.545392188255678,True,True,6,19,6,10,0.3789904978248641,mid,Residual (MAD)
2004-10-28 17:00:00,NMHC(GT),residual_mad,3.1850783953908675,0.31518463583818807,2.8698937595526792,5.754347096259629,1.0,5.545392188255678,True,False,3,17,3,10,0.2751959599766103,mid,Residual (MAD)
2004-11-08 18:00:00,NMHC(GT),residual_mad,2.9622141663139194,-0.5127678552240729,3.4749820215379925,6.967419208515673,1.0,5.545392188255678,True,False,0,18,0,11,-0.8204130506438488,mid,Residual (MAD)
2004-11-08 19:00:00,NMHC(GT),residual_mad,3.0732111493838423,-0.5127678552240729,3.585979004607915,7.1899443394195455,1.0,5.545392188255678,True,False,0,19,0,11,-0.9011421356369356,low,Residual (MAD)
2004-11-08 20:00:00,NMHC(GT),residual_mad,2.3527590688552333,-0.5127678552240729,2.8655269240793064,5.745592528266228,1.0,5.545392188255678,True,False,0,20,0,11,-1.028002126340357,low,Residual (MAD)
2004-11-12 19:00:00,NMHC(GT),residual_mad,2.402672823802036,-0.49298860269969386,2.8956614265017295,5.806005738705007,1.0,5.545392188255678,True,False,4,19,4,11,-0.1976458235543249,mid,Residual (MAD)
2004-11-23 06:00:00,NMHC(GT),residual_mad,-0.5152822686417242,2.4293231611616712,-2.9446054298033957,5.902475976461662,-1.0,5.545392188255678,True,False,1,6,1,11,-1.1433293906161948,low,Residual (MAD)
2004-11-29 09:00:00,NMHC(GT),residual_mad,3.0090266938665957,0.1575365139389312,2.8514901799276644,5.717451868552616,1.0,5.545392188255678,True,False,0,9,0,11,-0.8204130506438488,mid,Residual (MAD)
2004-11-29 10:00:00,NMHC(GT),residual_mad,3.127703674101989,0.0149206642481532,3.1127830098538354,6.2412879186454076,1.0,5.545392188255678,True,False,0,10,0,11,-0.5320948899542544,mid,Residual (MAD)
2004-11-29 11:00:00,NMHC(GT),residual_mad,3.140581074919598,-0.13838072136909169,3.27896179628869,6.574440723182158,1.0,5.545392188255678,True,False,0,11,0,11,-0.4052348992508328,mid,Residual (MAD)
2004-11-30 19:00:00,NMHC(GT),residual_mad,3.063702720996985,-0.09419615164084374,3.1578988726378285,6.331735541582375,1.0,5.545392188255678,True,False,1,19,1,11,-0.7858148713610976,mid,Residual (MAD)
2004-11-30 20:00:00,NMHC(GT),residual_mad,3.1248731219227275,-0.09419615164084374,3.219069273563571,6.454369068160918,1.0,5.545392188255678,True,False,1,20,1,11,-0.7973475977886814,mid,Residual (MAD)
2004-12-21 09:00:00,NMHC(GT),residual_mad,2.5999261962497764,-0.3467963331156215,2.946722529365398,5.908372292142556,1.0,5.545392188255678,True,False,1,9,1,12,-1.3739839191678704,low,Residual (MAD)
2005-04-04 08:00:00,NMHC(GT),residual_mad,2.536728111982368,-0.5072290400230095,3.0439571520053774,6.103306843811586,1.0,5.545392188255678,True,False,0,8,0,4,-0.5666930692370058,mid,Residual (MAD)
2004-03-15 09:00:00,C6H6(GT),residual_mad,2.635877313604569,0.18239116534088695,2.453486148263682,5.895629629629631,1.0,5.415360648148139,True,False,0,9,0,3,-0.4167676256784165,mid,Residual (MAD)
2004-03-15 19:00:00,C6H6(GT),residual_mad,2.895780507276569,0.3227388899237671,2.5730416173528017,6.182916666666666,1.0,5.415360648148139,True,False,0,19,0,3,0.2290650542662749,mid,Residual (MAD)
2004-03-17 09:00:00,C6H6(GT),residual_mad,2.6046889303639285,0.17199503759400694,2.4326938927699215,5.845666666666667,1.0,5.415360648148139,True,False,2,9,2,3,-0.4974967106715031,mid,Residual (MAD)
2004-03-17 19:00:00,C6H6(GT),residual_mad,2.8126114853015287,0.31234276217688706,2.5002687231246417,6.008046296296296,1.0,5.415360648148139,True,False,2,19,2,3,0.5404486678110373,mid,Residual (MAD)
2004-04-01 08:00:00,C6H6(GT),residual_mad,2.136863181754328,-0.3478113497499933,2.4846745315043215,5.970574074074074,1.0,5.415360648148139,True,False,3,8,3,4,-0.7512166920783462,mid,Residual (MAD)
2004-04-01 14:00:00,C6H6(GT),residual_mad,3.094885167422515,-0.10350234769831304,3.198387515120828,7.685597986574526,1.0,5.415360648148139,True,False,3,14,3,4,0.2845870213070672,mid,Residual (MAD)
2004-04-01 15:00:00,C6H6(GT),residual_mad,3.081067102577066,-0.10350234769831304,3.184569450275379,7.652393726348876,1.0,5.415360648148139,True,False,3,15,3,4,0.2855881015906505,mid,Residual (MAD)
2004-04-01 16:00:00,C6H6(GT),residual_mad,3.0756323592816543,-0.10350234769831304,3.1791347069799674,7.6393342543707945,1.0,5.415360648148139,True,False,3,16,3,4,0.2444773792351814,mid,Residual (MAD)
2004-04-06 08:00:00,C6H6(GT),residual_mad,2.3239934811981686,-0.16587911417959317,2.489872595377762,5.983064814814815,1.0,5.415360648148139,True,False,1,8,1,4,-0.2553094556922438,mid,Residual (MAD)
2004-04-21 08:00:00,C6H6(GT),residual_mad,3.0101379124922487,-0.08271009220455311,3.0928480046968017,7.43199074074074,1.0,5.415360648148139,True,False,2,8,2,4,-0.5090294370990869,mid,Residual (MAD)
2004-04-21 18:00:00,C6H6(GT),residual_mad,2.199239948235608,-0.0775120283311131,2.2767519765667212,5.470944444444443,1.0,5.415360648148139,True,False,2,18,2,4,0.7941686492178804,mid,Residual (MAD)
2004-04-21 19:00:00,C6H6(GT),residual_mad,2.3135973534512884,-0.0775120283311131,2.3911093817824014,5.74574074074074,1.0,5.415360648148139,True,False,2,19,2,4,0.6211777528041237,mid,Residual (MAD)
2004-04-29 08:00:00,C6H6(GT),residual_mad,2.583896674870169,0.24996599569560699,2.333930679174562,5.608342592592593,1.0,5.415360648148139,True,False,3,8,3,4,-0.2668421821198273,mid,Residual (MAD)
2004-05-10 08:00:00,C6H6(GT),residual_mad,2.479935397401369,0.0992221433658469,2.380713254035522,5.72075925925926,1.0,5.415360648148139,True,False,0,8,0,5,-0.2783749085474112,mid,Residual (MAD)
2004-05-12 08:00:00,C6H6(GT),residual_mad,2.7086502078327284,0.255164059569047,2.453486148263681,5.895629629629629,1.0,5.415360648148139,True,False,2,8,2,5,-0.1630476442715734,mid,Residual (MAD)
2004-05-18 08:00:00,C6H6(GT),residual_mad,2.8645921240359287,0.03164731301112696,2.832944811024802,6.807453703703704,1.0,5.415360648148139,True,False,1,8,1,5,0.0445414314249346,mid,Residual (MAD)
2004-05-19 08:00:00,C6H6(GT),residual_mad,2.635877313604569,0.192787293087767,2.443090020516802,5.870648148148149,1.0,5.415360648148139,True,False,2,8,2,5,0.0214759785697671,mid,Residual (MAD)
2004-05-27 08:00:00,C6H6(GT),residual_mad,2.396766375426328,0.005656993643926951,2.3911093817824014,5.74574074074074,1.0,5.415360648148139,True,False,3,8,3,5,0.0676068842801021,mid,Residual (MAD)
2004-06-08 08:00:00,C6H6(GT),residual_mad,2.573500547123289,0.249965995695607,2.323534551427682,5.583361111111113,1.0,5.415360648148139,True,False,1,8,1,6,0.3674577713972806,mid,Residual (MAD)
2004-06-09 08:00:00,C6H6(GT),residual_mad,2.6566695690983284,0.3643234009112871,2.2923461681870414,5.508416666666666,1.0,5.415360648148139,True,False,2,8,2,6,0.5750468470937883,mid,Residual (MAD)
2004-06-21 04:00:00,C6H6(GT),residual_mad,-1.0235596532971938,2.2019355475973454,-3.2254952008945392,7.750736677311085,-1.0,5.415360648148139,True,False,0,4,0,6,0.0560741578525182,mid,Residual (MAD)
2004-07-20 08:00:00,C6H6(GT),residual_mad,2.698254080085848,0.229173740201847,2.469080339884001,5.93310185185185,1.0,5.415360648148139,True,False,1,8,1,7,0.9902249984868046,high,Residual (MAD)
2004-07-31 00:00:00,C6H6(GT),residual_mad,3.221815215136526,-0.07751202833111315,3.299327243467639,7.928152139027913,1.0,5.415360648148139,True,True,5,0,5,7,0.3110601065738152,mid,Residual (MAD)
2004-08-09 16:00:00,C6H6(GT),residual_mad,3.371775899700686,-0.30102877488903323,3.6728046745897194,8.825603551370126,1.0,5.415360648148139,True,False,0,16,0,8,0.3828787631566006,mid,Residual (MAD)
2004-08-09 17:00:00,C6H6(GT),residual_mad,3.371775899700686,-0.30102877488903323,3.6728046745897194,8.825603551370126,1.0,5.415360648148139,True,False,0,17,0,8,0.3826568141330595,mid,Residual (MAD)
2004-08-09 18:00:00,C6H6(GT),residual_mad,3.3272823099063094,-0.30102877488903323,3.6283110847953424,8.718687224776655,1.0,5.415360648148139,True,False,0,18,0,8,0.3672932783548582,mid,Residual (MAD)
2004-08-09 19:00:00,C6H6(GT),residual_mad,3.326508977344572,-0.30102877488903323,3.6275377522336054,8.716828937389232,1.0,5.415360648148139,True,False,0,19,0,8,0.3444545258601083,mid,Residual (MAD)
2004-09-01 08:00:00,C6H6(GT),residual_mad,2.479935397401369,-0.00993719797639305,2.489872595377762,5.983064814814815,1.0,5.415360648148139,True,False,2,8,2,9,0.5519813942386208,mid,Residual (MAD)
2004-09-03 08:00:00,C6H6(GT),residual_mad,2.4071625031732085,0.14080665435336695,2.2663558488198414,5.445962962962963,1.0,5.415360648148139,True,False,4,8,4,9,0.6096450263765397,mid,Residual (MAD)
2004-09-05 00:00:00,C6H6(GT),residual_mad,1.9705251378042483,-0.35300941362343324,2.3235345514276817,5.583361111111111,1.0,5.415360648148139,True,True,6,0,6,9,1.1055522627626424,high,Residual (MAD)
2004-09-21 08:00:00,C6H6(GT),residual_mad,3.1037030622141693,0.46308661450664723,2.6406164477075222,6.345296296296298,1.0,5.415360648148139,True,False,1,8,1,9,0.136803242845605,mid,Residual (MAD)
2004-09-24 08:00:00,C6H6(GT),residual_mad,2.3551818644388085,0.052439568504886895,2.3027422959339217,5.533398148148148,1.0,5.415360648148139,True,False,4,8,4,9,0.4020559506800316,mid,Residual (MAD)
2004-09-28 19:00:00,C6H6(GT),residual_mad,2.9061766350234484,0.6034343390895274,2.302742295933921,5.533398148148147,1.0,5.415360648148139,True,False,1,19,1,9,0.5289159413834533,mid,Residual (MAD)
2004-09-30 08:00:00,C6H6(GT),residual_mad,2.594292802617048,0.24476793182216705,2.3495248707948813,5.645814814814814,1.0,5.415360648148139,True,False,3,8,3,9,0.0099432521421832,mid,Residual (MAD)
2004-09-30 17:00:00,C6H6(GT),residual_mad,2.5527082916295285,0.187589229214327,2.3651190624152014,5.683287037037037,1.0,5.415360648148139,True,False,3,17,3,9,0.805701375645464,mid,Residual (MAD)
2004-10-01 14:00:00,C6H6(GT),residual_mad,3.2672403732321955,0.6710091694442473,2.5962312037879482,6.238640320530643,1.0,5.415360648148139,True,False,4,14,4,10,0.2922830872006576,mid,Residual (MAD)
2004-10-04 18:00:00,C6H6(GT),residual_mad,3.145287573201689,0.3331350176706471,2.812152555531042,6.7574907407407405,1.0,5.415360648148139,True,False,0,18,0,10,0.8748977342109667,high,Residual (MAD)
2004-10-04 19:00:00,C6H6(GT),residual_mad,3.4675675333549694,0.3331350176706471,3.1344325156843222,7.5319166666666675,1.0,5.415360648148139,True,False,0,19,0,10,0.6788413849420426,mid,Residual (MAD)
2004-10-05 19:00:00,C6H6(GT),residual_mad,3.145287573201689,0.8789317243818475,2.2663558488198414,5.445962962962963,1.0,5.415360648148139,True,False,1,19,1,10,0.8287668285006318,mid,Residual (MAD)
2004-10-06 19:00:00,C6H6(GT),residual_mad,3.394794639126809,0.5514537003551273,2.8433409387716817,6.832435185185185,1.0,5.415360648148139,True,False,2,19,2,10,0.7019068377972101,mid,Residual (MAD)
2004-10-07 08:00:00,C6H6(GT),residual_mad,2.677461824592089,0.4215021035191272,2.2559597210729616,5.420981481481482,1.0,5.415360648148139,True,False,3,8,3,10,0.2867286864041938,mid,Residual (MAD)
2004-10-07 19:00:00,C6H6(GT),residual_mad,2.677461824592089,0.4215021035191272,2.2559597210729616,5.420981481481482,1.0,5.415360648148139,True,False,3,19,3,10,0.6442432056592912,mid,Residual (MAD)
2004-10-18 18:00:00,C6H6(GT),residual_mad,2.8541959962890484,0.5254633809879272,2.328732615301121,5.595851851851851,1.0,5.415360648148139,True,False,0,18,0,10,0.1022050635628535,mid,Residual (MAD)
2004-10-19 08:00:00,C6H6(GT),residual_mad,2.7606308465671283,0.40070984802536713,2.359920998541761,5.670796296296295,1.0,5.415360648148139,True,False,1,8,1,10,-0.3014403614025787,mid,Residual (MAD)
2004-10-22 18:00:00,C6H6(GT),residual_mad,2.978949529251609,0.6294246584567273,2.3495248707948813,5.645814814814814,1.0,5.415360648148139,True,False,4,18,4,10,0.6788413849420426,mid,Residual (MAD)
2004-10-25 17:00:00,C6H6(GT),residual_mad,3.633905577305049,0.8269510856474476,2.8069544916576015,6.744999999999999,1.0,5.415360648148139,True,False,0,17,0,10,0.3789904978248641,mid,Residual (MAD)
2004-10-25 18:00:00,C6H6(GT),residual_mad,3.446775277861209,0.8269510856474476,2.6198241922137613,6.295333333333332,1.0,5.415360648148139,True,False,0,18,0,10,0.2982614128317777,mid,Residual (MAD)
2004-10-25 19:00:00,C6H6(GT),residual_mad,3.0829108067204087,0.8269510856474476,2.255959721072961,5.420981481481482,1.0,5.415360648148139,True,False,0,19,0,10,0.1829341485559399,mid,Residual (MAD)
2004-10-26 17:00:00,C6H6(GT),residual_mad,3.592321066317529,0.8841297882552877,2.708191278062241,6.507675925925924,1.0,5.415360648148139,True,False,1,17,1,10,0.5519813942386208,mid,Residual (MAD)
2004-10-26 18:00:00,C6H6(GT),residual_mad,4.236880986624089,0.8841297882552877,3.352751198368802,8.056527777777777,1.0,5.415360648148139,True,False,1,18,1,10,0.4712523092455344,mid,Residual (MAD)
2004-10-28 17:00:00,C6H6(GT),residual_mad,2.4903315251482483,0.14600471822680694,2.3443268069214414,5.633324074074074,1.0,5.415360648148139,True,False,3,17,3,10,0.2751959599766103,mid,Residual (MAD)
2004-11-02 20:00:00,C6H6(GT),residual_mad,3.8314320044957695,1.3571536007383276,2.4742784037574417,5.945592592592592,1.0,5.415360648148139,True,False,1,20,1,11,0.2867286864041938,mid,Residual (MAD)
2004-11-04 17:00:00,C6H6(GT),residual_mad,3.592321066317529,0.9776949379772075,2.6146261283403214,6.2828425925925915,1.0,5.415360648148139,True,False,3,17,3,11,0.7365050170799615,mid,Residual (MAD)
2004-11-04 18:00:00,C6H6(GT),residual_mad,3.7586591102676095,0.9776949379772075,2.780964172290402,6.682546296296297,1.0,5.415360648148139,True,False,3,18,3,11,0.5404486678110373,mid,Residual (MAD)
2004-11-05 17:00:00,C6H6(GT),residual_mad,3.498755916595609,0.4942749977472872,3.0044809188483215,7.219648148148147,1.0,5.415360648148139,True,False,4,17,4,11,0.5289159413834533,mid,Residual (MAD)
2004-11-05 18:00:00,C6H6(GT),residual_mad,3.2700411061642485,0.4942749977472872,2.775766108416961,6.670055555555554,1.0,5.415360648148139,True,False,4,18,4,11,0.3443923185421127,mid,Residual (MAD)
2004-11-08 18:00:00,C6H6(GT),residual_mad,2.0432980320324083,-0.5609319685610334,2.604230000593442,6.2578611111111115,1.0,5.415360648148139,True,False,0,18,0,11,-0.8204130506438488,mid,Residual (MAD)
2004-11-08 19:00:00,C6H6(GT),residual_mad,1.824979349347928,-0.5609319685610334,2.3859113179089615,5.73325,1.0,5.415360648148139,True,False,0,19,0,11,-0.9011421356369356,low,Residual (MAD)
2004-11-17 18:00:00,C6H6(GT),residual_mad,3.7794513657613695,0.3799175925316072,3.3995337732297624,8.168944444444445,1.0,5.415360648148139,True,False,2,18,2,11,-0.5436276163818383,mid,Residual (MAD)
2004-11-22 09:00:00,C6H6(GT),residual_mad,4.09133519816777,0.7073956165583274,3.3839395816094426,8.131472222222223,1.0,5.415360648148139,True,False,0,9,0,11,-1.500843909871292,low,Residual (MAD)
2004-11-22 10:00:00,C6H6(GT),residual_mad,5.442831805262171,0.9984871934709676,4.4443446117912035,10.679583333333335,1.0,5.415360648148139,True,False,0,10,0,11,-1.408582098450622,low,Residual (MAD)
2004-11-23 18:00:00,C6H6(GT),residual_mad,3.966581665205209,1.3987381117258477,2.567843553479361,6.170425925925924,1.0,5.415360648148139,True,False,1,18,1,11,-0.6012912485197572,mid,Residual (MAD)
2004-11-23 19:00:00,C6H6(GT),residual_mad,4.080939070420889,1.3987381117258477,2.6822009586950415,6.445222222222222,1.0,5.415360648148139,True,False,1,19,1,11,-0.6935530599404273,mid,Residual (MAD)
2004-11-23 20:00:00,C6H6(GT),residual_mad,3.956185537458329,1.3987381117258477,2.557447425732481,6.145444444444443,1.0,5.415360648148139,True,False,1,20,1,11,-0.7973475977886814,mid,Residual (MAD)
2004-11-26 18:00:00,C6H6(GT),residual_mad,3.5195481720893693,1.0348736405850474,2.484674531504322,5.970574074074076,1.0,5.415360648148139,True,False,4,18,4,11,-0.3360385406853302,mid,Residual (MAD)
2004-12-02 19:00:00,C6H6(GT),residual_mad,3.384398511379929,0.6866033610645672,2.697795150315362,6.482694444444445,1.0,5.415360648148139,True,False,3,19,3,12,-0.3475712671129139,mid,Residual (MAD)
2004-12-13 18:00:00,C6H6(GT),residual_mad,4.101731325914649,0.5410575726082472,3.5606737533064017,8.556157407407406,1.0,5.415360648148139,True,False,0,18,0,12,-0.6704876070852598,mid,Residual (MAD)
2004-12-24 19:00:00,C6H6(GT),residual_mad,3.166953020302851,0.7749704469130475,2.3919825733898032,5.7478389854431144,1.0,5.415360648148139,True,False,4,19,4,12,0.2638263187879296,mid,Residual (MAD)
2004-12-24 20:00:00,C6H6(GT),residual_mad,3.159938299096689,0.7749704469130475,2.3849678521836415,5.7309828893873425,1.0,5.415360648148139,True,False,4,20,4,12,0.2709038310103629,mid,Residual (MAD)
2004-12-24 21:00:00,C6H6(GT),residual_mad,3.1712769407749666,0.7749704469130475,2.396306493861919,5.758229194358543,1.0,5.415360648148139,True,False,4,21,4,12,0.2693383095033836,mid,Residual (MAD)
2004-12-24 22:00:00,C6H6(GT),residual_mad,3.199207730000927,0.7593762552927275,2.4398314747081997,5.862817992175067,1.0,5.415360648148139,True,False,4,22,4,12,0.2803552519166967,mid,Residual (MAD)
2004-12-24 23:00:00,C6H6(GT),residual_mad,3.217552764688548,0.6606130416973672,2.5569397229911806,6.144224454950402,1.0,5.415360648148139,True,False,4,23,4,12,0.2760779488812588,mid,Residual (MAD)
2005-01-05 01:00:00,C6H6(GT),residual_mad,-0.5973184156751135,2.260481581490498,-2.8577999971656114,6.867179727413037,-1.0,5.415360648148139,True,False,2,1,2,1,-1.028002126340357,low,Residual (MAD)
2005-01-17 18:00:00,C6H6(GT),residual_mad,3.290833361658009,0.270758251189367,3.020075110468642,7.25712037037037,1.0,5.415360648148139,True,False,0,18,0,1,-1.0626003056231084,low,Residual (MAD)
2005-01-17 19:00:00,C6H6(GT),residual_mad,2.6878579523389687,0.270758251189367,2.417099701149602,5.808194444444445,1.0,5.415360648148139,True,False,0,19,0,1,-1.2240584756092812,low,Residual (MAD)
2005-01-28 17:00:00,C6H6(GT),residual_mad,3.051022537682356,-0.5245455214469534,3.5755680591293095,8.591947831895617,1.0,5.415360648148139,True,False,4,17,4,1,0.2070542222222725,mid,Residual (MAD)
2005-01-28 18:00:00,C6H6(GT),residual_mad,3.0372718915730585,-0.5245455214469534,3.561817413020012,8.558905576211433,1.0,5.415360648148139,True,False,4,18,4,1,0.2014973577696506,mid,Residual (MAD)
2005-01-28 19:00:00,C6H6(GT),residual_mad,3.106537901095099,-0.5245455214469534,3.6310834225420523,8.72534904211539,1.0,5.415360648148139,True,False,4,19,4,1,0.189330195887461,mid,Residual (MAD)
2005-01-28 20:00:00,C6H6(GT),residual_mad,3.029334326843223,-0.5245455214469534,3.5538798482901766,8.539831923873336,1.0,5.415360648148139,True,False,4,20,4,1,0.199182180888808,mid,Residual (MAD)
2005-01-28 21:00:00,C6H6(GT),residual_mad,3.03190099778659,-0.5401397130672734,3.572040710853863,8.583471754286023,1.0,5.415360648148139,True,False,4,21,4,1,0.2014397258130919,mid,Residual (MAD)
2005-01-28 22:00:00,C6H6(GT),residual_mad,3.023662824809679,-0.5765261601813534,3.6001889849910325,8.651110937471744,1.0,5.415360648148139,True,False,4,22,4,1,0.1983122023079309,mid,Residual (MAD)
2005-01-28 23:00:00,C6H6(GT),residual_mad,3.033701078041835,-0.6077145434219935,3.6414156214638282,8.750176905172843,1.0,5.415360648148139,True,False,4,23,4,1,0.2053657378766813,mid,Residual (MAD)
2005-01-29 00:00:00,C6H6(GT),residual_mad,3.0608129279139558,-0.6389029266626336,3.6997158545765894,8.890270046516703,1.0,5.415360648148139,True,True,5,0,5,1,0.1869197722997866,mid,Residual (MAD)
2005-01-29 01:00:00,C6H6(GT),residual_mad,3.076743975266552,-0.7116758208907935,3.7884197961573456,9.103422090035897,1.0,5.415360648148139,True,True,5,1,5,1,0.2064996796173695,mid,Residual (MAD)
2005-02-02 20:00:00,C6H6(GT),residual_mad,2.084882543019928,-0.1866713696733532,2.2715539126932813,5.458453703703704,1.0,5.415360648148139,True,False,2,20,2,2,-1.1779275698989462,low,Residual (MAD)
2005-02-14 11:00:00,C6H6(GT),residual_mad,2.344785736691928,-0.5037532659531934,2.848539002645121,6.844925925925925,1.0,5.415360648148139,True,False,0,11,0,2,-0.7742821449335139,mid,Residual (MAD)
2005-03-11 11:00:00,C6H6(GT),residual_mad,3.353984491811109,-0.10870041157175316,3.462684903382862,8.320694098437274,1.0,5.415360648148139,True,False,4,11,4,3,0.2310667309009821,mid,Residual (MAD)
2005-03-15 20:00:00,C6H6(GT),residual_mad,2.303201225704409,-0.1242946031920731,2.427495828896482,5.833175925925927,1.0,5.415360648148139,True,False,1,20,1,3,-0.2322440028370763,mid,Residual (MAD)
2005-03-21 09:00:00,C6H6(GT),residual_mad,2.0432980320324083,-0.3166229665093533,2.3599209985417615,5.670796296296297,1.0,5.415360648148139,True,False,0,9,0,3,-0.4283003521060005,mid,Residual (MAD)
2005-03-24 20:00:00,C6H6(GT),residual_mad,2.5111237806420084,0.17199503759400697,2.3391287430480014,5.620833333333334,1.0,5.415360648148139,True,False,3,20,3,3,0.0445414314249346,mid,Residual (MAD)
2004-04-21 08:00:00,NOx(GT),residual_mad,1.8656286038662848,-0.4549574704185669,2.3205860742848516,5.965847421022222,1.0,5.927123320684703,True,False,2,8,2,4,-0.5090294370990869,mid,Residual (MAD)
2004-09-13 21:00:00,NOx(GT),residual_mad,3.2049996794985294,0.3580992283315626,2.8469004511669667,7.317485937956341,1.0,5.927123320684703,True,False,0,21,0,9,0.8864304606385507,high,Residual (MAD)
2004-09-24 09:00:00,NOx(GT),residual_mad,2.772987969919241,0.1809177124435129,2.592070257475728,6.663051401869161,1.0,5.927123320684703,True,False,4,9,4,9,0.5289159413834533,mid,Residual (MAD)
2004-09-27 07:00:00,NOx(GT),residual_mad,2.7533510740292737,0.14164392066357762,2.611707153365696,6.713481308411218,1.0,5.927123320684703,True,False,0,7,0,9,-0.393702172823249,mid,Residual (MAD)
2004-09-30 08:00:00,NOx(GT),residual_mad,2.440226842017216,0.09746090491115045,2.3427659371060656,6.02280797199,1.0,5.927123320684703,True,False,3,8,3,9,0.0099432521421832,mid,Residual (MAD)
2004-09-30 11:00:00,NOx(GT),residual_mad,2.339193430589201,0.033640993268755644,2.3055524373204452,5.927239236136466,1.0,5.927123320684703,True,False,3,11,3,9,0.3328595921145292,mid,Residual (MAD)
2004-10-04 19:00:00,NOx(GT),residual_mad,2.750941706966114,-0.045704106969324296,2.7966458139354384,7.188425995229564,1.0,5.927123320684703,True,False,0,19,0,10,0.6788413849420426,mid,Residual (MAD)
2004-10-15 09:00:00,NOx(GT),residual_mad,2.299379096814248,-0.0143394498527741,2.313718546667022,5.948210785482535,1.0,5.927123320684703,True,False,4,9,4,10,-0.128449464988822,mid,Residual (MAD)
2004-10-19 08:00:00,NOx(GT),residual_mad,2.8735410660379364,0.5114421380964744,2.362098927941462,6.072457413860573,1.0,5.927123320684703,True,False,1,8,1,10,-0.3014403614025787,mid,Residual (MAD)
2004-10-19 09:00:00,NOx(GT),residual_mad,2.864512756253076,0.5114421380964744,2.3530706181566017,6.049271630260436,1.0,5.927123320684703,True,False,1,9,1,10,-0.2091785499819084,mid,Residual (MAD)
2004-11-04 17:00:00,NOx(GT),residual_mad,3.995384739069727,1.0989425952995,2.896442143770227,7.444714953271031,1.0,5.927123320684703,True,False,3,17,3,11,0.7365050170799615,mid,Residual (MAD)
2004-11-04 18:00:00,NOx(GT),residual_mad,3.808834228115034,1.0989425952995,2.709891632815534,6.965630841121498,1.0,5.927123320684703,True,False,3,18,3,11,0.5404486678110373,mid,Residual (MAD)
2004-11-05 17:00:00,NOx(GT),residual_mad,3.74501431647264,0.5712010182566198,3.17381329821602,8.157037383177574,1.0,5.927123320684703,True,False,4,17,4,11,0.5289159413834533,mid,Residual (MAD)
2004-11-05 18:00:00,NOx(GT),residual_mad,3.013539944571345,0.5712010182566198,2.442338926314725,6.2785233644859835,1.0,5.927123320684703,True,False,4,18,4,11,0.3443923185421127,mid,Residual (MAD)
2004-11-08 18:00:00,NOx(GT),residual_mad,2.4735253075972348,0.006640261420050149,2.4668850461771847,6.3415607476635545,1.0,5.927123320684703,True,False,0,18,0,11,-0.8204130506438488,mid,Residual (MAD)
2004-11-08 19:00:00,NOx(GT),residual_mad,2.880268476720943,0.006640261420050149,2.873628215300893,7.386126045583568,1.0,5.927123320684703,True,False,0,19,0,11,-0.9011421356369356,low,Residual (MAD)
2004-11-09 11:00:00,NOx(GT),residual_mad,2.539984406541248,0.2051698901235375,2.33481451641771,6.002387768896943,1.0,5.927123320684703,True,False,1,11,1,11,-0.8434785034990165,mid,Residual (MAD)
2004-11-11 09:00:00,NOx(GT),residual_mad,4.952683413705649,1.489225901112607,3.463457512593042,8.9008785046729,1.0,5.927123320684703,True,False,3,9,3,11,-0.981871220630022,low,Residual (MAD)
2004-11-11 10:00:00,NOx(GT),residual_mad,4.280119729474258,1.489225901112607,2.790893828361651,7.17365420560748,1.0,5.927123320684703,True,False,3,10,3,11,-0.9472730413472706,low,Residual (MAD)
2004-11-11 11:00:00,NOx(GT),residual_mad,4.451942568511474,1.489225901112607,2.962716667398867,7.61491588785047,1.0,5.927123320684703,True,False,3,11,3,11,-0.8319457770714328,mid,Residual (MAD)
2004-11-16 08:00:00,NOx(GT),residual_mad,3.209908903471021,0.8289352768124449,2.380973626658576,6.120929906542059,1.0,5.927123320684703,True,False,1,8,1,11,-0.9588057677748544,low,Residual (MAD)
2004-11-16 09:00:00,NOx(GT),residual_mad,4.088659994547073,0.8289352768124449,3.259724717734628,8.37766822429907,1.0,5.927123320684703,True,False,1,9,1,11,-0.8204130506438488,mid,Residual (MAD)
2004-11-17 17:00:00,NOx(GT),residual_mad,5.1637800445228015,1.8034162353520888,3.3603638091707126,8.636121495327108,1.0,5.927123320684703,True,False,2,17,2,11,-0.2783749085474112,mid,Residual (MAD)
2004-11-17 19:00:00,NOx(GT),residual_mad,4.46667024042895,1.8034162353520888,2.6632540050768614,6.845859813084116,1.0,5.927123320684703,True,False,2,19,2,11,-0.6243567013749247,mid,Residual (MAD)
2004-11-18 01:00:00,NOx(GT),residual_mad,-0.0154512464561634,2.6502573706069437,-2.6657086170631072,6.839556074766359,-1.0,5.927123320684703,True,False,3,1,3,11,-1.108731211333443,low,Residual (MAD)
2004-11-18 02:00:00,NOx(GT),residual_mad,-0.0645434861810825,2.4563430236935133,-2.520886509874596,6.467635514018696,-1.0,5.927123320684703,True,False,3,2,3,11,-1.1433293906161948,low,Residual (MAD)
2004-11-18 03:00:00,NOx(GT),residual_mad,-0.3508275908396283,2.0194220901417332,-2.3702496809813614,6.080782049731676,-1.0,5.927123320684703,True,False,3,3,3,11,-1.2586566548920326,low,Residual (MAD)
2004-11-18 08:00:00,NOx(GT),residual_mad,3.700831300720212,1.322312286047882,2.37851901467233,6.114626168224301,1.0,5.927123320684703,True,False,3,8,3,11,-1.2355912020368651,low,Residual (MAD)
2004-11-18 09:00:00,NOx(GT),residual_mad,4.388122656869079,1.322312286047882,3.0658103708211972,7.879672897196264,1.0,5.927123320684703,True,False,3,9,3,11,-1.0971984849058596,low,Residual (MAD)
2004-11-18 10:00:00,NOx(GT),residual_mad,4.69740376713607,1.322312286047882,3.375091481088188,8.67394392523365,1.0,5.927123320684703,True,False,3,10,3,11,-0.8088803242162651,mid,Residual (MAD)
2004-11-18 11:00:00,NOx(GT),residual_mad,4.329211969199177,1.322312286047882,3.006899683151295,7.728383177570097,1.0,5.927123320684703,True,False,3,11,3,11,-0.5782257956645895,mid,Residual (MAD)
2004-11-20 18:00:00,NOx(GT),residual_mad,3.1019059760761998,0.4975626586692411,2.6043433174069586,6.694570093457948,1.0,5.927123320684703,True,True,5,18,5,11,-0.8434785034990165,mid,Residual (MAD)
2004-11-22 18:00:00,NOx(GT),residual_mad,5.217781508220212,2.721441118208076,2.496340390012136,6.417205607476638,1.0,5.927123320684703,True,False,0,18,0,11,-1.0971984849058596,low,Residual (MAD)
2004-11-22 19:00:00,NOx(GT),residual_mad,5.4337873630098565,2.721441118208076,2.7123462448017803,6.971934579439256,1.0,5.927123320684703,True,False,0,19,0,11,-1.074133032050692,low,Residual (MAD)
2004-11-23 00:00:00,NOx(GT),residual_mad,0.6472939898302443,3.2000904555260377,-2.5527964656957933,6.549584112149537,-1.0,5.927123320684703,True,False,1,0,1,11,-1.2125257491816974,low,Residual (MAD)
2004-11-23 01:00:00,NOx(GT),residual_mad,0.5442002864079143,3.2884564870308917,-2.7442562006229774,7.041275700934583,-1.0,5.927123320684703,True,False,1,1,1,11,-1.2009930227541137,low,Residual (MAD)
2004-11-23 02:00:00,NOx(GT),residual_mad,0.2398284001134158,3.4283693702469114,-3.1885409701334955,8.182252336448602,-1.0,5.927123320684703,True,False,1,2,1,11,-1.2009930227541137,low,Residual (MAD)
2004-11-23 03:00:00,NOx(GT),residual_mad,-0.1492493232623544,3.433278594219403,-3.5825279174817575,9.194058125148315,-1.0,5.927123320684703,True,False,1,3,1,11,-1.2240584756092812,low,Residual (MAD)
2004-11-23 04:00:00,NOx(GT),residual_mad,-0.0596342622085906,3.3792771305219915,-3.4389113927305823,8.825233644859816,-1.0,5.927123320684703,True,False,1,4,1,11,-1.2125257491816974,low,Residual (MAD)
2004-11-23 05:00:00,NOx(GT),residual_mad,-0.0007235745386876,3.293365711003384,-3.2940892855420714,8.453313084112153,-1.0,5.927123320684703,True,False,1,5,1,11,-1.1779275698989462,low,Residual (MAD)
2004-11-23 06:00:00,NOx(GT),residual_mad,0.3821958953156812,3.293365711003384,-2.9111698156877024,7.46992990654206,-1.0,5.927123320684703,True,False,1,6,1,11,-1.1433293906161948,low,Residual (MAD)
2004-11-26 18:00:00,NOx(GT),residual_mad,5.6497932177995,3.0282676164888205,2.6215256013106796,6.738696261682246,1.0,5.927123320684703,True,False,4,18,4,11,-0.3360385406853302,mid,Residual (MAD)
2004-11-29 09:00:00,NOx(GT),residual_mad,3.4848254459305683,0.4042874031918948,3.0805380427386737,7.917495327102809,1.0,5.927123320684703,True,False,0,9,0,11,-0.8204130506438488,mid,Residual (MAD)
2004-11-29 10:00:00,NOx(GT),residual_mad,3.9561109472897913,0.3159213716870404,3.6401895756027507,9.354747663551406,1.0,5.927123320684703,True,False,0,10,0,11,-0.5320948899542544,mid,Residual (MAD)
2004-11-29 11:00:00,NOx(GT),residual_mad,4.584491615768756,0.2349191761409239,4.349572439627832,11.176528037383184,1.0,5.927123320684703,True,False,0,11,0,11,-0.4052348992508328,mid,Residual (MAD)
2004-11-29 12:00:00,NOx(GT),residual_mad,3.7401050925001473,0.21282766826471033,3.5272774242354368,9.064775700934582,1.0,5.927123320684703,True,False,0,12,0,11,-0.3591039935404976,mid,Residual (MAD)
2004-12-01 06:00:00,NOx(GT),residual_mad,-0.5063736437053543,1.8475992511045163,-2.3539728948098704,6.038981308411217,-1.0,5.927123320684703,True,False,2,6,2,12,-1.0971984849058596,low,Residual (MAD)
2004-12-01 10:00:00,NOx(GT),residual_mad,3.057722960323772,0.5540187343528981,2.503704225970874,6.436116822429909,1.0,5.927123320684703,True,False,2,10,2,12,-0.9242075884921028,low,Residual (MAD)
2004-12-01 14:00:00,NOx(GT),residual_mad,3.411187086343189,0.6178386459952929,2.793348440347896,7.179957943925235,1.0,5.927123320684703,True,False,2,14,2,12,-0.5436276163818383,mid,Residual (MAD)
2004-12-01 15:00:00,NOx(GT),residual_mad,2.9349923610114743,0.6178386459952929,2.3171537150161816,5.9570327102803775,1.0,5.927123320684703,True,False,2,15,2,12,-0.6243567013749247,mid,Residual (MAD)
2004-12-01 16:00:00,NOx(GT),residual_mad,3.676285180857753,0.6178386459952929,3.05844653486246,7.860761682242995,1.0,5.927123320684703,True,False,2,16,2,12,-0.658954880657676,mid,Residual (MAD)
2004-12-01 17:00:00,NOx(GT),residual_mad,3.666466732912769,0.6178386459952929,3.0486280869174758,7.835546728971966,1.0,5.927123320684703,True,False,2,17,2,12,-0.705085786368011,mid,Residual (MAD)
2004-12-01 18:00:00,NOx(GT),residual_mad,3.936474051399824,0.6178386459952929,3.318635405404531,8.528957943925237,1.0,5.927123320684703,True,False,2,18,2,12,-0.705085786368011,mid,Residual (MAD)
2004-12-02 19:00:00,NOx(GT),residual_mad,4.643402303438659,2.0439682100041927,2.5994340934344664,6.6819626168224335,1.0,5.927123320684703,True,False,3,19,3,12,-0.3475712671129139,mid,Residual (MAD)
2004-12-03 05:00:00,NOx(GT),residual_mad,-0.6634688108250955,1.6782310240535454,-2.341699834878641,6.007462616822433,-1.0,5.927123320684703,True,False,4,5,4,12,-0.5205621635266706,mid,Residual (MAD)
2004-12-12 18:00:00,NOx(GT),residual_mad,3.583009925380406,0.4951080466829952,3.087901878697411,7.936406542056077,1.0,5.927123320684703,True,True,6,18,6,12,-0.716618512795595,mid,Residual (MAD)
2004-12-13 17:00:00,NOx(GT),residual_mad,3.808834228115034,1.491680513098853,2.3171537150161807,5.957032710280375,1.0,5.927123320684703,True,False,0,17,0,12,-0.4974967106715031,mid,Residual (MAD)
2004-12-13 18:00:00,NOx(GT),residual_mad,6.091623375323772,1.491680513098853,4.599942862224919,11.819509345794398,1.0,5.927123320684703,True,False,0,18,0,12,-0.6704876070852598,mid,Residual (MAD)
2004-12-13 19:00:00,NOx(GT),residual_mad,3.828471124005002,1.491680513098853,2.3367906109061485,6.007462616822432,1.0,5.927123320684703,True,False,0,19,0,12,-0.7742821449335139,mid,Residual (MAD)
2004-12-14 17:00:00,NOx(GT),residual_mad,4.520671704126361,1.744505547682186,2.776166156444175,7.135831775700938,1.0,5.927123320684703,True,False,1,17,1,12,0.2729002723757336,mid,Residual (MAD)
2004-12-14 18:00:00,NOx(GT),residual_mad,5.261964523972639,1.744505547682186,3.5174589762904533,9.039560747663556,1.0,5.927123320684703,True,False,1,18,1,12,0.2720137960973683,mid,Residual (MAD)
2004-12-15 04:00:00,NOx(GT),residual_mad,-0.6634688108250955,2.3777954401336427,-3.041264250958738,7.804028037383182,-1.0,5.927123320684703,True,False,2,4,2,12,0.3329701486846299,mid,Residual (MAD)
2004-12-15 05:00:00,NOx(GT),residual_mad,-0.5161920916503382,2.417069231913578,-2.933261323563916,7.526663551401873,-1.0,5.927123320684703,True,False,2,5,2,12,0.3283459540633404,mid,Residual (MAD)
2004-12-15 06:00:00,NOx(GT),residual_mad,0.0287317692962637,2.417069231913578,-2.388337462617314,6.127233644859817,-1.0,5.927123320684703,True,False,2,6,2,12,0.3103287086518388,mid,Residual (MAD)
2004-12-15 07:00:00,NOx(GT),residual_mad,-0.0792711580985582,2.417069231913578,-2.496340390012136,6.404598130841125,-1.0,5.927123320684703,True,False,2,7,2,12,0.3022120614569495,mid,Residual (MAD)
2004-12-15 16:00:00,NOx(GT),residual_mad,3.411187086343189,1.013863787238018,2.397323299105171,6.16291782856879,1.0,5.927123320684703,True,False,2,16,2,12,0.2666227884968277,mid,Residual (MAD)
2004-12-15 17:00:00,NOx(GT),residual_mad,4.90359117398073,1.013863787238018,3.889727386742712,9.995590725765055,1.0,5.927123320684703,True,False,2,17,2,12,0.2725349033686952,mid,Residual (MAD)
2004-12-15 18:00:00,NOx(GT),residual_mad,4.412668776731539,1.013863787238018,3.3988049894935206,8.73484306221365,1.0,5.927123320684703,True,False,2,18,2,12,0.2721422581684763,mid,Residual (MAD)
2004-12-18 21:00:00,NOx(GT),residual_mad,2.3998869480098564,-0.0792711580985582,2.4791581061084145,6.37307943925234,1.0,5.927123320684703,True,True,5,21,5,12,-0.9588057677748544,low,Residual (MAD)
2004-12-23 20:00:00,NOx(GT),residual_mad,4.820134366448367,1.9654206264443221,2.854713740004045,7.3375514018691606,1.0,5.927123320684703,True,False,3,20,3,12,-1.408582098450622,low,Residual (MAD)
2004-12-24 05:00:00,NOx(GT),residual_mad,0.0630963371037071,2.380250052119888,-2.317153715016181,5.944425233644862,-1.0,5.927123320684703,True,False,4,5,4,12,-1.6277039005747136,low,Residual (MAD)
2004-12-28 09:00:00,NOx(GT),residual_mad,2.6228961775498085,0.22651148587223924,2.3963846916775693,6.160507371991597,1.0,5.927123320684703,True,False,1,9,1,12,-1.074133032050692,low,Residual (MAD)
2005-01-01 18:00:00,NOx(GT),residual_mad,2.9153554651215066,-0.052270426249852696,2.9676258913713593,7.6275233644859854,1.0,5.927123320684703,True,True,5,18,5,1,-1.0856657584782758,low,Residual (MAD)
2005-01-05 11:00:00,NOx(GT),residual_mad,3.700831300720212,0.666930885720212,3.0339004149999997,7.797724299065422,1.0,5.927123320684703,True,False,2,11,2,1,-0.8319457770714328,mid,Residual (MAD)
2005-01-05 12:00:00,NOx(GT),residual_mad,4.378304208924096,0.666930885720212,3.7113733232038837,9.537556074766359,1.0,5.927123320684703,True,False,2,12,2,1,-0.6474221542300922,mid,Residual (MAD)
2005-01-05 13:00:00,NOx(GT),residual_mad,3.6271929411328334,0.666930885720212,2.9602620554126213,7.608612149532713,1.0,5.927123320684703,True,False,2,13,2,1,-0.5782257956645895,mid,Residual (MAD)
2005-01-17 18:00:00,NOx(GT),residual_mad,4.8004974705584,1.2314916425567817,3.5690058280016186,9.171939252336454,1.0,5.927123320684703,True,False,0,18,0,1,-1.0626003056231084,low,Residual (MAD)
2005-01-17 19:00:00,NOx(GT),residual_mad,4.869226606173287,1.2314916425567817,3.6377349636165053,9.34844392523365,1.0,5.927123320684703,True,False,0,19,0,1,-1.2240584756092812,low,Residual (MAD)
2005-01-21 21:00:00,NOx(GT),residual_mad,4.721949886998529,2.2035179891101797,2.5184318978883495,6.473939252336451,1.0,5.927123320684703,True,False,4,21,4,1,-1.0395348527679409,low,Residual (MAD)
2005-01-31 19:00:00,NOx(GT),residual_mad,3.5142807897655195,0.6997056637881505,2.814575125977369,7.234470621412048,1.0,5.927123320684703,True,False,0,19,0,1,-1.131796664188611,low,Residual (MAD)
2005-01-31 20:00:00,NOx(GT),residual_mad,3.6615575089402768,0.8240260528399531,2.8375314561003235,7.293425233644863,1.0,5.927123320684703,True,False,0,20,0,1,-1.2817221077472,low,Residual (MAD)
2005-02-01 09:00:00,NOx(GT),residual_mad,3.5731914774354223,1.258492374405487,2.3146991030299353,5.950728971962619,1.0,5.927123320684703,True,False,1,9,1,2,-1.6969002591402162,low,Residual (MAD)
2005-02-01 11:00:00,NOx(GT),residual_mad,3.666466732912769,1.148034835024419,2.51843189788835,6.473939252336452,1.0,5.927123320684703,True,False,1,11,1,2,-1.4547130041609568,low,Residual (MAD)
2005-02-01 12:00:00,NOx(GT),residual_mad,3.82356190003251,1.148034835024419,2.675527065008091,6.877378504672901,1.0,5.927123320684703,True,False,1,12,1,2,-1.2817221077472,low,Residual (MAD)
2005-02-02 09:00:00,NOx(GT),residual_mad,3.165725887718594,0.4656527028480437,2.70007318487055,6.940415887850469,1.0,5.927123320684703,True,False,2,9,2,2,-1.80069479698847,low,Residual (MAD)
2005-02-02 10:00:00,NOx(GT),residual_mad,2.8760816733415715,0.4656527028480437,2.410428970493528,6.196574766355144,1.0,5.927123320684703,True,False,2,10,2,2,-1.4547130041609568,low,Residual (MAD)
2005-02-03 09:00:00,NOx(GT),residual_mad,3.6173744931878495,1.0228496237258753,2.5945248694619742,6.669355140186918,1.0,5.927123320684703,True,False,3,9,3,2,-1.8814238819815563,low,Residual (MAD)
2005-02-03 10:00:00,NOx(GT),residual_mad,3.479916221958076,1.0228496237258753,2.457066598232201,6.316345794392526,1.0,5.927123320684703,True,False,3,10,3,2,-1.5354420891540437,low,Residual (MAD)
2005-02-03 18:00:00,NOx(GT),residual_mad,3.6419206130503095,1.1136702672169756,2.528250345833334,6.49915420560748,1.0,5.927123320684703,True,False,3,18,3,2,-0.716618512795595,mid,Residual (MAD)
2005-02-03 19:00:00,NOx(GT),residual_mad,3.5731914774354223,1.1136702672169756,2.4595212102184467,6.322649532710283,1.0,5.927123320684703,True,False,3,19,3,2,-0.9357403149196868,low,Residual (MAD)
2005-02-04 08:00:00,NOx(GT),residual_mad,3.1853627836085616,0.3625589994257136,2.822803784182848,7.25560280373832,1.0,5.927123320684703,True,False,4,8,4,2,-1.858358429126389,low,Residual (MAD)
2005-02-05 09:00:00,NOx(GT),residual_mad,2.556982115129597,0.0041856494338042,2.552796465695793,6.5621915887850495,1.0,5.927123320684703,True,True,5,9,5,2,-1.650769353429881,low,Residual (MAD)
2005-02-10 20:00:00,NOx(GT),residual_mad,3.8775633637299207,0.2717383559346132,3.6058250077953073,9.266495327102808,1.0,5.927123320684703,True,False,3,20,3,2,0.2007894965627574,mid,Residual (MAD)
2005-02-11 16:00:00,NOx(GT),residual_mad,4.810315918503384,1.8745999829532218,2.935715935550162,7.545574766355143,1.0,5.927123320684703,True,False,4,16,4,2,0.2174211553545509,mid,Residual (MAD)
2005-02-11 17:00:00,NOx(GT),residual_mad,4.854498934255811,1.8745999829532218,2.979898951302589,7.65904205607477,1.0,5.927123320684703,True,False,4,17,4,2,0.2171992063310097,mid,Residual (MAD)
2005-02-16 08:00:00,NOx(GT),residual_mad,3.0233583925163288,0.3699228353844515,2.6534355571318775,6.820644859813088,1.0,5.927123320684703,True,False,2,8,2,2,-1.5239093627264595,low,Residual (MAD)
2005-02-25 09:00:00,NOx(GT),residual_mad,3.1508981376268745,0.389559731274419,2.7613384063524555,7.09775233302607,1.0,5.927123320684703,True,False,4,9,4,2,-1.408582098450622,low,Residual (MAD)
2005-03-02 19:00:00,NOx(GT),residual_mad,2.851535553479112,0.27419296792085923,2.577342585558253,6.6252289719626205,1.0,5.927123320684703,True,False,2,19,2,3,-1.293254834174784,low,Residual (MAD)
2005-03-03 19:00:00,NOx(GT),residual_mad,3.2835472630584,0.46565270284804366,2.8178945602103562,7.242995327102807,1.0,5.927123320684703,True,False,3,19,3,3,-1.558507542009211,low,Residual (MAD)
2005-03-04 09:00:00,NOx(GT),residual_mad,3.538826909627979,1.1652171189281408,2.373609790699838,6.102018691588787,1.0,5.927123320684703,True,False,4,9,4,3,-1.5469748155816272,low,Residual (MAD)
2005-03-08 09:00:00,NOx(GT),residual_mad,3.0871783041587237,0.3846505073019272,2.7025277968567964,6.946719626168228,1.0,5.927123320684703,True,False,1,9,1,3,-1.650769353429881,low,Residual (MAD)
2005-03-09 08:00:00,NOx(GT),residual_mad,3.1362705438836427,0.4361973590130922,2.7000731848705506,6.940415887850471,1.0,5.927123320684703,True,False,2,8,2,3,-1.7430311648505512,low,Residual (MAD)
2005-03-09 09:00:00,NOx(GT),residual_mad,3.2491826952509566,0.4361973590130922,2.8129853362378645,7.230387850467293,1.0,5.927123320684703,True,False,2,9,2,3,-1.4662457305885408,low,Residual (MAD)
2005-03-10 08:00:00,NOx(GT),residual_mad,3.067541408268756,0.25946529600338347,2.8080761122653723,7.217780373831779,1.0,5.927123320684703,True,False,3,8,3,3,-1.570040268436795,low,Residual (MAD)
2005-03-11 11:00:00,NOx(GT),residual_mad,2.817170985671668,0.4582888668893058,2.358882118782362,6.064196261682244,1.0,5.927123320684703,True,False,4,11,4,3,0.2310667309009821,mid,Residual (MAD)
2005-03-12 21:00:00,NOx(GT),residual_mad,2.1642441973302446,-0.23391171323205334,2.398155910562298,6.165056074766358,1.0,5.927123320684703,True,True,5,21,5,3,-0.7396839656507624,mid,Residual (MAD)
2005-03-14 19:00:00,NOx(GT),residual_mad,2.669894266496911,0.1514623686085615,2.5184318978883495,6.473939252336451,1.0,5.927123320684703,True,False,0,19,0,3,-0.1976458235543249,mid,Residual (MAD)
2005-03-14 20:00:00,NOx(GT),residual_mad,2.404796171982348,0.028731769296263747,2.3760644026860844,6.108322429906544,1.0,5.927123320684703,True,False,0,20,0,3,-0.289907634974995,mid,Residual (MAD)
2005-03-15 20:00:00,NOx(GT),residual_mad,2.959538480873934,0.44110658298558414,2.5184318978883495,6.473939252336451,1.0,5.927123320684703,True,False,1,20,1,3,-0.2322440028370763,mid,Residual (MAD)
2005-03-23 20:00:00,NOx(GT),residual_mad,3.121542871966166,0.6055655860640632,2.5159772859021032,6.467635514018693,1.0,5.927123320684703,True,False,2,20,2,3,0.125270516418021,mid,Residual (MAD)
2005-03-31 07:00:00,NOx(GT),residual_mad,2.134788853495293,-0.3271869687093997,2.4619758222046926,6.328953271028039,1.0,5.927123320684703,True,False,3,7,3,3,-0.658954880657676,mid,Residual (MAD)
2004-03-12 04:00:00,NO2(GT),residual_mad,-1.6966708310420733,0.19616463046827215,-1.8928354615103453,3.0885,-1.0,3.0530000000000004,True,False,4,4,4,3,-1.4201148248782056,low,Residual (MAD)
2004-03-19 04:00:00,NO2(GT),residual_mad,-1.6966708310420733,0.457245383780044,-2.153916214822117,3.5145,-1.0,3.0530000000000004,True,False,4,4,4,3,-0.705085786368011,mid,Residual (MAD)
2004-03-19 05:00:00,NO2(GT),residual_mad,-1.7836977488126635,0.457245383780044,-2.2409431325927076,3.6565,-1.0,3.0530000000000004,True,False,4,5,4,3,-0.6820203335128435,mid,Residual (MAD)
2004-05-20 04:00:00,NO2(GT),residual_mad,-1.827211207697959,0.0547458890910625,-1.8819570967890216,3.07075,-1.0,3.0530000000000004,True,False,3,4,3,5,0.136803242845605,mid,Residual (MAD)
2004-06-09 18:00:00,NO2(GT),residual_mad,2.43710776306098,0.4028535601734248,2.034254202887555,3.31925,1.0,3.0530000000000004,True,False,2,18,2,6,2.178095820527933,high,Residual (MAD)
2004-06-10 01:00:00,NO2(GT),residual_mad,-1.479103536615597,0.4028535601734248,-1.8819570967890216,3.07075,-1.0,3.0530000000000004,True,False,3,1,3,6,0.6327104792317072,mid,Residual (MAD)
2004-06-30 04:00:00,NO2(GT),residual_mad,-1.479103536615597,0.39197519545210097,-1.8710787320676978,3.0530000000000004,-1.0,3.0530000000000004,True,False,2,4,2,6,0.9786922720592206,high,Residual (MAD)
2004-06-30 17:00:00,NO2(GT),residual_mad,2.5241346808315703,0.5986641251572536,1.9254705556743166,3.1417499999999996,1.0,3.0530000000000004,True,False,2,17,2,6,2.3510867169416905,high,Residual (MAD)
2004-07-06 04:00:00,NO2(GT),residual_mad,-1.6096439132714826,0.4028535601734248,-2.0124974734449075,3.28375,-1.0,3.0530000000000004,True,False,1,4,1,7,0.5865795735213722,mid,Residual (MAD)
2004-07-07 04:00:00,NO2(GT),residual_mad,-1.4138333482876535,0.5007588426653392,-1.9145921909529928,3.1239999999999997,-1.0,3.0530000000000004,True,False,2,4,2,7,0.8172341020730479,mid,Residual (MAD)
2004-07-07 18:00:00,NO2(GT),residual_mad,2.676431786930104,0.5225155721079868,2.153916214822117,3.5145,1.0,3.0530000000000004,True,False,2,18,2,7,2.1319649148175985,high,Residual (MAD)
2004-07-07 19:00:00,NO2(GT),residual_mad,2.458864492503628,0.5225155721079868,1.936348920395641,3.1595000000000004,1.0,3.0530000000000004,True,False,2,19,2,7,1.98203947125901,high,Residual (MAD)
2004-07-09 04:00:00,NO2(GT),residual_mad,-1.522616995500892,0.4028535601734249,-1.9254705556743168,3.14175,-1.0,3.0530000000000004,True,False,4,4,4,7,1.0363559041971395,high,Residual (MAD)
2004-07-15 04:00:00,NO2(GT),residual_mad,-1.5878871838288349,0.35934010128812954,-1.9472272851169645,3.17725,-1.0,3.0530000000000004,True,False,3,4,3,7,0.3674577713972806,mid,Residual (MAD)
2004-07-21 10:00:00,NO2(GT),residual_mad,1.8279193386668455,-0.07579448756482335,1.9037138262316688,3.1062499999999997,1.0,3.0530000000000004,True,False,2,10,2,7,1.7859831219900852,high,Residual (MAD)
2004-07-31 11:00:00,NO2(GT),residual_mad,1.3927847498138928,-0.532685805860424,1.9254705556743168,3.14175,1.0,3.0530000000000004,True,True,5,11,5,7,2.028170376969345,high,Residual (MAD)
2004-08-02 04:00:00,NO2(GT),residual_mad,-2.28410252599356,-0.35863197031924277,-1.9254705556743175,3.1417500000000014,-1.0,3.0530000000000004,True,False,0,4,0,8,0.8172341020730479,mid,Residual (MAD)
2004-09-02 18:00:00,NO2(GT),residual_mad,1.8181474677692575,-0.29756898157971956,2.115716449348977,3.45217024230957,1.0,3.0530000000000004,True,False,3,18,3,9,2.0397031033969286,high,Residual (MAD)
2004-09-02 19:00:00,NO2(GT),residual_mad,2.15132460983011,-0.29756898157971956,2.4488935914098295,3.9958084106445297,1.0,3.0530000000000004,True,False,3,19,3,9,1.6591231312866634,high,Residual (MAD)
2004-09-03 17:00:00,NO2(GT),residual_mad,2.123399998973966,-0.011187846950709394,2.134587845924675,3.4829623050689693,1.0,3.0530000000000004,True,False,4,17,4,9,2.408750349079609,high,Residual (MAD)
2004-09-03 19:00:00,NO2(GT),residual_mad,1.9167585426011848,-0.011187846950709394,1.9279463895518942,3.1457897663116454,1.0,3.0530000000000004,True,False,4,19,4,9,1.7052540369969993,high,Residual (MAD)
2004-09-05 00:00:00,NO2(GT),residual_mad,1.457851101595849,-0.44888333990096124,1.9067344414968104,3.111178674697876,1.0,3.0530000000000004,True,True,6,0,6,9,1.1055522627626424,high,Residual (MAD)
2004-09-09 18:00:00,NO2(GT),residual_mad,2.3935943041756844,0.5007588426653392,1.8928354615103453,3.0885,1.0,3.0530000000000004,True,False,3,18,3,9,1.935908565548675,high,Residual (MAD)
2004-09-10 04:00:00,NO2(GT),residual_mad,-1.5008602660582444,0.5551506662719583,-2.056010932330203,3.35475,-1.0,3.0530000000000004,True,False,4,4,4,9,0.7019068377972101,mid,Residual (MAD)
2004-09-13 15:00:00,NO2(GT),residual_mad,2.132513550863913,0.1308944421403292,2.0016191087235837,3.2660000000000005,1.0,3.0530000000000004,True,False,0,15,0,9,1.6360576784314964,high,Residual (MAD)
2004-09-19 19:00:00,NO2(GT),residual_mad,1.6973789620109598,-0.36951033504056663,2.0668892970515262,3.372499999999999,1.0,3.0530000000000004,True,True,6,19,6,9,1.0478886306247237,high,Residual (MAD)
2004-09-19 20:00:00,NO2(GT),residual_mad,1.6756222325683123,-0.3259968761552713,2.0016191087235837,3.2660000000000005,1.0,3.0530000000000004,True,True,6,20,6,9,0.8979631870661342,high,Residual (MAD)
2004-09-20 19:00:00,NO2(GT),residual_mad,2.502377951388923,0.24302031154692466,2.259357639841998,3.6865465660095214,1.0,3.0530000000000004,True,False,0,19,0,9,1.1170849891902264,high,Residual (MAD)
2004-09-21 04:00:00,NO2(GT),residual_mad,-1.6096439132714826,0.6095424898785775,-2.21918640315006,3.621,-1.0,3.0530000000000004,True,False,1,4,1,9,0.2751959599766103,mid,Residual (MAD)
2004-09-21 05:00:00,NO2(GT),residual_mad,-1.2397795127464726,0.7727179606984349,-2.0124974734449075,3.28375,-1.0,3.0530000000000004,True,False,1,5,1,9,0.0445414314249346,mid,Residual (MAD)
2004-09-22 17:00:00,NO2(GT),residual_mad,2.3500808452903894,0.17440790102562453,2.1756729442647647,3.55,1.0,3.0530000000000004,True,False,2,17,2,9,1.5899267727211617,high,Residual (MAD)
2004-09-22 18:00:00,NO2(GT),residual_mad,2.241297198077151,0.17440790102562453,2.0668892970515262,3.372499999999999,1.0,3.0530000000000004,True,False,2,18,2,9,1.1978140741833128,high,Residual (MAD)
2004-10-26 17:00:00,NO2(GT),residual_mad,1.6756222325683123,-0.3259968761552713,2.0016191087235837,3.2660000000000005,1.0,3.0530000000000004,True,False,1,17,1,10,0.5519813942386208,mid,Residual (MAD)
2004-11-02 14:00:00,NO2(GT),residual_mad,1.7408924208962553,-0.18457813477806162,1.925470555674317,3.14175,1.0,3.0530000000000004,True,False,1,14,1,11,0.8172341020730479,mid,Residual (MAD)
2004-11-04 17:00:00,NO2(GT),residual_mad,1.6538655031256646,-0.347753605597919,2.0016191087235837,3.2660000000000005,1.0,3.0530000000000004,True,False,3,17,3,11,0.7365050170799615,mid,Residual (MAD)
2004-11-08 19:00:00,NO2(GT),residual_mad,1.97866310405093,0.02820879426741195,1.950454309783518,3.182515468597412,1.0,3.0530000000000004,True,False,0,19,0,11,-0.9011421356369356,low,Residual (MAD)
2004-11-11 04:00:00,NO2(GT),residual_mad,-0.782888194450872,1.142582361223445,-1.925470555674317,3.14175,-1.0,3.0530000000000004,True,False,3,4,3,11,-1.2471239284644489,low,Residual (MAD)
2004-11-11 05:00:00,NO2(GT),residual_mad,-0.913428571106758,1.3492712909285975,-2.2626998620353556,3.6920000000000006,-1.0,3.0530000000000004,True,False,3,5,3,11,-1.2586566548920326,low,Residual (MAD)
2004-11-16 04:00:00,NO2(GT),residual_mad,-1.6966708310420733,0.8053530548624064,-2.50202388590448,4.0825000000000005,-1.0,3.0530000000000004,True,False,1,4,1,11,-0.8434785034990165,mid,Residual (MAD)
2004-11-16 05:00:00,NO2(GT),residual_mad,-1.522616995500892,0.8162314195837301,-2.3388484150846223,3.81625,-1.0,3.0530000000000004,True,False,1,5,1,11,-0.8896094092093517,mid,Residual (MAD)
2004-11-17 04:00:00,NO2(GT),residual_mad,-0.913428571106758,1.2948794673219783,-2.2083080384287364,3.60325,-1.0,3.0530000000000004,True,False,2,4,2,11,-1.408582098450622,low,Residual (MAD)
2004-11-17 05:00:00,NO2(GT),residual_mad,-0.8916718416641102,1.3275145614859498,-2.21918640315006,3.621,-1.0,3.0530000000000004,True,False,2,5,2,11,-1.339385739885119,low,Residual (MAD)
2004-11-17 06:00:00,NO2(GT),residual_mad,-0.6305910883523385,1.3275145614859498,-1.9581056498382883,3.195,-1.0,3.0530000000000004,True,False,2,6,2,11,-1.4662457305885408,low,Residual (MAD)
2004-11-17 19:00:00,NO2(GT),residual_mad,3.873051906275725,1.7300140561749313,2.143037850100794,3.496750000000001,1.0,3.0530000000000004,True,False,2,19,2,11,-0.6243567013749247,mid,Residual (MAD)
2004-11-18 03:00:00,NO2(GT),residual_mad,-0.592426346911123,1.8496760681094933,-2.4421024150206163,3.984727390289306,-1.0,3.0530000000000004,True,False,3,3,3,11,-1.2586566548920326,low,Residual (MAD)
2004-11-18 04:00:00,NO2(GT),residual_mad,-0.5653209000243955,1.7300140561749313,-2.295334956199327,3.7452499999999995,-1.0,3.0530000000000004,True,False,3,4,3,11,-1.3855166455954542,low,Residual (MAD)
2004-11-18 05:00:00,NO2(GT),residual_mad,-0.4565372528111572,1.8496760681094933,-2.3062133209206506,3.763,-1.0,3.0530000000000004,True,False,3,5,3,11,-1.443180277733373,low,Residual (MAD)
2004-11-18 10:00:00,NO2(GT),residual_mad,3.742511529619839,1.7191356914536076,2.0233758381662312,3.3015,1.0,3.0530000000000004,True,False,3,10,3,11,-0.8088803242162651,mid,Residual (MAD)
2004-11-18 11:00:00,NO2(GT),residual_mad,3.655484611849248,1.6212304089616931,2.034254202887555,3.31925,1.0,3.0530000000000004,True,False,3,11,3,11,-0.5782257956645895,mid,Residual (MAD)
2004-11-19 02:00:00,NO2(GT),residual_mad,-0.9786987594347007,1.6212304089616931,-2.599929168396394,4.24225,-1.0,3.0530000000000004,True,False,4,2,4,11,-0.3360385406853302,mid,Residual (MAD)
2004-11-19 03:00:00,NO2(GT),residual_mad,-0.725704075749311,1.5885953147977216,-2.3142993905470326,3.7761938705444336,-1.0,3.0530000000000004,True,False,4,3,4,11,-0.4052348992508328,mid,Residual (MAD)
2004-11-19 04:00:00,NO2(GT),residual_mad,-1.5008602660582444,1.6538655031256646,-3.154725769183909,5.1475,-1.0,3.0530000000000004,True,False,4,4,4,11,-0.4283003521060005,mid,Residual (MAD)
2004-11-19 05:00:00,NO2(GT),residual_mad,-1.6096439132714826,1.6538655031256646,-3.263509416397147,5.324999999999999,-1.0,3.0530000000000004,True,False,4,5,4,11,-0.4283003521060005,mid,Residual (MAD)
2004-11-19 06:00:00,NO2(GT),residual_mad,-1.4138333482876535,1.7300140561749313,-3.143847404462585,5.12975,-1.0,3.0530000000000004,True,False,4,6,4,11,-0.3475712671129139,mid,Residual (MAD)
2004-11-19 07:00:00,NO2(GT),residual_mad,-0.2607266878273284,1.686500597289636,-1.9472272851169645,3.17725,-1.0,3.0530000000000004,True,False,4,7,4,11,-0.4513658049611679,mid,Residual (MAD)
2004-11-20 10:00:00,NO2(GT),residual_mad,2.893999081356581,0.642177584042549,2.2518214973140322,3.674250000000001,1.0,3.0530000000000004,True,True,5,10,5,11,-0.7512166920783462,mid,Residual (MAD)
2004-11-20 18:00:00,NO2(GT),residual_mad,2.80697216358599,0.8488665137477016,1.9581056498382885,3.1950000000000003,1.0,3.0530000000000004,True,True,5,18,5,11,-0.8434785034990165,mid,Residual (MAD)
2004-11-22 04:00:00,NO2(GT),residual_mad,-0.913428571106758,1.012041984567559,-1.925470555674317,3.14175,-1.0,3.0530000000000004,True,False,0,4,0,11,-1.639236627002297,low,Residual (MAD)
2004-11-22 05:00:00,NO2(GT),residual_mad,-0.6523478177949861,1.2513660084366833,-1.9037138262316695,3.1062500000000006,-1.0,3.0530000000000004,True,False,0,5,0,11,-1.8237602498436376,low,Residual (MAD)
2004-11-26 18:00:00,NO2(GT),residual_mad,3.1550798346683524,1.2731227378793308,1.8819570967890216,3.07075,1.0,3.0530000000000004,True,False,4,18,4,11,-0.3360385406853302,mid,Residual (MAD)
2004-11-29 11:00:00,NO2(GT),residual_mad,2.654675057487456,0.0003540654844434027,2.6543209920030124,4.3309999999999995,1.0,3.0530000000000004,True,False,0,11,0,11,-0.4052348992508328,mid,Residual (MAD)
2004-12-13 18:00:00,NO2(GT),residual_mad,3.4596740468654192,0.7292045018131397,2.7304695450522796,4.4552499999999995,1.0,3.0530000000000004,True,False,0,18,0,12,-0.6704876070852598,mid,Residual (MAD)
2004-12-14 17:00:00,NO2(GT),residual_mad,3.1985932935536474,0.7292045018131396,2.4693887917405077,4.029249999999999,1.0,3.0530000000000004,True,False,1,17,1,12,0.2729002723757336,mid,Residual (MAD)
2004-12-14 18:00:00,NO2(GT),residual_mad,3.002782728569819,0.7292045018131396,2.2735782267566793,3.70975,1.0,3.0530000000000004,True,False,1,18,1,12,0.2720137960973683,mid,Residual (MAD)
2004-12-15 04:00:00,NO2(GT),residual_mad,-1.0657256772052914,0.8162314195837301,-1.8819570967890216,3.07075,-1.0,3.0530000000000004,True,False,2,4,2,12,0.3329701486846299,mid,Residual (MAD)
2004-12-15 05:00:00,NO2(GT),residual_mad,-1.0657256772052914,0.8162314195837301,-1.8819570967890216,3.07075,-1.0,3.0530000000000004,True,False,2,5,2,12,0.3283459540633404,mid,Residual (MAD)
2004-12-15 17:00:00,NO2(GT),residual_mad,2.5894048691595133,0.1200160774190054,2.4693887917405077,4.029249999999999,1.0,3.0530000000000004,True,False,2,17,2,12,0.2725349033686952,mid,Residual (MAD)
2004-12-15 18:00:00,NO2(GT),residual_mad,2.263053927519799,0.1200160774190054,2.1430378501007934,3.49675,1.0,3.0530000000000004,True,False,2,18,2,12,0.2721422581684763,mid,Residual (MAD)
2004-12-21 04:00:00,NO2(GT),residual_mad,-1.5443737249435396,0.391975195452101,-1.9363489203956408,3.1595000000000004,-1.0,3.0530000000000004,True,False,1,4,1,12,-1.5123766362988758,low,Residual (MAD)
2004-12-21 05:00:00,NO2(GT),residual_mad,-1.5008602660582444,0.4463670190587201,-1.9472272851169645,3.17725,-1.0,3.0530000000000004,True,False,1,5,1,12,-1.5815729948643786,low,Residual (MAD)
2004-12-23 05:00:00,NO2(GT),residual_mad,-0.717618006122929,1.251366008436683,-1.968984014559612,3.2127499999999998,-1.0,3.0530000000000004,True,False,3,5,3,12,-1.6623020798574648,low,Residual (MAD)
2004-12-23 06:00:00,NO2(GT),residual_mad,-0.6958612766802814,1.2840011026006546,-1.979862379280936,3.2304999999999997,-1.0,3.0530000000000004,True,False,3,6,3,12,-1.80069479698847,low,Residual (MAD)
2005-01-04 05:00:00,NO2(GT),residual_mad,-0.848158382778815,1.142582361223445,-1.99074074400226,3.24825,-1.0,3.0530000000000004,True,False,1,5,1,1,0.2296171332150198,mid,Residual (MAD)
2005-01-17 18:00:00,NO2(GT),residual_mad,3.524944235193362,1.392784749813893,2.132159485379469,3.478999999999999,1.0,3.0530000000000004,True,False,0,18,0,1,-1.0626003056231084,low,Residual (MAD)
2005-01-18 04:00:00,NO2(GT),residual_mad,-0.5870776294670431,1.381906385092569,-1.968984014559612,3.2127499999999998,-1.0,3.0530000000000004,True,False,1,4,1,1,-1.604638447719546,low,Residual (MAD)
2005-01-18 05:00:00,NO2(GT),residual_mad,-0.5000507116964525,1.381906385092569,-1.8819570967890216,3.07075,-1.0,3.0530000000000004,True,False,1,5,1,1,-1.766096617705719,low,Residual (MAD)
2005-01-20 05:00:00,NO2(GT),residual_mad,-1.4138333482876535,0.48988047794401546,-1.903713826231669,3.1062499999999997,-1.0,3.0530000000000004,True,False,3,5,3,1,-1.3047875606023678,low,Residual (MAD)
2005-01-23 05:00:00,NO2(GT),residual_mad,-0.782888194450872,1.262244373158007,-2.045132567608879,3.3370000000000006,-1.0,3.0530000000000004,True,True,6,5,6,1,-1.5931057212919624,low,Residual (MAD)
2005-01-23 06:00:00,NO2(GT),residual_mad,-0.8046449238935196,1.262244373158007,-2.0668892970515267,3.3725000000000005,-1.0,3.0530000000000004,True,True,6,6,6,1,-1.812227523416054,low,Residual (MAD)
2005-01-23 07:00:00,NO2(GT),residual_mad,-0.717618006122929,1.262244373158007,-1.9798623792809362,3.2305000000000006,-1.0,3.0530000000000004,True,True,6,7,6,1,-1.766096617705719,low,Residual (MAD)
2005-01-24 05:00:00,NO2(GT),residual_mad,-1.522616995500892,0.4028535601734249,-1.9254705556743168,3.14175,-1.0,3.0530000000000004,True,False,0,5,0,1,-1.3624511927402867,low,Residual (MAD)
2005-01-25 04:00:00,NO2(GT),residual_mad,-1.9795083137964928,0.011232430205767203,-1.99074074400226,3.24825,-1.0,3.0530000000000004,True,False,1,4,1,1,-1.6277039005747136,low,Residual (MAD)
2005-01-25 05:00:00,NO2(GT),residual_mad,-1.9577515843538449,0.011232430205767203,-1.968984014559612,3.2127499999999998,-1.0,3.0530000000000004,True,False,1,5,1,1,-1.6969002591402162,low,Residual (MAD)
2005-01-26 04:00:00,NO2(GT),residual_mad,-1.9577515843538449,0.207042995189596,-2.164794579543441,3.53225,-1.0,3.0530000000000004,True,False,2,4,2,1,-1.7430311648505512,low,Residual (MAD)
2005-01-26 05:00:00,NO2(GT),residual_mad,-2.023021772681788,0.21792135991091982,-2.2409431325927076,3.6565,-1.0,3.0530000000000004,True,False,2,5,2,1,-1.812227523416054,low,Residual (MAD)
2005-01-26 06:00:00,NO2(GT),residual_mad,-1.6314006427141303,0.3049482776815104,-1.9363489203956408,3.1595000000000004,-1.0,3.0530000000000004,True,False,2,6,2,1,-1.80069479698847,low,Residual (MAD)
2005-01-27 04:00:00,NO2(GT),residual_mad,-1.7836977488126635,0.21792135991091982,-2.0016191087235833,3.265999999999999,-1.0,3.0530000000000004,True,False,3,4,3,1,-1.61617117414713,low,Residual (MAD)
2005-01-27 05:00:00,NO2(GT),residual_mad,-1.827211207697959,0.21792135991091982,-2.0451325676088787,3.3369999999999997,-1.0,3.0530000000000004,True,False,3,5,3,1,-1.650769353429881,low,Residual (MAD)
2005-01-28 04:00:00,NO2(GT),residual_mad,-1.2832929716317678,0.7509612312557872,-2.034254202887555,3.31925,-1.0,3.0530000000000004,True,False,4,4,4,1,-1.7084329855678,low,Residual (MAD)
2005-01-28 05:00:00,NO2(GT),residual_mad,-1.3268064305170633,0.7509612312557872,-2.0777676617728504,3.39025,-1.0,3.0530000000000004,True,False,4,5,4,1,-1.6623020798574648,low,Residual (MAD)
2005-01-31 04:00:00,NO2(GT),residual_mad,-1.5878871838288349,0.5442723015506346,-2.1321594853794696,3.4790000000000005,-1.0,3.0530000000000004,True,False,0,4,0,1,-1.6969002591402162,low,Residual (MAD)
2005-01-31 05:00:00,NO2(GT),residual_mad,-1.5878871838288349,0.707447772370492,-2.295334956199327,3.7452499999999995,-1.0,3.0530000000000004,True,False,0,5,0,1,-1.7314984384229677,low,Residual (MAD)
2005-01-31 06:00:00,NO2(GT),residual_mad,-1.3050497010744155,0.95765016096094,-2.2626998620353556,3.6920000000000006,-1.0,3.0530000000000004,True,False,0,6,0,1,-1.6969002591402162,low,Residual (MAD)
2005-01-31 10:00:00,NO2(GT),residual_mad,3.7642682590624874,1.871432797552141,1.8928354615103464,3.088500000000002,1.0,3.0530000000000004,True,False,0,10,0,1,-1.3624511927402867,low,Residual (MAD)
2005-02-01 03:00:00,NO2(GT),residual_mad,-0.1643644546281603,1.7735275150602265,-1.937891969688387,3.1620177612304685,-1.0,3.0530000000000004,True,False,1,3,1,2,-1.6969002591402162,low,Residual (MAD)
2005-02-02 10:00:00,NO2(GT),residual_mad,2.611161598602161,0.7003012099511823,1.9108603886509785,3.117910896301269,1.0,3.0530000000000004,True,False,2,10,2,2,-1.4547130041609568,low,Residual (MAD)
2005-02-03 08:00:00,NO2(GT),residual_mad,3.590214423521305,1.5994736795190456,1.9907407440022595,3.2482499999999996,1.0,3.0530000000000004,True,False,3,8,3,2,-1.9736856934022269,low,Residual (MAD)
2005-02-03 09:00:00,NO2(GT),residual_mad,4.329943224571325,1.5994736795190456,2.7304695450522796,4.4552499999999995,1.0,3.0530000000000004,True,False,3,9,3,2,-1.8814238819815563,low,Residual (MAD)
2005-02-03 10:00:00,NO2(GT),residual_mad,4.6127807073257445,1.5994736795190456,3.013307027806699,4.9167499999999995,1.0,3.0530000000000004,True,False,3,10,3,2,-1.5354420891540437,low,Residual (MAD)
2005-02-03 11:00:00,NO2(GT),residual_mad,4.852104731194869,1.8061626092241982,3.0459421219706706,4.969999999999999,1.0,3.0530000000000004,True,False,3,11,3,2,-1.1433293906161948,low,Residual (MAD)
2005-02-04 05:00:00,NO2(GT),residual_mad,-0.6523478177949861,1.2948794673219783,-1.9472272851169645,3.17725,-1.0,3.0530000000000004,True,False,4,5,4,2,-1.6738348062850483,low,Residual (MAD)
2005-02-04 08:00:00,NO2(GT),residual_mad,4.264673036243383,1.447176573420512,2.817496462822871,4.597250000000001,1.0,3.0530000000000004,True,False,4,8,4,2,-1.858358429126389,low,Residual (MAD)
2005-02-04 09:00:00,NO2(GT),residual_mad,4.155889389030144,1.447176573420512,2.7087128156096325,4.4197500000000005,1.0,3.0530000000000004,True,False,4,9,4,2,-1.61617117414713,low,Residual (MAD)
2005-02-04 10:00:00,NO2(GT),residual_mad,3.5684576940786576,1.447176573420512,2.1212811206581454,3.4612499999999997,1.0,3.0530000000000004,True,False,4,10,4,2,-1.2355912020368651,low,Residual (MAD)
2005-02-05 08:00:00,NO2(GT),residual_mad,3.7642682590624874,0.9902852551249114,2.773983003937576,4.526250000000001,1.0,3.0530000000000004,True,True,5,8,5,2,-1.8929566084091405,low,Residual (MAD)
2005-02-05 09:00:00,NO2(GT),residual_mad,4.351699954013973,0.9902852551249114,3.361414698889061,5.48475,1.0,3.0530000000000004,True,True,5,9,5,2,-1.650769353429881,low,Residual (MAD)
2005-02-07 08:00:00,NO2(GT),residual_mad,2.9592692696845235,0.9032583373543208,2.056010932330203,3.35475,1.0,3.0530000000000004,True,False,0,8,0,2,-1.7891620705608864,low,Residual (MAD)
2005-02-07 09:00:00,NO2(GT),residual_mad,3.720754800177191,0.9032583373543208,2.81749646282287,4.59725,1.0,3.0530000000000004,True,False,0,9,0,2,-1.4777784570161243,low,Residual (MAD)
2005-02-08 02:00:00,NO2(GT),residual_mad,-1.3268064305170633,0.9794068904035876,-2.306213320920651,3.7630000000000003,-1.0,3.0530000000000004,True,False,1,2,1,2,-1.3047875606023678,low,Residual (MAD)
2005-02-08 04:00:00,NO2(GT),residual_mad,-1.2180227833038249,1.0229203492888828,-2.2409431325927076,3.6565,-1.0,3.0530000000000004,True,False,1,4,1,2,-1.4316475513057894,low,Residual (MAD)
2005-02-08 05:00:00,NO2(GT),residual_mad,-0.8916718416641102,1.0229203492888828,-1.9145921909529928,3.1239999999999997,-1.0,3.0530000000000004,True,False,1,5,1,2,-1.3855166455954542,low,Residual (MAD)
2005-02-08 09:00:00,NO2(GT),residual_mad,3.111566375783057,1.0229203492888828,2.088646026494174,3.408,1.0,3.0530000000000004,True,False,1,9,1,2,-1.3624511927402867,low,Residual (MAD)
2005-02-09 02:00:00,NO2(GT),residual_mad,-0.8046449238935196,1.0990689023381495,-1.903713826231669,3.1062499999999997,-1.0,3.0530000000000004,True,False,2,2,2,2,0.2202675580945131,mid,Residual (MAD)
2005-02-09 09:00:00,NO2(GT),residual_mad,2.937512540241876,0.8868621106935095,2.0506504295483667,3.3460033798217776,1.0,3.0530000000000004,True,False,2,9,2,2,0.2155265597750072,mid,Residual (MAD)
2005-02-09 19:00:00,NO2(GT),residual_mad,2.8287288930286376,0.9222415286480334,1.9064873643806042,3.1107755241394046,1.0,3.0530000000000004,True,False,2,19,2,2,0.1829308490164423,mid,Residual (MAD)
2005-02-10 08:00:00,NO2(GT),residual_mad,2.981025999127171,0.889606434484062,2.0914195646431093,3.4125255241394044,1.0,3.0530000000000004,True,False,3,8,3,2,0.1994329458906285,mid,Residual (MAD)
2005-02-10 09:00:00,NO2(GT),residual_mad,3.894808635718373,0.889606434484062,3.0052022012343107,4.903525524139405,1.0,3.0530000000000004,True,False,3,9,3,2,0.2204617909862741,mid,Residual (MAD)
2005-02-10 10:00:00,NO2(GT),residual_mad,3.046296187455114,0.889606434484062,2.156689752971052,3.519025524139404,1.0,3.0530000000000004,True,False,3,10,3,2,0.2212404823077166,mid,Residual (MAD)
2005-02-10 20:00:00,NO2(GT),residual_mad,3.611971152963953,0.9943463829214187,2.6176247700425344,4.271123542785644,1.0,3.0530000000000004,True,False,3,20,3,2,0.2007894965627574,mid,Residual (MAD)
2005-02-11 04:00:00,NO2(GT),residual_mad,-0.4130237939258619,1.991094809486703,-2.404118603412565,3.9227499999999993,-1.0,3.0530000000000004,True,False,4,4,4,2,0.2029927090699801,mid,Residual (MAD)
2005-02-11 05:00:00,NO2(GT),residual_mad,-0.5000507116964525,2.3283241158477415,-2.8283748275441942,4.614999999999999,-1.0,3.0530000000000004,True,False,4,5,4,2,0.2169765973995691,mid,Residual (MAD)
2005-02-11 06:00:00,NO2(GT),residual_mad,0.2831915482388628,2.6981885163727517,-2.414996968133889,3.9405,-1.0,3.0530000000000004,True,False,4,6,4,2,0.1888361448400147,mid,Residual (MAD)
2005-02-11 07:00:00,NO2(GT),residual_mad,0.9141367020756446,2.9701476344058477,-2.056010932330203,3.35475,-1.0,3.0530000000000004,True,False,4,7,4,2,0.1890464354906642,mid,Residual (MAD)
2005-02-11 16:00:00,NO2(GT),residual_mad,5.004401837293402,2.8178505283073134,2.186551308986089,3.56775,1.0,3.0530000000000004,True,False,4,16,4,2,0.2174211553545509,mid,Residual (MAD)
2005-02-11 17:00:00,NO2(GT),residual_mad,4.699807625096335,2.8178505283073134,1.881957096789022,3.0707500000000008,1.0,3.0530000000000004,True,False,4,17,4,2,0.2171992063310097,mid,Residual (MAD)
2005-02-14 19:00:00,NO2(GT),residual_mad,2.2195404686345035,0.2505564540748913,1.9689840145596123,3.21275,1.0,3.0530000000000004,True,False,0,19,0,2,-0.8896094092093517,mid,Residual (MAD)
2005-02-15 04:00:00,NO2(GT),residual_mad,-1.7401842899273685,0.5333939368293108,-2.2735782267566793,3.70975,-1.0,3.0530000000000004,True,False,1,4,1,2,-1.3278530134575353,low,Residual (MAD)
2005-02-15 05:00:00,NO2(GT),residual_mad,-1.7836977488126635,0.5333939368293108,-2.3170916856419743,3.78075,-1.0,3.0530000000000004,True,False,1,5,1,2,-1.3278530134575353,low,Residual (MAD)
2005-02-16 08:00:00,NO2(GT),residual_mad,3.873051906275725,1.1534607259447687,2.7195911803309563,4.4375,1.0,3.0530000000000004,True,False,2,8,2,2,-1.5239093627264595,low,Residual (MAD)
2005-02-16 09:00:00,NO2(GT),residual_mad,3.2638634818815904,1.1534607259447687,2.1104027559368217,3.4435,1.0,3.0530000000000004,True,False,2,9,2,2,-1.2240584756092812,low,Residual (MAD)
2005-02-16 21:00:00,NO2(GT),residual_mad,3.068052916897762,0.9794068904035876,2.088646026494174,3.408,1.0,3.0530000000000004,True,False,2,21,2,2,-1.443180277733373,low,Residual (MAD)
2005-02-17 04:00:00,NO2(GT),residual_mad,-1.0004554888773485,0.9576501609609399,-1.9581056498382883,3.195,-1.0,3.0530000000000004,True,False,3,4,3,2,-1.4662457305885408,low,Residual (MAD)
2005-02-17 05:00:00,NO2(GT),residual_mad,-1.392076618845006,0.8815016079116731,-2.273578226756679,3.709749999999999,-1.0,3.0530000000000004,True,False,3,5,3,2,-1.3278530134575353,low,Residual (MAD)
2005-02-17 06:00:00,NO2(GT),residual_mad,-1.2832929716317678,0.8706232431903493,-2.153916214822117,3.5145,-1.0,3.0530000000000004,True,False,3,6,3,2,-1.3278530134575353,low,Residual (MAD)
2005-02-18 04:00:00,NO2(GT),residual_mad,-1.4138333482876535,0.7509612312557872,-2.1647945795434405,3.532249999999999,-1.0,3.0530000000000004,True,False,4,4,4,2,-1.3855166455954542,low,Residual (MAD)
2005-02-18 05:00:00,NO2(GT),residual_mad,-1.6314006427141303,0.7835963254197587,-2.414996968133889,3.9405,-1.0,3.0530000000000004,True,False,4,5,4,2,-1.3278530134575353,low,Residual (MAD)
2005-02-18 20:00:00,NO2(GT),residual_mad,3.046296187455114,1.077312172895502,1.968984014559612,3.2127499999999998,1.0,3.0530000000000004,True,False,4,20,4,2,-1.1663948434713622,low,Residual (MAD)
2005-02-19 04:00:00,NO2(GT),residual_mad,-0.2607266878273284,1.7844058797815503,-2.0451325676088787,3.3369999999999997,-1.0,3.0530000000000004,True,True,5,4,5,2,-1.858358429126389,low,Residual (MAD)
2005-02-19 05:00:00,NO2(GT),residual_mad,-0.4565372528111572,1.7844058797815503,-2.2409431325927076,3.6565,-1.0,3.0530000000000004,True,True,5,5,5,2,-1.9044893348367244,low,Residual (MAD)
2005-02-19 06:00:00,NO2(GT),residual_mad,-0.1301863111714425,1.7844058797815503,-1.9145921909529928,3.1239999999999997,-1.0,3.0530000000000004,True,True,5,6,5,2,-1.9044893348367244,low,Residual (MAD)
2005-02-21 20:00:00,NO2(GT),residual_mad,3.7642682590624874,1.4145414792565405,2.349726779805947,3.834000000000002,1.0,3.0530000000000004,True,False,0,20,0,2,-1.4893111834437085,low,Residual (MAD)
2005-02-22 00:00:00,NO2(GT),residual_mad,-0.4565372528111572,1.5124467617484552,-1.9689840145596125,3.2127500000000007,-1.0,3.0530000000000004,True,False,1,0,1,2,-1.397049372023038,low,Residual (MAD)
2005-02-22 01:00:00,NO2(GT),residual_mad,-0.5435641705817479,1.5124467617484552,-2.056010932330203,3.35475,-1.0,3.0530000000000004,True,False,1,1,1,2,-1.61617117414713,low,Residual (MAD)
2005-02-22 02:00:00,NO2(GT),residual_mad,-0.9569420299920532,1.5124467617484552,-2.469388791740508,4.02925,-1.0,3.0530000000000004,True,False,1,2,1,2,-1.6738348062850483,low,Residual (MAD)
2005-02-22 03:00:00,NO2(GT),residual_mad,-0.3955990890574499,1.6756222325683123,-2.071221321625762,3.3795684738159175,-1.0,3.0530000000000004,True,False,1,3,1,2,-1.8352929762712216,low,Residual (MAD)
2005-02-22 04:00:00,NO2(GT),residual_mad,-1.392076618845006,1.817040973945522,-3.2091175927905278,5.236249999999999,-1.0,3.0530000000000004,True,False,1,4,1,2,-1.7314984384229677,low,Residual (MAD)
2005-02-22 05:00:00,NO2(GT),residual_mad,-1.087482406647939,1.9040678917161125,-2.9915502983640514,4.88125,-1.0,3.0530000000000004,True,False,1,5,1,2,-1.7430311648505512,low,Residual (MAD)
2005-02-22 08:00:00,NO2(GT),residual_mad,4.025349012374258,2.034608268371999,1.9907407440022595,3.2482499999999996,1.0,3.0530000000000004,True,False,1,8,1,2,-1.650769353429881,low,Residual (MAD)
2005-02-23 02:00:00,NO2(GT),residual_mad,-0.5000507116964525,1.4036631145352167,-1.9037138262316693,3.10625,-1.0,3.0530000000000004,True,False,2,2,2,2,-1.6738348062850483,low,Residual (MAD)
2005-02-23 04:00:00,NO2(GT),residual_mad,-0.8699151122214626,1.4036631145352167,-2.2735782267566793,3.70975,-1.0,3.0530000000000004,True,False,2,4,2,2,-1.7545638912781352,low,Residual (MAD)
2005-02-23 05:00:00,NO2(GT),residual_mad,-0.913428571106758,1.4036631145352167,-2.3170916856419748,3.7807500000000003,-1.0,3.0530000000000004,True,False,2,5,2,2,-1.650769353429881,low,Residual (MAD)
2005-02-23 06:00:00,NO2(GT),residual_mad,-0.9569420299920532,1.4036631145352167,-2.3606051445272698,3.8517499999999996,-1.0,3.0530000000000004,True,False,2,6,2,2,-1.639236627002297,low,Residual (MAD)
2005-02-24 01:00:00,NO2(GT),residual_mad,0.2179213599109198,2.458864492503628,-2.240943132592708,3.6565000000000003,-1.0,3.0530000000000004,True,False,3,1,3,2,-1.5354420891540437,low,Residual (MAD)
2005-02-24 02:00:00,NO2(GT),residual_mad,-0.2172132289420331,2.458864492503628,-2.676077721445661,4.3665,-1.0,3.0530000000000004,True,False,3,2,3,2,-1.6623020798574648,low,Residual (MAD)
2005-02-24 03:00:00,NO2(GT),residual_mad,-0.2707277918438152,2.1651486450278843,-2.4358764368716996,3.9745685920715337,-1.0,3.0530000000000004,True,False,3,3,3,2,-1.6277039005747136,low,Residual (MAD)
2005-02-24 04:00:00,NO2(GT),residual_mad,-0.5218074411391002,2.045486633093322,-2.5672940742324224,4.189,-1.0,3.0530000000000004,True,False,3,4,3,2,-1.7891620705608864,low,Residual (MAD)
2005-02-24 05:00:00,NO2(GT),residual_mad,-0.6305910883523385,2.045486633093322,-2.676077721445661,4.3665,-1.0,3.0530000000000004,True,False,3,5,3,2,-1.7430311648505512,low,Residual (MAD)
2005-02-25 04:00:00,NO2(GT),residual_mad,-0.282483417269976,1.7300140561749315,-2.0124974734449075,3.28375,-1.0,3.0530000000000004,True,False,4,4,4,2,-1.5469748155816272,low,Residual (MAD)
2005-02-28 05:00:00,NO2(GT),residual_mad,-1.8489679371406067,0.054745889091062455,-1.903713826231669,3.1062499999999997,-1.0,3.0530000000000004,True,False,0,5,0,2,-1.7084329855678,low,Residual (MAD)
2005-03-02 19:00:00,NO2(GT),residual_mad,2.8287288930286376,0.9032583373543207,1.925470555674317,3.14175,1.0,3.0530000000000004,True,False,2,19,2,3,-1.293254834174784,low,Residual (MAD)
2005-03-06 19:00:00,NO2(GT),residual_mad,1.8279193386668455,-0.10842958172879485,1.9363489203956403,3.159499999999999,1.0,3.0530000000000004,True,True,6,19,6,3,-1.131796664188611,low,Residual (MAD)
2005-03-07 04:00:00,NO2(GT),residual_mad,-1.6531573721567778,0.9902852551249115,-2.643442627281689,4.31325,-1.0,3.0530000000000004,True,False,0,4,0,3,-1.5239093627264595,low,Residual (MAD)
2005-03-07 05:00:00,NO2(GT),residual_mad,-1.4138333482876535,1.012041984567559,-2.4258753328552123,3.958249999999999,-1.0,3.0530000000000004,True,False,0,5,0,3,-1.604638447719546,low,Residual (MAD)
2005-03-07 06:00:00,NO2(GT),residual_mad,-1.1092391360905869,1.012041984567559,-2.121281120658146,3.46125,-1.0,3.0530000000000004,True,False,0,6,0,3,-1.5239093627264595,low,Residual (MAD)
2005-03-09 11:00:00,NO2(GT),residual_mad,2.719945245815399,0.7944746901410825,1.9254705556743166,3.1417499999999996,1.0,3.0530000000000004,True,False,2,11,2,3,-0.9126748620645192,low,Residual (MAD)
2005-03-10 20:00:00,NO2(GT),residual_mad,2.937512540241876,0.7944746901410825,2.1430378501007934,3.49675,1.0,3.0530000000000004,True,False,3,20,3,3,-0.6474221542300922,mid,Residual (MAD)
2005-03-12 21:00:00,NO2(GT),residual_mad,2.4153510336183324,0.19616463046827215,2.21918640315006,3.621,1.0,3.0530000000000004,True,True,5,21,5,3,-0.7396839656507624,mid,Residual (MAD)
2005-03-13 19:00:00,NO2(GT),residual_mad,2.2848106569624465,0.27231318351753897,2.0124974734449075,3.28375,1.0,3.0530000000000004,True,True,6,19,6,3,-0.3821694463956653,mid,Residual (MAD)
2005-03-13 20:00:00,NO2(GT),residual_mad,2.197783739191856,0.32670500712415806,1.8710787320676978,3.0530000000000004,1.0,3.0530000000000004,True,True,6,20,6,3,-0.4167676256784165,mid,Residual (MAD)
2005-03-14 19:00:00,NO2(GT),residual_mad,2.698188516372752,0.6639343134851967,2.0342542028875554,3.3192500000000007,1.0,3.0530000000000004,True,False,0,19,0,3,-0.1976458235543249,mid,Residual (MAD)
2005-03-14 20:00:00,NO2(GT),residual_mad,2.5458914102742183,0.6639343134851967,1.8819570967890216,3.07075,1.0,3.0530000000000004,True,False,0,20,0,3,-0.289907634974995,mid,Residual (MAD)
2005-03-15 04:00:00,NO2(GT),residual_mad,-1.1309958655332344,0.8706232431903493,-2.0016191087235837,3.2660000000000005,-1.0,3.0530000000000004,True,False,1,4,1,3,-0.7858148713610976,mid,Residual (MAD)
2005-03-15 05:00:00,NO2(GT),residual_mad,-1.1092391360905869,0.8706232431903493,-1.9798623792809362,3.2305000000000006,-1.0,3.0530000000000004,True,False,1,5,1,3,-0.9588057677748544,low,Residual (MAD)
2005-03-15 19:00:00,NO2(GT),residual_mad,2.893999081356581,0.8706232431903493,2.0233758381662317,3.3015000000000003,1.0,3.0530000000000004,True,False,1,19,1,3,-0.0477203799957356,mid,Residual (MAD)
2005-03-15 20:00:00,NO2(GT),residual_mad,3.002782728569819,0.8706232431903493,2.1321594853794696,3.4790000000000005,1.0,3.0530000000000004,True,False,1,20,1,3,-0.2322440028370763,mid,Residual (MAD)
2005-03-17 03:00:00,NO2(GT),residual_mad,-0.4347805233685096,1.5450818559124264,-1.979862379280936,3.2304999999999997,-1.0,3.0530000000000004,True,False,3,3,3,3,-0.7973475977886814,mid,Residual (MAD)
2005-03-17 04:00:00,NO2(GT),residual_mad,-0.6305910883523385,1.3601496556499213,-1.9907407440022598,3.24825,-1.0,3.0530000000000004,True,False,3,4,3,3,-0.9588057677748544,low,Residual (MAD)
2005-03-17 05:00:00,NO2(GT),residual_mad,-0.8916718416641102,1.2731227378793308,-2.164794579543441,3.53225,-1.0,3.0530000000000004,True,False,3,5,3,3,-0.9934039470576056,low,Residual (MAD)
2005-03-21 19:00:00,NO2(GT),residual_mad,2.654675057487456,0.5007588426653393,2.1539162148221163,3.514499999999998,1.0,3.0530000000000004,True,False,0,19,0,3,0.0214759785697671,mid,Residual (MAD)
2005-03-21 20:00:00,NO2(GT),residual_mad,2.4806212219462758,0.5007588426653393,1.9798623792809364,3.230500000000001,1.0,3.0530000000000004,True,False,0,20,0,3,-0.1399821914164059,mid,Residual (MAD)
2005-03-24 20:00:00,NO2(GT),residual_mad,2.654675057487456,0.5986641251572538,2.056010932330202,3.3547499999999992,1.0,3.0530000000000004,True,False,3,20,3,3,0.0445414314249346,mid,Residual (MAD)
2005-04-04 02:00:00,NO2(GT),residual_mad,-1.1962660538611771,0.7727179606984349,-1.968984014559612,3.2127499999999998,-1.0,3.0530000000000004,True,False,0,2,0,4,-0.7281512392231787,mid,Residual (MAD)
2005-04-04 03:00:00,NO2(GT),residual_mad,-1.2832929716317678,0.9576501609609399,-2.2409431325927076,3.6565,-1.0,3.0530000000000004,True,False,0,3,0,4,-0.8204130506438488,mid,Residual (MAD)
2005-04-04 04:00:00,NO2(GT),residual_mad,-1.457346807172949,0.9794068904035876,-2.4367536975765365,3.976,-1.0,3.0530000000000004,True,False,0,4,0,4,-0.7627494185059299,mid,Residual (MAD)
2005-04-04 05:00:00,NO2(GT),residual_mad,-1.2397795127464726,0.9902852551249115,-2.230064767871384,3.63875,-1.0,3.0530000000000004,True,False,0,5,0,4,-0.9242075884921028,low,Residual (MAD)
2004-03-11 19:00:00,PT08.S1(CO),residual_mad,2.8086477619527237,0.49315345865899674,2.315494303293727,4.3521309523809535,1.0,3.7966320238095213,True,False,3,19,3,3,-1.0049366734851894,low,Residual (MAD)
2004-03-12 20:00:00,PT08.S1(CO),residual_mad,3.0951447486945143,0.7026811056791123,2.392463643015402,4.496666666666667,1.0,3.7966320238095213,True,False,4,20,4,3,-0.6358894278025085,mid,Residual (MAD)
2004-03-14 19:00:00,PT08.S1(CO),residual_mad,2.9454821436801457,0.6428160636733651,2.3026660800067806,4.328041666666667,1.0,3.7966320238095213,True,True,6,19,6,3,-0.0015894742854006,mid,Residual (MAD)
2004-03-14 20:00:00,PT08.S1(CO),residual_mad,3.3303288422885213,0.7625461476848596,2.567782694603662,4.825886904761905,1.0,3.7966320238095213,True,True,6,20,6,3,-0.0938512857060706,mid,Residual (MAD)
2004-03-15 09:00:00,PT08.S1(CO),residual_mad,3.599721531314384,1.0918038787164699,2.5079176525979143,4.713470238095238,1.0,3.7966320238095213,True,False,0,9,0,3,-0.4167676256784165,mid,Residual (MAD)
2004-03-15 18:00:00,PT08.S1(CO),residual_mad,3.4115742564391787,1.2371904093018562,2.1743838471373227,4.087148809523811,1.0,3.7966320238095213,True,False,0,18,0,3,0.4712523092455344,mid,Residual (MAD)
2004-03-15 19:00:00,PT08.S1(CO),residual_mad,3.9375314112039583,1.2371904093018562,2.7003410019021024,5.074809523809524,1.0,3.7966320238095213,True,False,0,19,0,3,0.2290650542662749,mid,Residual (MAD)
2004-03-15 20:00:00,PT08.S1(CO),residual_mad,3.317500619001576,1.2371904093018562,2.0803102096997197,3.910494047619048,1.0,3.7966320238095213,True,False,0,20,0,3,-0.0131222007129842,mid,Residual (MAD)
2004-03-16 03:00:00,PT08.S1(CO),residual_mad,-0.8131872793949894,1.3804389026727515,-2.193626182067741,4.115252976190476,-1.0,3.7966320238095213,True,False,1,3,1,3,-0.5551603428094221,mid,Residual (MAD)
2004-03-16 04:00:00,PT08.S1(CO),residual_mad,-0.7618743862472059,1.3804389026727515,-2.1423132889199574,4.018895833333334,-1.0,3.7966320238095213,True,False,1,4,1,3,-0.705085786368011,mid,Residual (MAD)
2004-03-16 05:00:00,PT08.S1(CO),residual_mad,-0.7789786839631337,1.3804389026727515,-2.159417586635885,4.051014880952381,-1.0,3.7966320238095213,True,False,1,5,1,3,-0.6474221542300922,mid,Residual (MAD)
2004-03-17 04:00:00,PT08.S1(CO),residual_mad,-1.009886703128159,1.1538069579367085,-2.1636936610648676,4.059044642857144,-1.0,3.7966320238095213,True,False,2,4,2,3,-0.658954880657676,mid,Residual (MAD)
2004-03-17 05:00:00,PT08.S1(CO),residual_mad,-1.0697517451339065,1.1324265857917986,-2.202178330925705,4.1313125,-1.0,3.7966320238095213,True,False,2,5,2,3,-0.7627494185059299,mid,Residual (MAD)
2004-03-17 06:00:00,PT08.S1(CO),residual_mad,-0.9756781076963036,1.081113692644015,-2.0567918003403185,3.858300595238095,-1.0,3.7966320238095213,True,False,2,6,2,3,-0.7512166920783462,mid,Residual (MAD)
2004-03-17 09:00:00,PT08.S1(CO),residual_mad,3.133629418555352,1.081113692644015,2.052515725911337,3.858300595238096,1.0,3.7966320238095213,True,False,2,9,2,3,-0.4974967106715031,mid,Residual (MAD)
2004-03-17 19:00:00,PT08.S1(CO),residual_mad,3.651034424462168,1.1623591067946721,2.488675317667496,4.6773363095238105,1.0,3.7966320238095213,True,False,2,19,2,3,0.5404486678110373,mid,Residual (MAD)
2004-03-17 20:00:00,PT08.S1(CO),residual_mad,3.659586573320132,1.1623591067946721,2.4972274665254597,4.693395833333334,1.0,3.7966320238095213,True,False,2,20,2,3,0.2405977806938588,mid,Residual (MAD)
2004-03-18 09:00:00,PT08.S1(CO),residual_mad,3.4842675217318715,1.188015553368564,2.2962519683633076,4.3159970238095235,1.0,3.7966320238095213,True,False,3,9,3,3,-0.4744312578163354,mid,Residual (MAD)
2004-03-24 09:00:00,PT08.S1(CO),residual_mad,2.043230439164954,-0.06059817989416595,2.10382861905912,3.954657738095238,1.0,3.7966320238095213,True,False,2,9,2,3,-0.8319457770714328,mid,Residual (MAD)
2004-03-30 08:00:00,PT08.S1(CO),residual_mad,1.9876414715881887,-0.06701229153763885,2.0546537631258275,3.8623154761904757,1.0,3.7966320238095213,True,False,1,8,1,3,-0.5897585220921733,mid,Residual (MAD)
2004-04-01 08:00:00,PT08.S1(CO),residual_mad,2.577739742787698,0.12541105776654884,2.4523286850211488,4.6090833333333325,1.0,3.7966320238095213,True,False,3,8,3,4,-0.7512166920783462,mid,Residual (MAD)
2004-04-06 08:00:00,PT08.S1(CO),residual_mad,2.7274023478020664,0.46749701208510497,2.2599053357169616,4.247744047619048,1.0,3.7966320238095213,True,False,1,8,1,4,-0.2553094556922438,mid,Residual (MAD)
2004-04-13 07:00:00,PT08.S1(CO),residual_mad,1.611346921837777,-0.4240645063576318,2.0354114281954088,3.826181547619048,1.0,3.7966320238095213,True,False,1,7,1,4,-0.8550112299266003,mid,Residual (MAD)
2004-04-15 19:00:00,PT08.S1(CO),residual_mad,3.2319791304219367,1.078975655429524,2.1530034749924125,4.047,1.0,3.7966320238095213,True,False,3,19,3,4,-0.1169167385612385,mid,Residual (MAD)
2004-04-20 08:00:00,PT08.S1(CO),residual_mad,1.906396057437532,-0.1824663011201515,2.0888623585576838,3.926553571428572,1.0,3.7966320238095213,True,False,1,8,1,4,-0.705085786368011,mid,Residual (MAD)
2004-04-21 08:00:00,PT08.S1(CO),residual_mad,2.594844040503626,-0.15039574290278684,2.745239783406413,5.159122023809524,1.0,3.7966320238095213,True,False,2,8,2,4,-0.5090294370990869,mid,Residual (MAD)
2004-04-21 18:00:00,PT08.S1(CO),residual_mad,2.162960523176449,-0.15039574290278684,2.3133562660792357,4.348116071428572,1.0,3.7966320238095213,True,False,2,18,2,4,0.7941686492178804,mid,Residual (MAD)
2004-04-21 19:00:00,PT08.S1(CO),residual_mad,2.2655863094720154,-0.15039574290278684,2.4159820523748023,4.540830357142857,1.0,3.7966320238095213,True,False,2,19,2,4,0.6211777528041237,mid,Residual (MAD)
2004-04-23 04:00:00,PT08.S1(CO),residual_mad,-1.1766536058584554,0.9335891248441377,-2.110242730702593,3.958672619047619,-1.0,3.7966320238095213,True,False,4,4,4,4,-0.4974967106715031,mid,Residual (MAD)
2004-04-23 05:00:00,PT08.S1(CO),residual_mad,-1.1424450104265995,0.997730241278867,-2.1401752517054664,4.014880952380952,-1.0,3.7966320238095213,True,False,4,5,4,4,-0.4859639842439194,mid,Residual (MAD)
2004-04-29 08:00:00,PT08.S1(CO),residual_mad,2.787267389807813,0.5230859796618703,2.2641814101459428,4.2557738095238085,1.0,3.7966320238095213,True,False,3,8,3,4,-0.2668421821198273,mid,Residual (MAD)
2004-05-03 08:00:00,PT08.S1(CO),residual_mad,2.043230439164954,-0.045631919392729155,2.0888623585576833,3.9265535714285718,1.0,3.7966320238095213,True,False,0,8,0,5,-0.1745803706991574,mid,Residual (MAD)
2004-05-10 07:00:00,PT08.S1(CO),residual_mad,2.192893044179322,-0.026389584462310302,2.2192826286416323,4.171461309523809,1.0,3.7966320238095213,True,False,0,7,0,5,-0.4283003521060005,mid,Residual (MAD)
2004-05-10 08:00:00,PT08.S1(CO),residual_mad,2.047506513593936,-0.026389584462310302,2.073896098056246,3.8984494047619043,1.0,3.7966320238095213,True,False,0,8,0,5,-0.2783749085474112,mid,Residual (MAD)
2004-05-12 08:00:00,PT08.S1(CO),residual_mad,2.7145741245151203,0.5957792449545636,2.1187948795605567,3.9827619047619045,1.0,3.7966320238095213,True,False,2,8,2,5,-0.1630476442715734,mid,Residual (MAD)
2004-05-12 13:00:00,PT08.S1(CO),residual_mad,2.381040319054528,0.2408650673490616,2.1401752517054664,4.022910714285714,1.0,3.7966320238095213,True,False,2,13,2,5,0.2290650542662749,mid,Residual (MAD)
2004-05-18 08:00:00,PT08.S1(CO),residual_mad,2.676089454654283,0.12327302055205791,2.552816434102225,4.797782738095238,1.0,3.7966320238095213,True,False,1,8,1,5,0.0445414314249346,mid,Residual (MAD)
2004-05-19 08:00:00,PT08.S1(CO),residual_mad,2.5520832962138065,0.3456288908591194,2.206454405354687,4.147372023809525,1.0,3.7966320238095213,True,False,2,8,2,5,0.0214759785697671,mid,Residual (MAD)
2004-05-20 08:00:00,PT08.S1(CO),residual_mad,2.753058794375958,0.5017056075169606,2.2513531868589975,4.231684523809524,1.0,3.7966320238095213,True,False,3,8,3,5,0.0330087049973507,mid,Residual (MAD)
2004-06-21 04:00:00,PT08.S1(CO),residual_mad,-1.6555739419044335,0.9572672606165351,-2.6128412025209684,4.902469582693916,-1.0,3.7966320238095213,True,False,0,4,0,6,0.0560741578525182,mid,Residual (MAD)
2004-07-31 00:00:00,PT08.S1(CO),residual_mad,1.8714697371106748,-0.24446938034038984,2.1159391174510644,3.977399254935128,1.0,3.7966320238095213,True,True,5,0,5,7,0.3110601065738152,mid,Residual (MAD)
2004-09-30 17:00:00,PT08.S1(CO),residual_mad,2.6033961893615896,0.5380522401633072,2.065343949198282,3.8823898809523802,1.0,3.7966320238095213,True,False,3,17,3,9,0.805701375645464,mid,Residual (MAD)
2004-10-01 04:00:00,PT08.S1(CO),residual_mad,-0.920089140119538,1.1473928462932352,-2.067481986412773,3.8783749999999992,-1.0,3.7966320238095213,True,False,4,4,4,10,0.1598686957007724,mid,Residual (MAD)
2004-10-04 18:00:00,PT08.S1(CO),residual_mad,2.4580096587762035,0.377699449076484,2.0803102096997197,3.910494047619048,1.0,3.7966320238095213,True,False,0,18,0,10,0.8748977342109667,high,Residual (MAD)
2004-10-04 19:00:00,PT08.S1(CO),residual_mad,2.58201581721668,0.377699449076484,2.204316368140196,4.143357142857143,1.0,3.7966320238095213,True,False,0,19,0,10,0.6788413849420426,mid,Residual (MAD)
2004-10-05 03:00:00,PT08.S1(CO),residual_mad,-1.2536229455801304,0.8544817479079716,-2.108104693488102,3.954657738095238,-1.0,3.7966320238095213,True,False,1,3,1,10,-0.0707858328509031,mid,Residual (MAD)
2004-10-05 04:00:00,PT08.S1(CO),residual_mad,-1.2151382757192928,0.8544817479079716,-2.069620023627264,3.8823898809523802,-1.0,3.7966320238095213,True,False,1,4,1,10,0.0445414314249346,mid,Residual (MAD)
2004-10-06 04:00:00,PT08.S1(CO),residual_mad,-1.0868560428498342,1.093941915930961,-2.1807979587807953,4.091163690476191,-1.0,3.7966320238095213,True,False,2,4,2,10,0.1829341485559399,mid,Residual (MAD)
2004-10-06 19:00:00,PT08.S1(CO),residual_mad,3.082316525407568,0.999868278493358,2.0824482469142103,3.9145089285714287,1.0,3.7966320238095213,True,False,2,19,2,10,0.7019068377972101,mid,Residual (MAD)
2004-10-22 18:00:00,PT08.S1(CO),residual_mad,2.9454821436801457,0.8095829664036611,2.1358991772764844,4.014880952380952,1.0,3.7966320238095213,True,False,4,18,4,10,0.6788413849420426,mid,Residual (MAD)
2004-10-24 19:00:00,PT08.S1(CO),residual_mad,1.863635313147712,-0.23377919426793495,2.097414507415647,3.942613095238095,1.0,3.7966320238095213,True,True,6,19,6,10,0.3789904978248641,mid,Residual (MAD)
2004-10-25 17:00:00,PT08.S1(CO),residual_mad,2.9796907391120016,0.8437915618355167,2.135899177276485,4.0148809523809526,1.0,3.7966320238095213,True,False,0,17,0,10,0.3789904978248641,mid,Residual (MAD)
2004-10-25 18:00:00,PT08.S1(CO),residual_mad,3.013899334543857,0.8437915618355167,2.17010777270834,4.079119047619048,1.0,3.7966320238095213,True,False,0,18,0,10,0.2982614128317777,mid,Residual (MAD)
2004-10-26 17:00:00,PT08.S1(CO),residual_mad,3.0053471856858933,0.818135115261625,2.1872120704242684,4.111238095238096,1.0,3.7966320238095213,True,False,1,17,1,10,0.5519813942386208,mid,Residual (MAD)
2004-10-26 18:00:00,PT08.S1(CO),residual_mad,3.373089586578341,0.818135115261625,2.554954471316716,4.801797619047619,1.0,3.7966320238095213,True,False,1,18,1,10,0.4712523092455344,mid,Residual (MAD)
2004-10-28 17:00:00,PT08.S1(CO),residual_mad,2.197169118608304,0.0869263879057113,2.110242730702593,3.9667023809523814,1.0,3.7966320238095213,True,False,3,17,3,10,0.2751959599766103,mid,Residual (MAD)
2004-11-02 04:00:00,PT08.S1(CO),residual_mad,-1.4032855505944986,0.6770246591052207,-2.0803102096997192,3.9024642857142853,-1.0,3.7966320238095213,True,False,1,4,1,11,-0.1399821914164059,mid,Residual (MAD)
2004-11-02 05:00:00,PT08.S1(CO),residual_mad,-1.3562487318756973,0.6770246591052207,-2.033273390980918,3.814136904761905,-1.0,3.7966320238095213,True,False,1,5,1,11,-0.0938512857060706,mid,Residual (MAD)
2004-11-02 06:00:00,PT08.S1(CO),residual_mad,-1.3476965830177332,0.6770246591052207,-2.024721242122954,3.798077380952381,-1.0,3.7966320238095213,True,False,1,6,1,11,-0.0592531064233196,mid,Residual (MAD)
2004-11-04 17:00:00,PT08.S1(CO),residual_mad,3.4030221075812146,1.00414435292234,2.3988777546588747,4.508711309523809,1.0,3.7966320238095213,True,False,3,17,3,11,0.7365050170799615,mid,Residual (MAD)
2004-11-04 18:00:00,PT08.S1(CO),residual_mad,3.26191165142481,1.00414435292234,2.25776729850247,4.243729166666666,1.0,3.7966320238095213,True,False,3,18,3,11,0.5404486678110373,mid,Residual (MAD)
2004-11-05 03:00:00,PT08.S1(CO),residual_mad,-1.0740278195628885,1.1217363997193435,-2.195764219282232,4.119267857142857,-1.0,3.7966320238095213,True,False,4,3,4,11,-0.0592531064233196,mid,Residual (MAD)
2004-11-05 04:00:00,PT08.S1(CO),residual_mad,-1.1424450104265995,1.1217363997193435,-2.2641814101459428,4.2477440476190464,-1.0,3.7966320238095213,True,False,4,4,4,11,-0.2207112764094923,mid,Residual (MAD)
2004-11-05 05:00:00,PT08.S1(CO),residual_mad,-1.2536229455801304,1.1217363997193435,-2.375359345299474,4.456517857142857,-1.0,3.7966320238095213,True,False,4,5,4,11,-0.1745803706991574,mid,Residual (MAD)
2004-11-05 06:00:00,PT08.S1(CO),residual_mad,-1.09968426613678,1.1217363997193435,-2.2214206658561233,4.167446428571428,-1.0,3.7966320238095213,True,False,4,6,4,11,-0.2668421821198273,mid,Residual (MAD)
2004-11-05 17:00:00,PT08.S1(CO),residual_mad,3.2105987582770266,0.6877148451776756,2.522883913099351,4.741574404761905,1.0,3.7966320238095213,True,False,4,17,4,11,0.5289159413834533,mid,Residual (MAD)
2004-11-05 18:00:00,PT08.S1(CO),residual_mad,2.80009561309476,0.6877148451776756,2.1123807679170845,3.9707172619047633,1.0,3.7966320238095213,True,False,4,18,4,11,0.3443923185421127,mid,Residual (MAD)
2004-11-17 18:00:00,PT08.S1(CO),residual_mad,2.919825697106254,0.5359142029488162,2.383911494157438,4.480607142857143,1.0,3.7966320238095213,True,False,2,18,2,11,-0.5436276163818383,mid,Residual (MAD)
2004-11-29 11:00:00,PT08.S1(CO),residual_mad,2.505046477495005,0.14679142991145866,2.358255047583546,4.432428571428572,1.0,3.7966320238095213,True,False,0,11,0,11,-0.4052348992508328,mid,Residual (MAD)
2004-12-02 19:00:00,PT08.S1(CO),residual_mad,2.9796907391120016,0.9335891248441378,2.046101614267864,3.846255952380953,1.0,3.7966320238095213,True,False,3,19,3,12,-0.3475712671129139,mid,Residual (MAD)
2004-12-12 18:00:00,PT08.S1(CO),residual_mad,2.073162960167828,-0.07984051482458471,2.1530034749924125,4.047,1.0,3.7966320238095213,True,True,6,18,6,12,-0.716618512795595,mid,Residual (MAD)
2004-12-13 18:00:00,PT08.S1(CO),residual_mad,3.257635576995828,0.6406780264588741,2.616957550536954,4.918229166666666,1.0,3.7966320238095213,True,False,0,18,0,12,-0.6704876070852598,mid,Residual (MAD)
2005-01-05 01:00:00,PT08.S1(CO),residual_mad,0.0676840529752925,2.2053686687996694,-2.137684615824377,4.010203949337914,-1.0,3.7966320238095213,True,False,2,1,2,1,-1.028002126340357,low,Residual (MAD)
2005-01-17 18:00:00,PT08.S1(CO),residual_mad,2.410972840057402,0.16389572762738644,2.2470771124300155,4.223654761904762,1.0,3.7966320238095213,True,False,0,18,0,1,-1.0626003056231084,low,Residual (MAD)
2005-01-28 17:00:00,PT08.S1(CO),residual_mad,2.2802900131573174,-0.5437945903691264,2.824084603526444,5.307179580688477,1.0,3.7966320238095213,True,False,4,17,4,1,0.2070542222222725,mid,Residual (MAD)
2005-01-28 18:00:00,PT08.S1(CO),residual_mad,2.304738071998898,-0.5437945903691264,2.848532662368024,5.353088999430338,1.0,3.7966320238095213,True,False,4,18,4,1,0.2014973577696506,mid,Residual (MAD)
2005-01-28 19:00:00,PT08.S1(CO),residual_mad,2.2979465675560897,-0.5437945903691264,2.841741157925216,5.340335675194149,1.0,3.7966320238095213,True,False,4,19,4,1,0.189330195887461,mid,Residual (MAD)
2005-01-28 20:00:00,PT08.S1(CO),residual_mad,2.2032387223021765,-0.5437945903691264,2.747033312671303,5.162489975702195,1.0,3.7966320238095213,True,False,4,20,4,1,0.199182180888808,mid,Residual (MAD)
2005-01-28 21:00:00,PT08.S1(CO),residual_mad,2.194778442230773,-0.5651749625140362,2.759953404744809,5.186751775832404,1.0,3.7966320238095213,True,False,4,21,4,1,0.2014397258130919,mid,Residual (MAD)
2005-01-28 22:00:00,PT08.S1(CO),residual_mad,2.146715407407555,-0.6079357068038558,2.754651114211411,5.176794949486142,1.0,3.7966320238095213,True,False,4,22,4,1,0.1983122023079309,mid,Residual (MAD)
2005-01-28 23:00:00,PT08.S1(CO),residual_mad,2.1233144439400635,-0.6955952325979857,2.8189096765380492,5.297461922055199,1.0,3.7966320238095213,True,False,4,23,4,1,0.2053657378766813,mid,Residual (MAD)
2005-01-29 00:00:00,PT08.S1(CO),residual_mad,2.067460309638454,-0.7768406467486428,2.844300956387097,5.3451425541469035,1.0,3.7966320238095213,True,True,5,0,5,1,0.1869197722997866,mid,Residual (MAD)
2005-01-29 01:00:00,PT08.S1(CO),residual_mad,2.055880144696198,-0.8880185819021735,2.9438987265983716,5.532170725504558,1.0,3.7966320238095213,True,True,5,1,5,1,0.2064996796173695,mid,Residual (MAD)
2005-03-14 20:00:00,PT08.S1(CO),residual_mad,2.222825565182196,0.114720871694094,2.108104693488102,3.9626875000000004,1.0,3.7966320238095213,True,False,0,20,0,3,-0.289907634974995,mid,Residual (MAD)
2005-03-15 20:00:00,PT08.S1(CO),residual_mad,2.5264268496399147,0.33493870478666454,2.19148814485325,4.119267857142857,1.0,3.7966320238095213,True,False,1,20,1,3,-0.2322440028370763,mid,Residual (MAD)
2005-03-21 09:00:00,PT08.S1(CO),residual_mad,2.282690607187943,0.2408650673490616,2.0418255398388814,3.83822619047619,1.0,3.7966320238095213,True,False,0,9,0,3,-0.4283003521060005,mid,Residual (MAD)
2005-03-31 07:00:00,PT08.S1(CO),residual_mad,1.7610095268521453,-0.48606758557787005,2.2470771124300155,4.223654761904762,1.0,3.7966320238095213,True,False,3,7,3,3,-0.658954880657676,mid,Residual (MAD)
2004-03-11 19:00:00,PT08.S2(NMHC),residual_mad,1.611549183452302,-0.46429161546958586,2.0758407989218877,3.9049999999999985,1.0,3.4838516666666646,True,False,3,19,3,3,-1.0049366734851894,low,Residual (MAD)
2004-03-15 09:00:00,PT08.S2(NMHC),residual_mad,2.2814796231043664,0.34874603077482025,1.9327335923295461,3.6357916666666665,1.0,3.4838516666666646,True,False,0,9,0,3,-0.4167676256784165,mid,Residual (MAD)
2004-03-15 19:00:00,PT08.S2(NMHC),residual_mad,2.448175929684457,0.4871354173696128,1.9610405123148442,3.689041666666666,1.0,3.4838516666666646,True,False,0,19,0,3,0.2290650542662749,mid,Residual (MAD)
2004-03-17 09:00:00,PT08.S2(NMHC),residual_mad,2.265753556445867,0.3408829974455707,1.9248705590002961,3.620999999999999,1.0,3.4838516666666646,True,False,2,9,2,3,-0.4974967106715031,mid,Residual (MAD)
2004-03-17 19:00:00,PT08.S2(NMHC),residual_mad,2.39470730304556,0.4824175973720631,1.912289705673497,3.5973333333333333,1.0,3.4838516666666646,True,False,2,19,2,3,0.5404486678110373,mid,Residual (MAD)
2004-03-19 05:00:00,PT08.S2(NMHC),residual_mad,-1.4172912549746346,0.4729819573769636,-1.8902732123515982,3.5559166666666666,-1.0,3.4838516666666646,True,False,4,5,4,3,-0.6820203335128435,mid,Residual (MAD)
2004-04-01 08:00:00,PT08.S2(NMHC),residual_mad,1.948087009944184,-0.23783625558719806,2.185923265531382,4.112083333333333,1.0,3.4838516666666646,True,False,3,8,3,4,-0.7512166920783462,mid,Residual (MAD)
2004-04-01 14:00:00,PT08.S2(NMHC),residual_mad,2.839267773206925,0.049950764263336354,2.7893170089435886,5.247166798909505,1.0,3.4838516666666646,True,False,3,14,3,4,0.2845870213070672,mid,Residual (MAD)
2004-04-01 15:00:00,PT08.S2(NMHC),residual_mad,2.8130759631147337,0.049950764263336354,2.763125198851397,5.197895670572915,1.0,3.4838516666666646,True,False,3,15,3,4,0.2855881015906505,mid,Residual (MAD)
2004-04-01 16:00:00,PT08.S2(NMHC),residual_mad,2.8156268417006487,0.049950764263336354,2.765676077437312,5.202694295247395,1.0,3.4838516666666646,True,False,3,16,3,4,0.2444773792351814,mid,Residual (MAD)
2004-04-06 08:00:00,PT08.S2(NMHC),residual_mad,2.077040756543877,-0.0255343556974595,2.1025751122413365,3.9552916666666658,1.0,3.4838516666666646,True,False,1,8,1,4,-0.2553094556922438,mid,Residual (MAD)
2004-04-08 22:00:00,PT08.S2(NMHC),residual_mad,-0.4768724687963852,1.5454997034866058,-2.022372172282991,3.8044166666666657,-1.0,3.4838516666666646,True,False,3,22,3,4,-0.4974967106715031,mid,Residual (MAD)
2004-04-20 08:00:00,PT08.S2(NMHC),residual_mad,1.803407196685992,-0.10888250898750501,1.9122897056734969,3.5973333333333324,1.0,3.4838516666666646,True,False,1,8,1,4,-0.705085786368011,mid,Residual (MAD)
2004-04-21 08:00:00,PT08.S2(NMHC),residual_mad,2.5173706229818533,0.0735398642510851,2.443830758730768,4.597249999999999,1.0,3.4838516666666646,True,False,2,8,2,4,-0.5090294370990869,mid,Residual (MAD)
2004-04-21 18:00:00,PT08.S2(NMHC),residual_mad,1.9889747832562816,0.0766850775827849,1.9122897056734967,3.5973333333333324,1.0,3.4838516666666646,True,False,2,18,2,4,0.7941686492178804,mid,Residual (MAD)
2004-04-21 19:00:00,PT08.S2(NMHC),residual_mad,2.0676051165487777,0.0766850775827849,1.9909200389659927,3.7452499999999995,1.0,3.4838516666666646,True,False,2,19,2,4,0.6211777528041237,mid,Residual (MAD)
2004-04-23 03:00:00,PT08.S2(NMHC),residual_mad,-1.0493012951657543,0.8818596904979416,-1.9311609856636958,3.6328333333333327,-1.0,3.4838516666666646,True,False,4,3,4,4,-0.4398330785335842,mid,Residual (MAD)
2004-04-23 04:00:00,PT08.S2(NMHC),residual_mad,-1.156238548443549,0.9180296438124895,-2.0742681922560386,3.902041666666667,-1.0,3.4838516666666646,True,False,4,4,4,4,-0.4974967106715031,mid,Residual (MAD)
2004-04-23 05:00:00,PT08.S2(NMHC),residual_mad,-1.036720441838955,0.9636352371221372,-2.000355678961092,3.762999999999999,-1.0,3.4838516666666646,True,False,4,5,4,4,-0.4859639842439194,mid,Residual (MAD)
2004-05-10 08:00:00,PT08.S2(NMHC),residual_mad,2.177687583158272,0.2653978774847748,1.9122897056734973,3.5973333333333337,1.0,3.4838516666666646,True,False,0,8,0,5,-0.2783749085474112,mid,Residual (MAD)
2004-05-12 08:00:00,PT08.S2(NMHC),residual_mad,2.328657823079864,0.42108593740391637,1.9075718856759476,3.5884583333333335,1.0,3.4838516666666646,True,False,2,8,2,5,-0.1630476442715734,mid,Residual (MAD)
2004-05-18 08:00:00,PT08.S2(NMHC),residual_mad,2.429304649694258,0.1977757908532284,2.23152885884103,4.197875,1.0,3.4838516666666646,True,False,1,8,1,5,0.0445414314249346,mid,Residual (MAD)
2004-05-19 08:00:00,PT08.S2(NMHC),residual_mad,2.2814796231043664,0.3581816707699198,1.9232979523344467,3.6180416666666666,1.0,3.4838516666666646,True,False,2,8,2,5,0.0214759785697671,mid,Residual (MAD)
2004-05-27 08:00:00,PT08.S2(NMHC),residual_mad,2.121073743187675,0.17261408419962976,1.9484596589880452,3.6653749999999996,1.0,3.4838516666666646,True,False,3,8,3,5,0.0676068842801021,mid,Residual (MAD)
2004-06-08 04:00:00,PT08.S2(NMHC),residual_mad,-1.3764034816625368,0.4887080240354627,-1.8651115056979994,3.5085833333333327,-1.0,3.4838516666666646,True,False,1,4,1,6,0.2982614128317777,mid,Residual (MAD)
2004-06-21 04:00:00,PT08.S2(NMHC),residual_mad,-1.3575322016723377,1.9906658345403971,-3.348198036212735,6.29851448059082,-1.0,3.4838516666666646,True,False,0,4,0,6,0.0560741578525182,mid,Residual (MAD)
2004-06-21 05:00:00,PT08.S2(NMHC),residual_mad,-0.926637975229461,1.0296847170878336,-1.9563226923172947,3.6801666666666666,-1.0,3.4838516666666646,True,False,0,5,0,6,-0.0246549271405681,mid,Residual (MAD)
2004-07-20 08:00:00,PT08.S2(NMHC),residual_mad,2.319222183084764,0.3943516240844679,1.9248705590002961,3.620999999999999,1.0,3.4838516666666646,True,False,1,8,1,7,0.9902249984868046,high,Residual (MAD)
2004-07-31 00:00:00,PT08.S2(NMHC),residual_mad,2.7377029528088275,0.0719672575852352,2.665735695223592,5.014689900716145,1.0,3.4838516666666646,True,True,5,0,5,7,0.3110601065738152,mid,Residual (MAD)
2004-08-09 16:00:00,PT08.S2(NMHC),residual_mad,2.8948338486289127,-0.1796498089507512,3.074483657579664,5.783612447102864,1.0,3.4838516666666646,True,False,0,16,0,8,0.3828787631566006,mid,Residual (MAD)
2004-08-09 17:00:00,PT08.S2(NMHC),residual_mad,2.89423529057421,-0.1796498089507512,3.0738850995249614,5.782486460367837,1.0,3.4838516666666646,True,False,0,17,0,8,0.3826568141330595,mid,Residual (MAD)
2004-08-09 18:00:00,PT08.S2(NMHC),residual_mad,2.889129310093464,-0.1796498089507512,3.068779119044215,5.772881266276041,1.0,3.4838516666666646,True,False,0,18,0,8,0.3672932783548582,mid,Residual (MAD)
2004-08-09 19:00:00,PT08.S2(NMHC),residual_mad,2.894189985987645,-0.1796498089507512,3.0738397949383964,5.782401234944659,1.0,3.4838516666666646,True,False,0,19,0,8,0.3444545258601083,mid,Residual (MAD)
2004-08-28 03:00:00,PT08.S2(NMHC),residual_mad,-0.870024135258864,1.3609128844280134,-2.2309370196868774,4.19676165262858,-1.0,3.4838516666666646,True,True,5,3,5,8,0.1598686957007724,mid,Residual (MAD)
2004-09-01 08:00:00,PT08.S2(NMHC),residual_mad,2.1808327964899714,0.14587977088018117,2.03495302560979,3.828083333333332,1.0,3.4838516666666646,True,False,2,8,2,9,0.5519813942386208,mid,Residual (MAD)
2004-09-05 00:00:00,PT08.S2(NMHC),residual_mad,1.8317141166712905,-0.24098146891889788,2.0726955855901883,3.8990833333333326,1.0,3.4838516666666646,True,True,6,0,6,9,1.1055522627626424,high,Residual (MAD)
2004-09-21 08:00:00,PT08.S2(NMHC),residual_mad,2.5771296762841502,0.6192343773010057,1.9578952989831446,3.6831249999999995,1.0,3.4838516666666646,True,False,1,8,1,9,0.136803242845605,mid,Residual (MAD)
2004-09-24 03:00:00,PT08.S2(NMHC),residual_mad,-1.241159308399444,0.7969389305420462,-2.0380982389414903,3.8339999999999996,-1.0,3.4838516666666646,True,False,4,3,4,9,0.4943177621007019,mid,Residual (MAD)
2004-09-24 04:00:00,PT08.S2(NMHC),residual_mad,-1.1247864151265503,0.8881501171613413,-2.012936532287892,3.7866666666666666,-1.0,3.4838516666666646,True,False,4,4,4,9,0.3097941392593617,mid,Residual (MAD)
2004-09-24 05:00:00,PT08.S2(NMHC),residual_mad,-1.0587369351608538,0.7969389305420462,-1.8556758657029,3.490833333333333,-1.0,3.4838516666666646,True,False,4,5,4,9,0.2290650542662749,mid,Residual (MAD)
2004-09-24 08:00:00,PT08.S2(NMHC),residual_mad,2.092766823202376,0.21350185751172754,1.8792649656906486,3.535208333333333,1.0,3.4838516666666646,True,False,4,8,4,9,0.4020559506800316,mid,Residual (MAD)
2004-09-30 17:00:00,PT08.S2(NMHC),residual_mad,2.2248657831337693,0.3471734241089704,1.877692359024799,3.5322499999999994,1.0,3.4838516666666646,True,False,3,17,3,9,0.805701375645464,mid,Residual (MAD)
2004-10-01 04:00:00,PT08.S2(NMHC),residual_mad,-1.0084135218536563,0.8802870838320915,-1.8887006056857478,3.552958333333332,-1.0,3.4838516666666646,True,False,4,4,4,10,0.1598686957007724,mid,Residual (MAD)
2004-10-01 14:00:00,PT08.S2(NMHC),residual_mad,2.8222524455171945,0.8126649972005453,2.0095874483166494,3.780366485595703,1.0,3.4838516666666646,True,False,4,14,4,10,0.2922830872006576,mid,Residual (MAD)
2004-10-04 18:00:00,PT08.S2(NMHC),residual_mad,2.6085818096011484,0.5028614840281119,2.1057203255730363,3.961208333333332,1.0,3.4838516666666646,True,False,0,18,0,10,0.8748977342109667,high,Residual (MAD)
2004-10-04 19:00:00,PT08.S2(NMHC),residual_mad,2.8004398228348384,0.5028614840281119,2.2975783388067264,4.322125,1.0,3.4838516666666646,True,False,0,19,0,10,0.6788413849420426,mid,Residual (MAD)
2004-10-05 02:00:00,PT08.S2(NMHC),residual_mad,-1.118495988463151,0.741897697237299,-1.86039368570045,3.499708333333333,-1.0,3.4838516666666646,True,False,1,2,1,10,0.2751959599766103,mid,Residual (MAD)
2004-10-05 03:00:00,PT08.S2(NMHC),residual_mad,-1.0838986418144525,0.8441171305175437,-1.9280157723319962,3.6269166666666663,-1.0,3.4838516666666646,True,False,1,3,1,10,-0.0707858328509031,mid,Residual (MAD)
2004-10-05 04:00:00,PT08.S2(NMHC),residual_mad,-1.118495988463151,0.8441171305175437,-1.9626131189806946,3.6919999999999997,-1.0,3.4838516666666646,True,False,1,4,1,10,0.0445414314249346,mid,Residual (MAD)
2004-10-06 19:00:00,PT08.S2(NMHC),residual_mad,2.7564068361910405,0.7041551372569012,2.0522516989341395,3.8606249999999998,1.0,3.4838516666666646,True,False,2,19,2,10,0.7019068377972101,mid,Residual (MAD)
2004-10-25 17:00:00,PT08.S2(NMHC),residual_mad,2.897941436117533,0.9510543837953379,1.9468870523221953,3.6624166666666667,1.0,3.4838516666666646,True,False,0,17,0,10,0.3789904978248641,mid,Residual (MAD)
2004-10-26 17:00:00,PT08.S2(NMHC),residual_mad,2.875924942795634,0.9950873704391354,1.8808375723564985,3.538166666666666,1.0,3.4838516666666646,True,False,1,17,1,10,0.5519813942386208,mid,Residual (MAD)
2004-10-26 18:00:00,PT08.S2(NMHC),residual_mad,3.2439149026045144,0.9950873704391354,2.248827532165379,4.230416666666666,1.0,3.4838516666666646,True,False,1,18,1,10,0.4712523092455344,mid,Residual (MAD)
2004-10-28 17:00:00,PT08.S2(NMHC),residual_mad,2.187123223153371,0.317293897457822,1.869829325695549,3.5174583333333325,1.0,3.4838516666666646,True,False,3,17,3,10,0.2751959599766103,mid,Residual (MAD)
2004-11-04 18:00:00,PT08.S2(NMHC),residual_mad,2.970281342746629,1.0737177037316314,1.8965636390149974,3.5677499999999984,1.0,3.4838516666666646,True,False,3,18,3,11,0.5404486678110373,mid,Residual (MAD)
2004-11-05 03:00:00,PT08.S2(NMHC),residual_mad,-0.9046214819075622,1.1413397903631777,-2.04596127227074,3.848791666666666,-1.0,3.4838516666666646,True,False,4,3,4,11,-0.0592531064233196,mid,Residual (MAD)
2004-11-05 04:00:00,PT08.S2(NMHC),residual_mad,-1.0587369351608538,1.1413397903631777,-2.200076725524031,4.138708333333333,-1.0,3.4838516666666646,True,False,4,4,4,11,-0.2207112764094923,mid,Residual (MAD)
2004-11-05 05:00:00,PT08.S2(NMHC),residual_mad,-1.1782550417654474,1.1413397903631777,-2.319594832128625,4.363541666666666,-1.0,3.4838516666666646,True,False,4,5,4,11,-0.1745803706991574,mid,Residual (MAD)
2004-11-05 06:00:00,PT08.S2(NMHC),residual_mad,-0.9392188285562604,1.1413397903631777,-2.0805586189194383,3.9138750000000004,-1.0,3.4838516666666646,True,False,4,6,4,11,-0.2668421821198273,mid,Residual (MAD)
2004-11-05 17:00:00,PT08.S2(NMHC),residual_mad,2.816165889493337,0.650686510618004,2.1654793788753333,4.073625,1.0,3.4838516666666646,True,False,4,17,4,11,0.5289159413834533,mid,Residual (MAD)
2004-11-05 18:00:00,PT08.S2(NMHC),residual_mad,2.6840669295619444,0.650686510618004,2.03338041894394,3.825124999999999,1.0,3.4838516666666646,True,False,4,18,4,11,0.3443923185421127,mid,Residual (MAD)
2004-11-08 18:00:00,PT08.S2(NMHC),residual_mad,1.8851827433101875,-0.5224780621060328,2.4076608054162203,4.529208333333333,1.0,3.4838516666666646,True,False,0,18,0,11,-0.8204130506438488,mid,Residual (MAD)
2004-11-08 19:00:00,PT08.S2(NMHC),residual_mad,1.724776863393496,-0.5224780621060328,2.2472549254995284,4.227458333333332,1.0,3.4838516666666646,True,False,0,19,0,11,-0.9011421356369356,low,Residual (MAD)
2004-11-17 04:00:00,PT08.S2(NMHC),residual_mad,-1.426726894969734,0.42580375740146614,-1.8525306523712002,3.4849166666666664,-1.0,3.4838516666666646,True,False,2,4,2,11,-1.408582098450622,low,Residual (MAD)
2004-11-17 18:00:00,PT08.S2(NMHC),residual_mad,2.9828621960734285,0.5421766506743599,2.4406855453990683,4.591333333333332,1.0,3.4838516666666646,True,False,2,18,2,11,-0.5436276163818383,mid,Residual (MAD)
2004-11-19 05:00:00,PT08.S2(NMHC),residual_mad,-1.3984199749844357,0.4729819573769636,-1.8714019323613993,3.5204166666666663,-1.0,3.4838516666666646,True,False,4,5,4,11,-0.4283003521060005,mid,Residual (MAD)
2004-11-22 09:00:00,PT08.S2(NMHC),residual_mad,3.162139355980319,0.8409719171858439,2.321167438794475,4.366499999999999,1.0,3.4838516666666646,True,False,0,9,0,11,-1.500843909871292,low,Residual (MAD)
2004-11-22 10:00:00,PT08.S2(NMHC),residual_mad,3.89497406226638,1.0957341970535301,2.79923986521285,5.265833333333334,1.0,3.4838516666666646,True,False,0,10,0,11,-1.408582098450622,low,Residual (MAD)
2004-11-30 20:00:00,PT08.S2(NMHC),residual_mad,1.8348593300029905,-0.045978242353508406,1.880837572356499,3.5381666666666667,1.0,3.4838516666666646,True,False,1,20,1,11,-0.7973475977886814,mid,Residual (MAD)
2004-12-02 19:00:00,PT08.S2(NMHC),residual_mad,2.7532616228593407,0.8268184571931945,1.9264431656661463,3.623958333333333,1.0,3.4838516666666646,True,False,3,19,3,12,-0.3475712671129139,mid,Residual (MAD)
2004-12-13 18:00:00,PT08.S2(NMHC),residual_mad,3.1684297826437184,0.6978647105935014,2.470565072050217,4.647541666666666,1.0,3.4838516666666646,True,False,0,18,0,12,-0.6704876070852598,mid,Residual (MAD)
2004-12-24 23:00:00,PT08.S2(NMHC),residual_mad,2.731893983361975,0.8032293572054459,1.928664626156529,3.628137268066406,1.0,3.4838516666666646,True,False,4,23,4,12,0.2760779488812588,mid,Residual (MAD)
2005-01-05 01:00:00,PT08.S2(NMHC),residual_mad,-0.5775192954107797,2.0878883254973903,-2.6654076209081703,5.01407273864746,-1.0,3.4838516666666646,True,False,2,1,2,1,-1.028002126340357,low,Residual (MAD)
2005-01-17 18:00:00,PT08.S2(NMHC),residual_mad,2.690357356225344,0.4415298240599652,2.248827532165379,4.230416666666666,1.0,3.4838516666666646,True,False,0,18,0,1,-1.0626003056231084,low,Residual (MAD)
2005-01-17 19:00:00,PT08.S2(NMHC),residual_mad,2.3160769697530643,0.4415298240599652,1.874547145693099,3.526333333333333,1.0,3.4838516666666646,True,False,0,19,0,1,-1.2240584756092812,low,Residual (MAD)
2005-01-28 17:00:00,PT08.S2(NMHC),residual_mad,2.807674734946966,-0.46586422213543577,3.2735389570824016,6.158068400065102,1.0,3.4838516666666646,True,False,4,17,4,1,0.2070542222222725,mid,Residual (MAD)
2005-01-28 18:00:00,PT08.S2(NMHC),residual_mad,2.8179308486835013,-0.46586422213543577,3.283795070818937,6.177361846923827,1.0,3.4838516666666646,True,False,4,18,4,1,0.2014973577696506,mid,Residual (MAD)
2005-01-28 19:00:00,PT08.S2(NMHC),residual_mad,2.8247154024901997,-0.46586422213543577,3.2905796246256354,6.19012471516927,1.0,3.4838516666666646,True,False,4,19,4,1,0.189330195887461,mid,Residual (MAD)
2005-01-28 20:00:00,PT08.S2(NMHC),residual_mad,2.809600563813153,-0.46586422213543577,3.275464785948589,6.161691202799478,1.0,3.4838516666666646,True,False,4,20,4,1,0.199182180888808,mid,Residual (MAD)
2005-01-28 21:00:00,PT08.S2(NMHC),residual_mad,2.810543897450359,-0.4894533221231845,3.2999972195735436,6.20784076944987,1.0,3.4838516666666646,True,False,4,21,4,1,0.2014397258130919,mid,Residual (MAD)
2005-01-28 22:00:00,PT08.S2(NMHC),residual_mad,2.8168109039461275,-0.5429219487620817,3.359732852708209,6.320213378906249,1.0,3.4838516666666646,True,False,4,22,4,1,0.1983122023079309,mid,Residual (MAD)
2005-01-28 23:00:00,PT08.S2(NMHC),residual_mad,2.831774855313681,-0.5853823287400294,3.4171571840537105,6.4282380472819005,1.0,3.4838516666666646,True,False,4,23,4,1,0.2053657378766813,mid,Residual (MAD)
2005-01-29 00:00:00,PT08.S2(NMHC),residual_mad,2.8435045199251023,-0.6341331353813767,3.477637655306479,6.54201182047526,1.0,3.4838516666666646,True,True,5,0,5,1,0.1869197722997866,mid,Residual (MAD)
2005-01-29 01:00:00,PT08.S2(NMHC),residual_mad,2.841920395144024,-0.7520786353201203,3.5939990304641443,6.760906819661457,1.0,3.4838516666666646,True,True,5,1,5,1,0.2064996796173695,mid,Residual (MAD)
2005-02-02 20:00:00,PT08.S2(NMHC),residual_mad,1.9134896632954856,-0.04755084901935835,1.961040512314844,3.6890416666666654,1.0,3.4838516666666646,True,False,2,20,2,2,-1.1779275698989462,low,Residual (MAD)
2005-02-14 11:00:00,PT08.S2(NMHC),residual_mad,2.0864763965389765,-0.44542033547938686,2.5318967320183634,4.762916666666666,1.0,3.4838516666666646,True,False,0,11,0,2,-0.7742821449335139,mid,Residual (MAD)
2005-02-25 09:00:00,PT08.S2(NMHC),residual_mad,1.6555821700961,-0.23783625558719806,1.893418425683298,3.561833333333333,1.0,3.4838516666666646,True,False,4,9,4,2,-1.408582098450622,low,Residual (MAD)
2005-03-11 11:00:00,PT08.S2(NMHC),residual_mad,2.8776826071794868,0.040515124268236904,2.8371674829112496,5.33718145751953,1.0,3.4838516666666646,True,False,4,11,4,3,0.2310667309009821,mid,Residual (MAD)
2005-03-14 19:00:00,PT08.S2(NMHC),residual_mad,1.746793356715395,-0.2928774888919451,2.0396708456073402,3.836958333333333,1.0,3.4838516666666646,True,False,0,19,0,3,-0.1976458235543249,mid,Residual (MAD)
2005-03-14 20:00:00,PT08.S2(NMHC),residual_mad,1.6807438767496985,-0.2928774888919451,1.9736213656416437,3.712708333333333,1.0,3.4838516666666646,True,False,0,20,0,3,-0.289907634974995,mid,Residual (MAD)
2005-03-15 19:00:00,PT08.S2(NMHC),residual_mad,1.878892316646788,0.023216450943887797,1.8556758657029002,3.4908333333333337,1.0,3.4838516666666646,True,False,1,19,1,3,-0.0477203799957356,mid,Residual (MAD)
2005-03-15 20:00:00,PT08.S2(NMHC),residual_mad,2.064459903217078,0.023216450943887797,2.04124345227319,3.839916666666667,1.0,3.4838516666666646,True,False,1,20,1,3,-0.2322440028370763,mid,Residual (MAD)
2005-03-21 09:00:00,PT08.S2(NMHC),residual_mad,1.878892316646788,-0.20638412227019975,2.0852764389169876,3.9227499999999993,1.0,3.4838516666666646,True,False,0,9,0,3,-0.4283003521060005,mid,Residual (MAD)
2005-03-21 19:00:00,PT08.S2(NMHC),residual_mad,1.7876811300274928,-0.20166630227264998,1.9893474323001428,3.742291666666666,1.0,3.4838516666666646,True,False,0,19,0,3,0.0214759785697671,mid,Residual (MAD)
2005-03-24 20:00:00,PT08.S2(NMHC),residual_mad,2.1997040764801707,0.33616517744802094,1.8635388990321498,3.505625,1.0,3.4838516666666646,True,False,3,20,3,3,0.0445414314249346,mid,Residual (MAD)
2005-03-31 07:00:00,PT08.S2(NMHC),residual_mad,1.3158991302725185,-0.6891743686861238,2.0050734989586423,3.771875,1.0,3.4838516666666646,True,False,3,7,3,3,-0.658954880657676,mid,Residual (MAD)
2004-03-11 05:00:00,PT08.S3(NOx),residual_mad,4.251084435825788,1.5284299333449434,2.722654502480845,5.396000000000002,1.0,4.775459999999999,True,False,3,5,3,3,-0.8550112299266003,mid,Residual (MAD)
2004-03-12 03:00:00,PT08.S3(NOx),residual_mad,3.3253819049823004,0.9080536574225224,2.417328247559778,4.790877142857143,1.0,4.775459999999999,True,False,4,3,4,3,-1.3163202870299515,low,Residual (MAD)
2004-03-12 04:00:00,PT08.S3(NOx),residual_mad,4.153846775022901,0.7641419194342493,3.3897048555886515,6.718020000000001,1.0,4.775459999999999,True,False,4,4,4,3,-1.4201148248782056,low,Residual (MAD)
2004-03-12 05:00:00,PT08.S3(NOx),residual_mad,4.1616257878871314,0.7116335826006901,3.449992205286441,6.837502857142858,1.0,4.775459999999999,True,False,4,5,4,3,-1.397049372023038,low,Residual (MAD)
2004-03-12 06:00:00,PT08.S3(NOx),residual_mad,3.3448294371428777,0.7077440761685746,2.6370853609743032,5.226411428571429,1.0,4.775459999999999,True,False,4,6,4,3,-1.339385739885119,low,Residual (MAD)
2004-03-19 04:00:00,PT08.S3(NOx),residual_mad,2.3919003612745824,-0.02737263950125315,2.4192730007758354,4.794731428571428,1.0,4.775459999999999,True,False,4,4,4,3,-0.705085786368011,mid,Residual (MAD)
2004-03-19 05:00:00,PT08.S3(NOx),residual_mad,3.0920115190553705,-0.04487541844577285,3.1368869375011434,6.216962857142857,1.0,4.775459999999999,True,False,4,5,4,3,-0.6820203335128435,mid,Residual (MAD)
2004-03-22 03:00:00,PT08.S3(NOx),residual_mad,3.842686260453661,0.5307715335073198,3.311914726946341,6.563848571428571,1.0,4.775459999999999,True,False,0,3,0,3,-0.1745803706991574,mid,Residual (MAD)
2004-03-22 04:00:00,PT08.S3(NOx),residual_mad,3.6209843938230777,0.5366057931554931,3.0843786006675846,6.112897142857142,1.0,4.775459999999999,True,False,0,4,0,3,-0.2668421821198273,mid,Residual (MAD)
2004-03-22 05:00:00,PT08.S3(NOx),residual_mad,3.7376695867865424,0.5346610399394354,3.203008546847107,6.348008571428571,1.0,4.775459999999999,True,False,0,5,0,3,-0.2207112764094923,mid,Residual (MAD)
2004-03-23 04:00:00,PT08.S3(NOx),residual_mad,3.4070615400567257,0.3771360294387579,3.029925510617968,6.004977142857143,1.0,4.775459999999999,True,False,1,4,1,3,-0.9588057677748544,low,Residual (MAD)
2004-03-23 05:00:00,PT08.S3(NOx),residual_mad,4.212189371504633,0.3771360294387579,3.835053342065875,7.60065142857143,1.0,4.775459999999999,True,False,1,5,1,3,-1.108731211333443,low,Residual (MAD)
2004-03-23 06:00:00,PT08.S3(NOx),residual_mad,2.7886300173503624,0.29351164114827477,2.495118376202088,4.945048571428571,1.0,4.775459999999999,True,False,1,6,1,3,-1.0164693999127732,low,Residual (MAD)
2004-03-25 04:00:00,PT08.S3(NOx),residual_mad,3.4303985786494184,0.7291363615452098,2.7012622171042087,5.3536028571428576,1.0,4.775459999999999,True,False,3,4,3,3,-1.0510675791955244,low,Residual (MAD)
2004-03-25 05:00:00,PT08.S3(NOx),residual_mad,4.317206045171751,0.7291363615452098,3.5880696836265416,7.111157142857144,1.0,4.775459999999999,True,False,3,5,3,3,-0.981871220630022,low,Residual (MAD)
2004-03-31 03:00:00,PT08.S3(NOx),residual_mad,3.0647849740305624,0.5793903639087634,2.4853946101217987,4.925777142857142,1.0,4.775459999999999,True,False,2,3,2,3,-0.4859639842439194,mid,Residual (MAD)
2004-03-31 04:00:00,PT08.S3(NOx),residual_mad,3.3992825271924945,0.4063073276796241,2.9929751995128706,5.931745714285714,1.0,4.775459999999999,True,False,2,4,2,3,-0.4513658049611679,mid,Residual (MAD)
2004-04-05 04:00:00,PT08.S3(NOx),residual_mad,2.7652929787576697,0.05625174878922985,2.70904122996844,5.36902,1.0,4.775459999999999,True,False,0,4,0,4,-0.2783749085474112,mid,Residual (MAD)
2004-04-07 03:00:00,PT08.S3(NOx),residual_mad,3.593757848798269,0.38491504230298884,3.20884280649528,6.359571428571428,1.0,4.775459999999999,True,False,2,3,2,4,-0.2668421821198273,mid,Residual (MAD)
2004-04-07 04:00:00,PT08.S3(NOx),residual_mad,3.893249844071162,0.41603109375991276,3.4772187503112493,6.891462857142857,1.0,4.775459999999999,True,False,2,4,2,4,-0.3129730878301627,mid,Residual (MAD)
2004-04-07 05:00:00,PT08.S3(NOx),residual_mad,3.422619565785188,0.5404952995876084,2.8821242661975797,5.71205142857143,1.0,4.775459999999999,True,False,2,5,2,4,-0.3591039935404976,mid,Residual (MAD)
2004-04-12 05:00:00,PT08.S3(NOx),residual_mad,4.270531967986365,1.790971617512739,2.479560350473626,4.914214285714286,1.0,4.775459999999999,True,False,0,5,0,4,-0.5666930692370058,mid,Residual (MAD)
2004-04-15 04:00:00,PT08.S3(NOx),residual_mad,2.2985522069038105,-0.12072079387202495,2.4192730007758354,4.794731428571428,1.0,4.775459999999999,True,False,3,4,3,4,-0.9126748620645192,low,Residual (MAD)
2004-04-20 03:00:00,PT08.S3(NOx),residual_mad,2.96365780679556,0.36352275692635366,2.6001350498692064,5.153180000000001,1.0,4.775459999999999,True,False,1,3,1,4,-1.0049366734851894,low,Residual (MAD)
2004-04-26 03:00:00,PT08.S3(NOx),residual_mad,3.488741175131151,1.079191940435604,2.4095492346955467,4.775459999999999,1.0,4.775459999999999,True,False,0,3,0,4,-0.5090294370990869,mid,Residual (MAD)
2004-04-26 04:00:00,PT08.S3(NOx),residual_mad,3.893249844071162,1.0694681743553154,2.8237816697158467,5.596422857142858,1.0,4.775459999999999,True,False,0,4,0,4,-0.4974967106715031,mid,Residual (MAD)
2004-05-05 01:00:00,PT08.S3(NOx),residual_mad,2.547480618559202,-0.21795845467491226,2.765439073234114,5.480794285714285,1.0,4.775459999999999,True,False,2,1,2,5,0.0676068842801021,mid,Residual (MAD)
2004-05-05 02:00:00,PT08.S3(NOx),residual_mad,2.430795425595737,-0.2549087657800094,2.6857041913757467,5.322768571428571,1.0,4.775459999999999,True,False,2,2,2,5,-0.3129730878301627,mid,Residual (MAD)
2004-05-06 02:00:00,PT08.S3(NOx),residual_mad,2.7575139658934384,0.2040529932096185,2.55346097268382,5.060677142857142,1.0,4.775459999999999,True,False,3,2,3,5,-0.6704876070852598,mid,Residual (MAD)
2004-05-06 03:00:00,PT08.S3(NOx),residual_mad,3.150354115537103,0.2040529932096185,2.9463011223274846,5.839242857142857,1.0,4.775459999999999,True,False,3,3,3,5,-0.658954880657676,mid,Residual (MAD)
2004-05-06 04:00:00,PT08.S3(NOx),residual_mad,3.1114590512159483,0.2040529932096185,2.90740605800633,5.762157142857143,1.0,4.775459999999999,True,False,3,4,3,5,-0.612823974947341,mid,Residual (MAD)
2004-05-13 04:00:00,PT08.S3(NOx),residual_mad,2.8353040945357484,0.16904743532057906,2.6662566592151693,5.284225714285714,1.0,4.775459999999999,True,False,3,4,3,5,-0.2553094556922438,mid,Residual (MAD)
2004-05-24 03:00:00,PT08.S3(NOx),residual_mad,3.819349221860968,1.0655786679231998,2.7537705539377684,5.457668571428572,1.0,4.775459999999999,True,False,0,3,0,5,-0.3129730878301627,mid,Residual (MAD)
2004-05-24 04:00:00,PT08.S3(NOx),residual_mad,4.19663134577617,1.1258660176209898,3.0707653281551806,6.085917142857143,1.0,4.775459999999999,True,False,0,4,0,5,-0.2437767292646598,mid,Residual (MAD)
2004-05-24 05:00:00,PT08.S3(NOx),residual_mad,3.8037911961325057,1.1258660176209898,2.677925178511516,5.307351428571429,1.0,4.775459999999999,True,False,0,5,0,5,-0.2668421821198273,mid,Residual (MAD)
2004-06-01 03:00:00,PT08.S3(NOx),residual_mad,2.73028742086863,0.1612684224563481,2.5690189984122815,5.091511428571428,1.0,4.775459999999999,True,False,1,3,1,6,-0.128449464988822,mid,Residual (MAD)
2004-06-08 04:00:00,PT08.S3(NOx),residual_mad,2.4269059191636217,-0.0001460944764447,2.4270520136400666,4.810148571428572,1.0,4.775459999999999,True,False,1,4,1,6,0.2982614128317777,mid,Residual (MAD)
2004-06-14 03:00:00,PT08.S3(NOx),residual_mad,4.340543083764444,1.5751040105303291,2.7654390732341145,5.480794285714286,1.0,4.775459999999999,True,False,0,3,0,6,0.0676068842801021,mid,Residual (MAD)
2004-06-14 04:00:00,PT08.S3(NOx),residual_mad,4.247194929393672,1.4798111029434997,2.767383826450172,5.484648571428571,1.0,4.775459999999999,True,False,0,4,0,6,0.079139610707686,mid,Residual (MAD)
2004-06-21 04:00:00,PT08.S3(NOx),residual_mad,2.0535133016805345,-0.8098967505552465,2.863410052235781,5.674961926967075,1.0,4.775459999999999,True,False,0,4,0,6,0.0560741578525182,mid,Residual (MAD)
2004-10-13 03:00:00,PT08.S3(NOx),residual_mad,2.8508621202642104,0.30323540722856357,2.5476267130356467,5.049114285714285,1.0,4.775459999999999,True,False,2,3,2,10,-0.4628985313887517,mid,Residual (MAD)
2004-10-13 04:00:00,PT08.S3(NOx),residual_mad,2.975326326091906,0.30323540722856357,2.672090918863342,5.29578857142857,1.0,4.775459999999999,True,False,2,4,2,10,-0.4513658049611679,mid,Residual (MAD)
2004-10-14 03:00:00,PT08.S3(NOx),residual_mad,2.368563322681889,-0.04098591201365741,2.4095492346955467,4.775459999999999,1.0,4.775459999999999,True,False,3,3,3,10,-0.3706367199680815,mid,Residual (MAD)
2004-10-14 04:00:00,PT08.S3(NOx),residual_mad,2.3763423355461204,-0.13044455995231366,2.506786895498434,4.968174285714285,1.0,4.775459999999999,True,False,3,4,3,10,-0.3821694463956653,mid,Residual (MAD)
2004-11-08 04:00:00,PT08.S3(NOx),residual_mad,3.624873900255193,0.6007826492853986,3.0240912509697946,5.9934142857142865,1.0,4.775459999999999,True,False,0,4,0,11,-0.8204130506438488,mid,Residual (MAD)
2004-11-08 05:00:00,PT08.S3(NOx),residual_mad,3.267039308500568,0.559942831748186,2.7070964767523815,5.365165714285713,1.0,4.775459999999999,True,False,0,5,0,11,-0.8780766827817678,mid,Residual (MAD)
2004-11-10 04:00:00,PT08.S3(NOx),residual_mad,3.0181108968451764,0.26045083647529316,2.7576600603698833,5.465377142857142,1.0,4.775459999999999,True,False,2,4,2,11,-1.2009930227541137,low,Residual (MAD)
2004-11-10 05:00:00,PT08.S3(NOx),residual_mad,3.259260295636337,0.24878231717894667,3.0104779784573905,5.966434285714286,1.0,4.775459999999999,True,False,2,5,2,11,-1.18946029632653,low,Residual (MAD)
2004-11-29 22:00:00,PT08.S3(NOx),residual_mad,3.3992825271924945,0.0543069955731721,3.344975531619322,6.629371428571427,1.0,4.775459999999999,True,False,0,22,0,11,-0.2437767292646598,mid,Residual (MAD)
2004-11-29 23:00:00,PT08.S3(NOx),residual_mad,2.516364567102278,0.0543069955731721,2.4620575715291055,4.879525714285713,1.0,4.775459999999999,True,False,0,23,0,11,-0.2783749085474112,mid,Residual (MAD)
2004-11-30 00:00:00,PT08.S3(NOx),residual_mad,2.6797238372511285,0.0543069955731721,2.625416841677956,5.203285714285713,1.0,4.775459999999999,True,False,1,0,1,11,-0.3245058142577464,mid,Residual (MAD)
2004-12-01 01:00:00,PT08.S3(NOx),residual_mad,4.181073320047709,1.438971285406287,2.7421020346414218,5.434542857142858,1.0,4.775459999999999,True,False,2,1,2,12,-0.9588057677748544,low,Residual (MAD)
2004-12-01 02:00:00,PT08.S3(NOx),residual_mad,4.394996173814061,1.5050928947522504,2.8899032790618104,5.727468571428572,1.0,4.775459999999999,True,False,2,2,2,12,-1.074133032050692,low,Residual (MAD)
2004-12-01 03:00:00,PT08.S3(NOx),residual_mad,4.733383233408109,1.5050928947522504,3.2282903386558583,6.3981142857142865,1.0,4.775459999999999,True,False,2,3,2,12,-1.1202639377610273,low,Residual (MAD)
2004-12-01 04:00:00,PT08.S3(NOx),residual_mad,4.807283855618302,1.5050928947522504,3.302190960866052,6.544577142857142,1.0,4.775459999999999,True,False,2,4,2,12,-1.1433293906161948,low,Residual (MAD)
2004-12-01 05:00:00,PT08.S3(NOx),residual_mad,4.939527074310229,1.5050928947522504,3.4344341795579787,6.806668571428571,1.0,4.775459999999999,True,False,2,5,2,12,-1.1663948434713622,low,Residual (MAD)
2004-12-01 06:00:00,PT08.S3(NOx),residual_mad,4.605029521148297,1.5050928947522504,3.0999366263960466,6.143731428571429,1.0,4.775459999999999,True,False,2,6,2,12,-1.0971984849058596,low,Residual (MAD)
2004-12-02 03:00:00,PT08.S3(NOx),residual_mad,4.297758513011173,1.7384632806791798,2.5592952323319933,5.07224,1.0,4.775459999999999,True,False,3,3,3,12,-0.7512166920783462,mid,Residual (MAD)
2004-12-02 04:00:00,PT08.S3(NOx),residual_mad,4.752830765568686,1.5964962959069644,3.1563344696617217,6.255505714285715,1.0,4.775459999999999,True,False,3,4,3,12,-0.7396839656507624,mid,Residual (MAD)
2004-12-02 05:00:00,PT08.S3(NOx),residual_mad,4.939527074310229,1.5556564783697517,3.3838705959404773,6.7064571428571425,1.0,4.775459999999999,True,False,3,5,3,12,-0.7396839656507624,mid,Residual (MAD)
2004-12-10 04:00:00,PT08.S3(NOx),residual_mad,5.857450592289485,2.6797238372511285,3.1777267550383566,6.297902857142857,1.0,4.775459999999999,True,False,4,4,4,12,-0.6012912485197572,mid,Residual (MAD)
2004-12-10 05:00:00,PT08.S3(NOx),residual_mad,6.744258058811817,2.6797238372511285,4.064534221560688,8.055457142857142,1.0,4.775459999999999,True,False,4,5,4,12,-0.7396839656507624,mid,Residual (MAD)
2004-12-10 06:00:00,PT08.S3(NOx),residual_mad,5.713538854301213,2.5747071635840104,3.1388316907172022,6.220817142857145,1.0,4.775459999999999,True,False,4,6,4,12,-0.7742821449335139,mid,Residual (MAD)
2004-12-10 07:00:00,PT08.S3(NOx),residual_mad,7.226556856394138,2.5747071635840104,4.651849692810128,9.219451428571428,1.0,4.775459999999999,True,False,4,7,4,12,-0.7973475977886814,mid,Residual (MAD)
2004-12-10 08:00:00,PT08.S3(NOx),residual_mad,5.841892566561024,2.5747071635840104,3.267185402977014,6.475200000000003,1.0,4.775459999999999,True,False,4,8,4,12,-0.705085786368011,mid,Residual (MAD)
2004-12-10 09:00:00,PT08.S3(NOx),residual_mad,5.806887008671984,2.5747071635840104,3.2321798450879733,6.405822857142857,1.0,4.775459999999999,True,False,4,9,4,12,-0.6358894278025085,mid,Residual (MAD)
2004-12-10 10:00:00,PT08.S3(NOx),residual_mad,6.678136449465854,2.5747071635840104,4.103429285881844,8.132542857142857,1.0,4.775459999999999,True,False,4,10,4,12,-0.4628985313887517,mid,Residual (MAD)
2004-12-18 14:00:00,PT08.S3(NOx),residual_mad,2.998663364684599,0.05041748914105659,2.9482458755435426,5.843097142857143,1.0,4.775459999999999,True,True,5,14,5,12,-0.4744312578163354,mid,Residual (MAD)
2004-12-18 15:00:00,PT08.S3(NOx),residual_mad,3.5237467330201904,0.0659755148695186,3.457771218150672,6.85292,1.0,4.775459999999999,True,True,5,15,5,12,-0.393702172823249,mid,Residual (MAD)
2004-12-18 16:00:00,PT08.S3(NOx),residual_mad,3.220365231315182,0.0970915663264425,3.1232736649887394,6.189982857142856,1.0,4.775459999999999,True,True,5,16,5,12,-0.4052348992508328,mid,Residual (MAD)
2004-12-21 03:00:00,PT08.S3(NOx),residual_mad,3.504299200859613,0.8088712434035774,2.695427957456036,5.342040000000001,1.0,4.775459999999999,True,False,1,3,1,12,-1.4777784570161243,low,Residual (MAD)
2004-12-21 04:00:00,PT08.S3(NOx),residual_mad,3.422619565785188,0.6863517907919394,2.736267774993249,5.422980000000001,1.0,4.775459999999999,True,False,1,4,1,12,-1.5123766362988758,low,Residual (MAD)
2004-12-21 05:00:00,PT08.S3(NOx),residual_mad,2.994773858252484,0.4743736902416451,2.520400168010839,4.995154285714287,1.0,4.775459999999999,True,False,1,5,1,12,-1.5815729948643786,low,Residual (MAD)
2005-01-25 03:00:00,PT08.S3(NOx),residual_mad,3.212586218450951,0.5677218446124169,2.644864373838534,5.241828571428571,1.0,4.775459999999999,True,False,1,3,1,1,-1.604638447719546,low,Residual (MAD)
2005-01-25 04:00:00,PT08.S3(NOx),residual_mad,3.387614007896148,0.5871693767729944,2.8004446311231534,5.550171428571428,1.0,4.775459999999999,True,False,1,4,1,1,-1.6277039005747136,low,Residual (MAD)
2005-01-25 05:00:00,PT08.S3(NOx),residual_mad,3.733780080354427,0.5871693767729944,3.1466107035814326,6.2362342857142865,1.0,4.775459999999999,True,False,1,5,1,1,-1.6969002591402162,low,Residual (MAD)
2005-01-25 06:00:00,PT08.S3(NOx),residual_mad,3.578199823069807,0.5871693767729944,2.9910304462968127,5.927891428571428,1.0,4.775459999999999,True,False,1,6,1,1,-1.7430311648505512,low,Residual (MAD)
2005-01-26 04:00:00,PT08.S3(NOx),residual_mad,3.694885016033272,0.8069264901875197,2.887958525845752,5.723614285714285,1.0,4.775459999999999,True,False,2,4,2,1,-1.7430311648505512,low,Residual (MAD)
2005-01-26 05:00:00,PT08.S3(NOx),residual_mad,4.107172697837514,0.8069264901875197,3.3002462076499945,6.540722857142857,1.0,4.775459999999999,True,False,2,5,2,1,-1.812227523416054,low,Residual (MAD)
2005-02-22 03:00:00,PT08.S3(NOx),residual_mad,1.952386134445532,-0.5446769949726136,2.4970631294181453,4.948902857142857,1.0,4.775459999999999,True,False,1,3,1,2,-1.8352929762712216,low,Residual (MAD)
2005-02-22 04:00:00,PT08.S3(NOx),residual_mad,2.0379552759520725,-0.6088538511025191,2.6468091270545915,5.245682857142857,1.0,4.775459999999999,True,False,1,4,1,2,-1.7314984384229677,low,Residual (MAD)
2005-03-01 03:00:00,PT08.S3(NOx),residual_mad,3.75711711894712,1.178374354454549,2.578742764492571,5.1107828571428575,1.0,4.775459999999999,True,False,1,3,1,3,-2.112078410533232,low,Residual (MAD)
2005-03-01 04:00:00,PT08.S3(NOx),residual_mad,3.807680702564621,1.1103079918925278,2.6973727106720933,5.3458942857142855,1.0,4.775459999999999,True,False,1,4,1,3,-2.1351438633884,low,Residual (MAD)
2004-03-11 19:00:00,PT08.S4(NO2),residual_mad,2.0977787485637687,-0.1876080174591884,2.285386766022957,6.107412935323382,1.0,4.929252711442787,True,False,3,19,3,3,-1.0049366734851894,low,Residual (MAD)
2004-03-11 20:00:00,PT08.S4(NO2),residual_mad,1.7409619032913557,-0.1876080174591884,1.928569920750544,5.154388059701493,1.0,4.929252711442787,True,False,3,20,3,3,-1.0164693999127732,low,Residual (MAD)
2004-03-12 20:00:00,PT08.S4(NO2),residual_mad,2.2410080456097377,0.34007886639438056,1.900929179215357,5.080562189054727,1.0,4.929252711442787,True,False,4,20,4,3,-0.6358894278025085,mid,Residual (MAD)
2004-03-15 09:00:00,PT08.S4(NO2),residual_mad,2.932026583989411,0.6240246658013011,2.30800191818811,6.167815920398009,1.0,4.929252711442787,True,False,0,9,0,3,-0.4167676256784165,mid,Residual (MAD)
2004-03-15 19:00:00,PT08.S4(NO2),residual_mad,2.967205709579649,0.7672539628472698,2.1999517467323795,5.879223880597015,1.0,4.929252711442787,True,False,0,19,0,3,0.2290650542662749,mid,Residual (MAD)
2004-03-17 09:00:00,PT08.S4(NO2),residual_mad,2.605363274937201,0.42300109099994143,2.1823621839372596,5.832243781094525,1.0,4.929252711442787,True,False,2,9,2,3,-0.4974967106715031,mid,Residual (MAD)
2004-03-18 09:00:00,PT08.S4(NO2),residual_mad,2.4370060310410637,0.45441102456265386,1.98259500647841,5.298684079601992,1.0,4.929252711442787,True,False,3,9,3,3,-0.4744312578163354,mid,Residual (MAD)
2004-04-01 08:00:00,PT08.S4(NO2),residual_mad,2.3641349851755704,0.08754300055017256,2.276591984625398,6.08392288557214,1.0,4.929252711442787,True,False,3,8,3,4,-0.7512166920783462,mid,Residual (MAD)
2004-04-01 14:00:00,PT08.S4(NO2),residual_mad,2.489675949908772,0.16920882781322488,2.3204671220955473,6.201109330058692,1.0,4.929252711442787,True,False,3,14,3,4,0.2845870213070672,mid,Residual (MAD)
2004-04-01 15:00:00,PT08.S4(NO2),residual_mad,2.48698095307008,0.16920882781322488,2.3177721252568553,6.1939112421291975,1.0,4.929252711442787,True,False,3,15,3,4,0.2855881015906505,mid,Residual (MAD)
2004-04-01 16:00:00,PT08.S4(NO2),residual_mad,2.465944272761506,0.16920882781322488,2.2967354449482813,6.137724209761736,1.0,4.929252711442787,True,False,3,16,3,4,0.2444773792351814,mid,Residual (MAD)
2004-04-06 08:00:00,PT08.S4(NO2),residual_mad,2.6681831420626265,0.3212329062567531,2.3469502358058736,6.271843283582089,1.0,4.929252711442787,True,False,1,8,1,4,-0.2553094556922438,mid,Residual (MAD)
2004-04-20 08:00:00,PT08.S4(NO2),residual_mad,2.2560848137198395,0.34133526373688905,1.9147495499829503,5.11747512437811,1.0,4.929252711442787,True,False,1,8,1,4,-0.705085786368011,mid,Residual (MAD)
2004-04-21 08:00:00,PT08.S4(NO2),residual_mad,2.979769683004734,0.20941354277349677,2.7703561402312373,7.402721393034827,1.0,4.929252711442787,True,False,2,8,2,4,-0.5090294370990869,mid,Residual (MAD)
2004-04-21 19:00:00,PT08.S4(NO2),residual_mad,2.085214775138684,0.17297801984075034,1.9122367552979336,5.110763681592041,1.0,4.929252711442787,True,False,2,19,2,4,0.6211777528041237,mid,Residual (MAD)
2004-04-29 08:00:00,PT08.S4(NO2),residual_mad,2.69833667828283,0.5775379641284866,2.1207987141543434,5.667813432835819,1.0,4.929252711442787,True,False,3,8,3,4,-0.2668421821198273,mid,Residual (MAD)
2004-05-03 08:00:00,PT08.S4(NO2),residual_mad,2.266135992459908,0.29359216472156613,1.9725438277383418,5.271838308457713,1.0,4.929252711442787,True,False,0,8,0,5,-0.1745803706991574,mid,Residual (MAD)
2004-05-10 07:00:00,PT08.S4(NO2),residual_mad,2.4143908788759103,0.5335640571406892,1.880826821735221,5.02687064676617,1.0,4.929252711442787,True,False,0,7,0,5,-0.4283003521060005,mid,Residual (MAD)
2004-05-10 08:00:00,PT08.S4(NO2),residual_mad,2.8114124391085955,0.5662303880459101,2.2451820510626854,6.000029850746269,1.0,4.929252711442787,True,False,0,8,0,5,-0.2783749085474112,mid,Residual (MAD)
2004-05-11 08:00:00,PT08.S4(NO2),residual_mad,2.3239302702152984,0.4795389714128238,1.8443912988024747,4.929554726368161,1.0,4.929252711442787,True,False,1,8,1,5,-0.4513658049611679,mid,Residual (MAD)
2004-05-12 08:00:00,PT08.S4(NO2),residual_mad,2.937052173359445,0.7622283734772358,2.1748237998822093,5.812109452736318,1.0,4.929252711442787,True,False,2,8,2,5,-0.1630476442715734,mid,Residual (MAD)
2004-05-18 08:00:00,PT08.S4(NO2),residual_mad,2.7812589028883914,0.22700310556861575,2.5542557973197755,6.825537313432835,1.0,4.929252711442787,True,False,1,8,1,5,0.0445414314249346,mid,Residual (MAD)
2004-05-19 08:00:00,PT08.S4(NO2),residual_mad,2.630491221787372,0.49461573952292576,2.1358754822644466,5.70808208955224,1.0,4.929252711442787,True,False,2,8,2,5,0.0214759785697671,mid,Residual (MAD)
2004-05-20 08:00:00,PT08.S4(NO2),residual_mad,2.524953845016658,0.4946157395229258,2.0303381054937324,5.426201492537314,1.0,4.929252711442787,True,False,3,8,3,5,0.0330087049973507,mid,Residual (MAD)
2004-05-27 08:00:00,PT08.S4(NO2),residual_mad,2.107829927303837,0.07623542446759606,2.0315945028362408,5.429557213930348,1.0,4.929252711442787,True,False,3,8,3,5,0.0676068842801021,mid,Residual (MAD)
2004-06-08 08:00:00,PT08.S4(NO2),residual_mad,3.135562953475788,0.7572027841072018,2.378360169368586,6.355736318407961,1.0,4.929252711442787,True,False,1,8,1,6,0.3674577713972806,mid,Residual (MAD)
2004-06-09 08:00:00,PT08.S4(NO2),residual_mad,2.997359245799853,0.8275610352876777,2.169798210512175,5.798686567164177,1.0,4.929252711442787,True,False,2,8,2,6,0.5750468470937883,mid,Residual (MAD)
2004-06-16 08:00:00,PT08.S4(NO2),residual_mad,2.592799301512117,0.6466398179664541,1.9461594835456628,5.201368159203981,1.0,4.929252711442787,True,False,2,8,2,6,0.5173832149558695,mid,Residual (MAD)
2004-06-21 04:00:00,PT08.S4(NO2),residual_mad,-0.3295809171626486,2.044901475056525,-2.3744823922191736,6.338667690599736,-1.0,4.929252711442787,True,False,0,4,0,6,0.0560741578525182,mid,Residual (MAD)
2004-06-28 08:00:00,PT08.S4(NO2),residual_mad,2.6882854995427627,0.631563049856352,2.0567224496864105,5.496671641791044,1.0,4.929252711442787,True,False,0,8,0,6,0.8172341020730479,mid,Residual (MAD)
2004-07-02 08:00:00,PT08.S4(NO2),residual_mad,2.6656703473776098,0.5926147322385886,2.073055615139021,5.540296019900498,1.0,4.929252711442787,True,False,4,8,4,7,1.0363559041971395,high,Residual (MAD)
2004-07-13 08:00:00,PT08.S4(NO2),residual_mad,1.876652816282273,0.031005120137290197,1.8456476961449828,4.932910447761193,1.0,4.929252711442787,True,False,1,8,1,7,0.0906723371352696,mid,Residual (MAD)
2004-07-14 08:00:00,PT08.S4(NO2),residual_mad,2.1580858210041765,0.2270031055686158,1.9310827154355605,5.161099502487562,1.0,4.929252711442787,True,False,2,8,2,7,0.4251214035351995,mid,Residual (MAD)
2004-07-20 08:00:00,PT08.S4(NO2),residual_mad,2.876745100919037,0.37400159464211,2.5027435062769268,6.687952736318406,1.0,4.929252711442787,True,False,1,8,1,7,0.9902249984868046,high,Residual (MAD)
2004-07-21 08:00:00,PT08.S4(NO2),residual_mad,2.2786999658849925,0.353899237161974,1.9248007287230184,5.144320895522389,1.0,4.929252711442787,True,False,2,8,2,7,0.8518322813557992,high,Residual (MAD)
2004-07-22 08:00:00,PT08.S4(NO2),residual_mad,2.92448819993436,0.7019213010368279,2.222566898897532,5.9396268656716416,1.0,4.929252711442787,True,False,3,8,3,7,0.9210286399213016,high,Residual (MAD)
2004-07-31 00:00:00,PT08.S4(NO2),residual_mad,2.743246135049596,0.42300109099994143,2.3202450440496545,6.200516180085899,1.0,4.929252711442787,True,True,5,0,5,7,0.3110601065738152,mid,Residual (MAD)
2004-08-09 16:00:00,PT08.S4(NO2),residual_mad,2.5846339457363414,0.5222564810581127,2.062377464678229,5.511775665131375,1.0,4.929252711442787,True,False,0,16,0,8,0.3828787631566006,mid,Residual (MAD)
2004-08-09 17:00:00,PT08.S4(NO2),residual_mad,2.571337482844969,0.5222564810581127,2.049081001786856,5.476262039412311,1.0,4.929252711442787,True,False,0,17,0,8,0.3826568141330595,mid,Residual (MAD)
2004-08-09 18:00:00,PT08.S4(NO2),residual_mad,2.596155011211102,0.5222564810581127,2.073898530152989,5.542547368139768,1.0,4.929252711442787,True,False,0,18,0,8,0.3672932783548582,mid,Residual (MAD)
2004-08-09 19:00:00,PT08.S4(NO2),residual_mad,2.6048712677747545,0.5411024411957401,2.0637688265790146,5.5154918644084265,1.0,4.929252711442787,True,False,0,19,0,8,0.3444545258601083,mid,Residual (MAD)
2004-09-01 08:00:00,PT08.S4(NO2),residual_mad,2.655619168637542,0.371488799957093,2.284130368680449,6.104057213930349,1.0,4.929252711442787,True,False,2,8,2,9,0.5519813942386208,mid,Residual (MAD)
2004-09-02 08:00:00,PT08.S4(NO2),residual_mad,2.180700973169329,0.3287712903118041,1.851929682857525,4.949689054726368,1.0,4.929252711442787,True,False,3,8,3,9,0.5058504885282858,mid,Residual (MAD)
2004-09-03 08:00:00,PT08.S4(NO2),residual_mad,2.610388864307236,0.28731017800902364,2.3230786862982122,6.208084577114429,1.0,4.929252711442787,True,False,4,8,4,9,0.6096450263765397,mid,Residual (MAD)
2004-09-07 23:00:00,PT08.S4(NO2),residual_mad,2.7798153955900893,0.5034105209204852,2.276404874669604,6.083423132142024,1.0,4.929252711442787,True,False,1,23,1,9,0.333457600653081,mid,Residual (MAD)
2004-09-08 09:00:00,PT08.S4(NO2),residual_mad,-0.3320937118476656,2.7741849196088677,-3.1062786314565334,8.293227933817244,-1.0,4.929252711442787,True,False,2,9,2,9,0.4943177621007019,mid,Residual (MAD)
2004-09-20 08:00:00,PT08.S4(NO2),residual_mad,2.1103427219888538,0.25841303913132824,1.8519296828575256,4.949689054726369,1.0,4.929252711442787,True,False,0,8,0,9,0.1944668749835238,mid,Residual (MAD)
2004-09-21 08:00:00,PT08.S4(NO2),residual_mad,2.5953120961971337,0.4833081634403493,2.1120039327567843,5.6443233830845765,1.0,4.929252711442787,True,False,1,8,1,9,0.136803242845605,mid,Residual (MAD)
2004-09-22 08:00:00,PT08.S4(NO2),residual_mad,2.266135992459908,0.35264283981946554,1.9134931526404424,5.114119402985076,1.0,4.929252711442787,True,False,2,8,2,9,0.1944668749835238,mid,Residual (MAD)
2004-09-24 08:00:00,PT08.S4(NO2),residual_mad,2.341519833010417,0.353899237161974,1.987620595848443,5.312106965174129,1.0,4.929252711442787,True,False,4,8,4,9,0.4020559506800316,mid,Residual (MAD)
2004-09-30 17:00:00,PT08.S4(NO2),residual_mad,2.1781881784843127,0.2747462045839386,1.903441973900374,5.087273631840797,1.0,4.929252711442787,True,False,3,17,3,9,0.805701375645464,mid,Residual (MAD)
2004-10-04 18:00:00,PT08.S4(NO2),residual_mad,2.575209738716998,0.4594366139326878,2.11577312478431,5.654390547263681,1.0,4.929252711442787,True,False,0,18,0,10,0.8748977342109667,high,Residual (MAD)
2004-10-04 19:00:00,PT08.S4(NO2),residual_mad,2.7988484656835104,0.4594366139326878,2.3394118517508224,6.25170895522388,1.0,4.929252711442787,True,False,0,19,0,10,0.6788413849420426,mid,Residual (MAD)
2004-10-06 19:00:00,PT08.S4(NO2),residual_mad,2.6505935792675075,0.6705113674741154,1.980082211793392,5.29197263681592,1.0,4.929252711442787,True,False,2,19,2,10,0.7019068377972101,mid,Residual (MAD)
2004-10-07 08:00:00,PT08.S4(NO2),residual_mad,2.426954852300995,0.5649739907034017,1.8619808615975932,4.9765348258706466,1.0,4.929252711442787,True,False,3,8,3,10,0.2867286864041938,mid,Residual (MAD)
2004-10-25 17:00:00,PT08.S4(NO2),residual_mad,2.8717195115490037,0.7697667575322868,2.101952754016717,5.617477611940299,1.0,4.929252711442787,True,False,0,17,0,10,0.3789904978248641,mid,Residual (MAD)
2004-10-25 18:00:00,PT08.S4(NO2),residual_mad,2.6857727048577456,0.7697667575322868,1.9160059473254587,5.1208308457711444,1.0,4.929252711442787,True,False,0,18,0,10,0.2982614128317777,mid,Residual (MAD)
2004-10-26 17:00:00,PT08.S4(NO2),residual_mad,2.8717195115490037,0.7144852744619128,2.157234237087091,5.765129353233833,1.0,4.929252711442787,True,False,1,17,1,10,0.5519813942386208,mid,Residual (MAD)
2004-10-26 18:00:00,PT08.S4(NO2),residual_mad,3.2084339993412807,0.7144852744619128,2.4939487248793677,6.6644626865671635,1.0,4.929252711442787,True,False,1,18,1,10,0.4712523092455344,mid,Residual (MAD)
2004-11-02 20:00:00,PT08.S4(NO2),residual_mad,2.876745100919037,1.0223026233764947,1.854442477542542,4.956400497512437,1.0,4.929252711442787,True,False,1,20,1,11,0.2867286864041938,mid,Residual (MAD)
2004-11-04 17:00:00,PT08.S4(NO2),residual_mad,2.776233313518357,0.7823307309573717,1.9939025825609853,5.328885572139303,1.0,4.929252711442787,True,False,3,17,3,11,0.7365050170799615,mid,Residual (MAD)
2004-11-04 18:00:00,PT08.S4(NO2),residual_mad,2.7913100816284597,0.7823307309573717,2.008979350671088,5.369154228855722,1.0,4.929252711442787,True,False,3,18,3,11,0.5404486678110373,mid,Residual (MAD)
2004-11-05 17:00:00,PT08.S4(NO2),residual_mad,2.474697951316318,0.2785153966114642,2.196182554704854,5.869156716417911,1.0,4.929252711442787,True,False,4,17,4,11,0.5289159413834533,mid,Residual (MAD)
2004-11-05 18:00:00,PT08.S4(NO2),residual_mad,2.409365289505876,0.2785153966114642,2.1308498928944117,5.694659203980099,1.0,4.929252711442787,True,False,4,18,4,11,0.3443923185421127,mid,Residual (MAD)
2004-11-17 18:00:00,PT08.S4(NO2),residual_mad,1.8515248694321031,-0.47406661155112584,2.325591480983229,6.214796019900498,1.0,4.929252711442787,True,False,2,18,2,11,-0.5436276163818383,mid,Residual (MAD)
2004-12-02 19:00:00,PT08.S4(NO2),residual_mad,2.2786999658849925,0.32500209828427856,1.953697867600714,5.22150248756219,1.0,4.929252711442787,True,False,3,19,3,12,-0.3475712671129139,mid,Residual (MAD)
2004-12-13 18:00:00,PT08.S4(NO2),residual_mad,1.941985478092715,-0.30696576499749567,2.2489512430902105,6.010097014925373,1.0,4.929252711442787,True,False,0,18,0,12,-0.6704876070852598,mid,Residual (MAD)
2004-12-24 19:00:00,PT08.S4(NO2),residual_mad,2.800210380771581,-0.15242889186895045,2.952639272640531,7.889582823188743,1.0,4.929252711442787,True,False,4,19,4,12,0.2638263187879296,mid,Residual (MAD)
2004-12-24 20:00:00,PT08.S4(NO2),residual_mad,2.75955598844214,-0.15242889186895045,2.91198488031109,7.780998691843516,1.0,4.929252711442787,True,False,4,20,4,12,0.2709038310103629,mid,Residual (MAD)
2004-12-24 21:00:00,PT08.S4(NO2),residual_mad,2.68892290034299,-0.15242889186895045,2.8413517922119405,7.592344229778839,1.0,4.929252711442787,True,False,4,21,4,12,0.2693383095033836,mid,Residual (MAD)
2004-12-24 22:00:00,PT08.S4(NO2),residual_mad,2.6770460192145897,-0.18509522277417134,2.862141241988761,7.647870932204213,1.0,4.929252711442787,True,False,4,22,4,12,0.2803552519166967,mid,Residual (MAD)
2004-12-24 23:00:00,PT08.S4(NO2),residual_mad,2.6925172519200204,-0.20394118291179886,2.8964584348318194,7.7395289883589875,1.0,4.929252711442787,True,False,4,23,4,12,0.2760779488812588,mid,Residual (MAD)
2005-01-05 01:00:00,PT08.S4(NO2),residual_mad,-0.8246014701109967,1.5349099784812699,-2.359511448592267,6.298681681315106,-1.0,4.929252711442787,True,False,2,1,2,1,-1.028002126340357,low,Residual (MAD)
2005-01-17 18:00:00,PT08.S4(NO2),residual_mad,1.1705575097924974,-0.7253460800528254,1.895903589845323,5.067139303482588,1.0,4.929252711442787,True,False,0,18,0,1,-1.0626003056231084,low,Residual (MAD)
2005-01-28 17:00:00,PT08.S4(NO2),residual_mad,2.4768052388512385,-1.2932376788666664,3.770042917717905,10.07279254970266,1.0,4.929252711442787,True,False,4,17,4,1,0.2070542222222725,mid,Residual (MAD)
2005-01-28 18:00:00,PT08.S4(NO2),residual_mad,2.459615661928832,-1.2932376788666664,3.7528533407954985,10.026880775565532,1.0,4.929252711442787,True,False,4,18,4,1,0.2014973577696506,mid,Residual (MAD)
2005-01-28 19:00:00,PT08.S4(NO2),residual_mad,2.5127966056921998,-1.2932376788666664,3.806034284558866,10.168922170155085,1.0,4.929252711442787,True,False,4,19,4,1,0.189330195887461,mid,Residual (MAD)
2005-01-28 20:00:00,PT08.S4(NO2),residual_mad,2.48698095307008,-1.2932376788666664,3.7802186319367466,10.099970943621734,1.0,4.929252711442787,True,False,4,20,4,1,0.199182180888808,mid,Residual (MAD)
2005-01-28 21:00:00,PT08.S4(NO2),residual_mad,2.4735329617882797,-1.3259040097718873,3.799436971560167,10.151301355769979,1.0,4.929252711442787,True,False,4,21,4,1,0.2014397258130919,mid,Residual (MAD)
2005-01-28 22:00:00,PT08.S4(NO2),residual_mad,2.45297049785947,-1.368621519417176,3.821592017276646,10.21047543896727,1.0,4.929252711442787,True,False,4,22,4,1,0.1983122023079309,mid,Residual (MAD)
2005-01-28 23:00:00,PT08.S4(NO2),residual_mad,2.469113485979963,-1.4201338104600243,3.8892472964399873,10.391176448081856,1.0,4.929252711442787,True,False,4,23,4,1,0.2053657378766813,mid,Residual (MAD)
2005-01-29 00:00:00,PT08.S4(NO2),residual_mad,2.469113485979963,-1.4465181546527028,3.915631640632666,10.461646597335587,1.0,4.929252711442787,True,True,5,0,5,1,0.1869197722997866,mid,Residual (MAD)
2005-01-29 01:00:00,PT08.S4(NO2),residual_mad,2.4739955221380114,-1.5281839819157552,4.002179504053767,10.692807956069263,1.0,4.929252711442787,True,True,5,1,5,1,0.2064996796173695,mid,Residual (MAD)
2005-03-11 11:00:00,PT08.S4(NO2),residual_mad,2.522971092960512,-0.6700645969824515,3.1930356899429633,8.531659476057214,1.0,4.929252711442787,True,False,4,11,4,3,0.2310667309009821,mid,Residual (MAD)
2005-03-15 20:00:00,PT08.S4(NO2),residual_mad,1.3313763696335852,-0.5909115644044161,1.9222879340380012,5.137609452736318,1.0,4.929252711442787,True,False,1,20,1,3,-0.2322440028370763,mid,Residual (MAD)
2005-03-21 09:00:00,PT08.S4(NO2),residual_mad,1.6303989371506076,-0.39868277100061594,2.0290817081512236,5.422845771144279,1.0,4.929252711442787,True,False,0,9,0,3,-0.4283003521060005,mid,Residual (MAD)
2004-03-11 19:00:00,PT08.S5(O3),residual_mad,1.5553038660306595,-0.5410780456942308,2.0963819117248903,3.6220856269113124,1.0,3.1512351223241564,True,False,3,19,3,3,-1.0049366734851894,low,Residual (MAD)
2004-03-11 20:00:00,PT08.S5(O3),residual_mad,1.4358519052486147,-0.5410780456942308,1.9769299509428455,3.415816513761466,1.0,3.1512351223241564,True,False,3,20,3,3,-1.0164693999127732,low,Residual (MAD)
2004-03-15 09:00:00,PT08.S5(O3),residual_mad,2.7020426895382923,0.6044662582055811,2.097576431332711,3.6241483180428116,1.0,3.1512351223241564,True,False,0,9,0,3,-0.4167676256784165,mid,Residual (MAD)
2004-03-15 19:00:00,PT08.S5(O3),residual_mad,2.5539222581685563,0.5124882484034063,2.04143400976515,3.527201834862384,1.0,3.1512351223241564,True,False,0,19,0,3,0.2290650542662749,mid,Residual (MAD)
2004-03-17 19:00:00,PT08.S5(O3),residual_mad,2.993505473846482,1.0655508268242748,1.927954647022207,3.3312461773700286,1.0,3.1512351223241564,True,False,2,19,2,3,0.5404486678110373,mid,Residual (MAD)
2004-03-17 20:00:00,PT08.S5(O3),residual_mad,3.12012455227545,1.0655508268242748,2.054573725451175,3.549891437308867,1.0,3.1512351223241564,True,False,2,20,2,3,0.2405977806938588,mid,Residual (MAD)
2004-03-19 04:00:00,PT08.S5(O3),residual_mad,-1.567170388811998,0.3512281013476456,-1.9183984901596438,3.3106192660550455,-1.0,3.1512351223241564,True,False,4,4,4,3,-0.705085786368011,mid,Residual (MAD)
2004-03-19 05:00:00,PT08.S5(O3),residual_mad,-1.631674447634302,0.3512281013476456,-1.9829025489819476,3.422004587155962,-1.0,3.1512351223241564,True,False,4,5,4,3,-0.6820203335128435,mid,Residual (MAD)
2004-03-19 06:00:00,PT08.S5(O3),residual_mad,-1.4692197809707208,0.4037869640917454,-1.8730067450624661,3.2322370030581027,-1.0,3.1512351223241564,True,False,4,6,4,3,-0.705085786368011,mid,Residual (MAD)
2004-03-21 20:00:00,PT08.S5(O3),residual_mad,1.3952382385827191,-0.4514890751076971,1.8467273136904163,3.1909831804281326,1.0,3.1512351223241564,True,True,6,20,6,3,-0.0592531064233196,mid,Residual (MAD)
2004-03-29 08:00:00,PT08.S5(O3),residual_mad,0.9030961601606936,-1.1932857515641968,2.0963819117248903,3.6220856269113124,1.0,3.1512351223241564,True,False,0,8,0,3,-0.866543956354184,mid,Residual (MAD)
2004-03-30 08:00:00,PT08.S5(O3),residual_mad,1.4860217287770736,-0.41684800648090403,1.9028697352579775,3.2879296636085606,1.0,3.1512351223241564,True,False,1,8,1,3,-0.5897585220921733,mid,Residual (MAD)
2004-04-01 08:00:00,PT08.S5(O3),residual_mad,1.7798735523009044,-0.16838792805425035,1.9482614803551548,3.3663119266055026,1.0,3.1512351223241564,True,False,3,8,3,4,-0.7512166920783462,mid,Residual (MAD)
2004-04-06 08:00:00,PT08.S5(O3),residual_mad,1.7989858660260316,-0.2173632319748888,2.01634909800092,3.483885321100915,1.0,3.1512351223241564,True,False,1,8,1,4,-0.2553094556922438,mid,Residual (MAD)
2004-04-21 08:00:00,PT08.S5(O3),residual_mad,2.119117120921912,-0.1827221633480957,2.3018392842700077,3.976868501529049,1.0,3.1512351223241564,True,False,2,8,2,4,-0.5090294370990869,mid,Residual (MAD)
2004-04-27 07:00:00,PT08.S5(O3),residual_mad,1.5529148268150188,-0.395346653540136,1.9482614803551548,3.3663119266055026,1.0,3.1512351223241564,True,False,1,7,1,4,-0.289907634974995,mid,Residual (MAD)
2004-04-28 09:00:00,PT08.S5(O3),residual_mad,2.520475709149584,0.4850142974235361,2.035461411726048,3.5168883792048917,1.0,3.1512351223241564,True,False,2,9,2,4,0.1022050635628535,mid,Residual (MAD)
2004-05-10 08:00:00,PT08.S5(O3),residual_mad,1.6628106307345003,-0.1719714868777117,1.834782117612212,3.170356269113148,1.0,3.1512351223241564,True,False,0,8,0,5,-0.2783749085474112,mid,Residual (MAD)
2004-05-11 08:00:00,PT08.S5(O3),residual_mad,1.7344818072037274,-0.1373304182509186,1.8718122254546459,3.2342996941896005,1.0,3.1512351223241564,True,False,1,8,1,5,-0.4513658049611679,mid,Residual (MAD)
2004-05-11 09:00:00,PT08.S5(O3),residual_mad,1.837210493476286,-0.1373304182509186,1.9745409117272046,3.4116911314984693,1.0,3.1512351223241564,True,False,1,9,1,5,-0.1053840121336545,mid,Residual (MAD)
2004-05-18 08:00:00,PT08.S5(O3),residual_mad,2.391467591504975,-0.1468865751134822,2.538354166618457,4.385281345565746,1.0,3.1512351223241564,True,False,1,8,1,5,0.0445414314249346,mid,Residual (MAD)
2004-05-19 08:00:00,PT08.S5(O3),residual_mad,2.3054621797419026,-0.1444975358978413,2.4499597156397437,4.232642201834859,1.0,3.1512351223241564,True,False,2,8,2,5,0.0214759785697671,mid,Residual (MAD)
2004-05-20 08:00:00,PT08.S5(O3),residual_mad,1.8682680032796175,-0.14091397707437994,2.0091819803539974,3.4715091743119237,1.0,3.1512351223241564,True,False,3,8,3,5,0.0330087049973507,mid,Residual (MAD)
2004-05-27 08:00:00,PT08.S5(O3),residual_mad,1.7583721993601362,-0.18033312413245484,1.938705323492591,3.3498103975535147,1.0,3.1512351223241564,True,False,3,8,3,5,0.0676068842801021,mid,Residual (MAD)
2004-06-03 09:00:00,PT08.S5(O3),residual_mad,2.745045395419828,-0.3344261535412929,3.079471548961121,5.3196804281345536,1.0,3.1512351223241564,True,False,3,9,3,6,0.4827850356731184,mid,Residual (MAD)
2004-06-03 10:00:00,PT08.S5(O3),residual_mad,2.1358403954313987,-0.3344261535412929,2.470266548972692,4.267707951070334,1.0,3.1512351223241564,True,False,3,10,3,6,1.024823177769556,high,Residual (MAD)
2004-06-09 08:00:00,PT08.S5(O3),residual_mad,2.6136482385595787,0.3846746503666182,2.2289735881929604,3.8510443425076426,1.0,3.1512351223241564,True,False,2,8,2,6,0.5750468470937883,mid,Residual (MAD)
2004-06-21 04:00:00,PT08.S5(O3),residual_mad,-1.4023266829327756,1.1739986840023433,-2.576325366935119,4.446724462666641,-1.0,3.1512351223241564,True,False,0,4,0,6,0.0560741578525182,mid,Residual (MAD)
2004-06-28 08:00:00,PT08.S5(O3),residual_mad,1.7512050817132137,-0.2914234476597567,2.0426285293729705,3.5292645259938817,1.0,3.1512351223241564,True,False,0,8,0,6,0.8172341020730479,mid,Residual (MAD)
2004-06-28 09:00:00,PT08.S5(O3),residual_mad,1.763150277791418,-0.284256330012834,2.047406607804252,3.5375152905198757,1.0,3.1512351223241564,True,False,0,9,0,6,1.163215894900561,high,Residual (MAD)
2004-06-29 08:00:00,PT08.S5(O3),residual_mad,1.9232159052393585,0.09082282684278739,1.8323930783965712,3.1662308868501516,1.0,3.1512351223241564,True,False,1,8,1,6,1.0017577249143883,high,Residual (MAD)
2004-06-30 18:00:00,PT08.S5(O3),residual_mad,2.365188160132925,0.31658703272085253,2.0486011274120726,3.539577981651374,1.0,3.1512351223241564,True,False,2,18,2,6,1.7398522162797505,high,Residual (MAD)
2004-07-02 08:00:00,PT08.S5(O3),residual_mad,1.696257179753473,-0.19705639864194113,1.893313578395414,3.2714281345565737,1.0,3.1512351223241564,True,False,4,8,4,7,1.0363559041971395,high,Residual (MAD)
2004-07-06 08:00:00,PT08.S5(O3),residual_mad,1.959051493473972,0.0239297288048421,1.9351217646691299,3.3436223241590195,1.0,3.1512351223241564,True,False,1,8,1,7,0.748037743507545,mid,Residual (MAD)
2004-07-06 18:00:00,PT08.S5(O3),residual_mad,3.3972531012897944,0.5626580719318653,2.834595029357929,4.896828746177368,1.0,3.1512351223241564,True,False,1,18,1,7,2.2472921790934364,high,Residual (MAD)
2004-07-20 08:00:00,PT08.S5(O3),residual_mad,2.682930375813165,0.39661984644482273,2.2863105293683423,3.95005351681957,1.0,3.1512351223241564,True,False,1,8,1,7,0.9902249984868046,high,Residual (MAD)
2004-07-20 09:00:00,PT08.S5(O3),residual_mad,2.3293525718983115,0.4073705229152068,1.9219820489831045,3.320932721712536,1.0,3.1512351223241564,True,False,1,9,1,7,1.2670104327488152,high,Residual (MAD)
2004-07-22 08:00:00,PT08.S5(O3),residual_mad,2.513308591502661,0.6032717385977606,1.9100368529049003,3.3003058103975516,1.0,3.1512351223241564,True,False,3,8,3,7,0.9210286399213016,high,Residual (MAD)
2004-07-29 08:00:00,PT08.S5(O3),residual_mad,1.4716874934832282,-0.40968088883398135,1.8813683823172096,3.2508012232415884,1.0,3.1512351223241564,True,False,3,8,3,7,0.6442432056592912,mid,Residual (MAD)
2004-07-31 00:00:00,PT08.S5(O3),residual_mad,1.7743036963463723,-0.3248699966787293,2.0991736930251017,3.6269064624098077,1.0,3.1512351223241564,True,True,5,0,5,7,0.3110601065738152,mid,Residual (MAD)
2004-09-05 00:00:00,PT08.S5(O3),residual_mad,1.4310738268173329,-0.7644532123566552,2.195527039173988,3.793288990825686,1.0,3.1512351223241564,True,True,6,0,6,9,1.1055522627626424,high,Residual (MAD)
2004-09-05 01:00:00,PT08.S5(O3),residual_mad,0.9532659836891526,-0.8707654574526753,1.824031441141828,3.151792048929662,1.0,3.1512351223241564,True,True,6,1,6,9,1.013290451341972,high,Residual (MAD)
2004-09-09 18:00:00,PT08.S5(O3),residual_mad,3.0293410620810954,0.2819459640940595,2.747395097987036,4.746252293577979,1.0,3.1512351223241564,True,False,3,18,3,9,1.935908565548675,high,Residual (MAD)
2004-09-12 22:00:00,PT08.S5(O3),residual_mad,2.107171924843708,-0.2699220947189886,2.3770940195626964,4.106818042813453,1.0,3.1512351223241564,True,True,6,22,6,9,0.6211777528041237,mid,Residual (MAD)
2004-09-24 09:00:00,PT08.S5(O3),residual_mad,1.7559831601444953,-0.1158290653101505,1.8718122254546459,3.2342996941896005,1.0,3.1512351223241564,True,False,4,9,4,9,0.5289159413834533,mid,Residual (MAD)
2004-09-28 10:00:00,PT08.S5(O3),residual_mad,2.826272728751619,0.617605973891606,2.2086667548600127,3.815978593272169,1.0,3.1512351223241564,True,False,1,10,1,9,0.2982614128317777,mid,Residual (MAD)
2004-09-28 11:00:00,PT08.S5(O3),residual_mad,2.6877084542444467,0.617605973891606,2.0701024803528405,3.576706422018346,1.0,3.1512351223241564,True,False,1,11,1,9,0.7019068377972101,mid,Residual (MAD)
2004-10-04 19:00:00,PT08.S5(O3),residual_mad,2.276793709154212,0.3034473170348275,1.9733463921193843,3.4096284403669705,1.0,3.1512351223241564,True,False,0,19,0,10,0.6788413849420426,mid,Residual (MAD)
2004-10-06 19:00:00,PT08.S5(O3),residual_mad,2.604092081697015,0.7382524542814716,1.8658396274155433,3.223986238532108,1.0,3.1512351223241564,True,False,2,19,2,10,0.7019068377972101,mid,Residual (MAD)
2004-10-24 19:00:00,PT08.S5(O3),residual_mad,2.704431728753933,3.9336648433150115e-05,2.7043923921054995,4.6719954128440335,1.0,3.1512351223241564,True,True,6,19,6,10,0.3789904978248641,mid,Residual (MAD)
2004-10-24 20:00:00,PT08.S5(O3),residual_mad,2.164508866019089,0.049014640569071545,2.1154942254500173,3.6550886850152877,1.0,3.1512351223241564,True,True,6,20,6,10,0.390523224252448,mid,Residual (MAD)
2004-10-26 18:00:00,PT08.S5(O3),residual_mad,3.1511820620787816,1.007019366041073,2.144162696037709,3.7045932721712522,1.0,3.1512351223241564,True,False,1,18,1,10,0.4712523092455344,mid,Residual (MAD)
2004-11-01 01:00:00,PT08.S5(O3),residual_mad,3.502370826777994,0.956849542512614,2.54552128426538,4.397657492354738,1.0,3.1512351223241564,True,False,0,1,0,11,0.1944668749835238,mid,Residual (MAD)
2004-11-04 18:00:00,PT08.S5(O3),residual_mad,2.74982347385111,0.8636770131026188,1.8861464607484912,3.2590519877675828,1.0,3.1512351223241564,True,False,3,18,3,11,0.5404486678110373,mid,Residual (MAD)
2004-11-05 17:00:00,PT08.S5(O3),residual_mad,2.656650944441115,0.6964442680077558,1.9602066764333592,3.3869388379204874,1.0,3.1512351223241564,True,False,4,17,4,11,0.5289159413834533,mid,Residual (MAD)
2004-11-05 18:00:00,PT08.S5(O3),residual_mad,2.6255934346377834,0.6964442680077558,1.9291491666300276,3.3333088685015273,1.0,3.1512351223241564,True,False,4,18,4,11,0.3443923185421127,mid,Residual (MAD)
2004-11-08 18:00:00,PT08.S5(O3),residual_mad,1.23756165035042,-0.6187218202025602,1.8562834705529803,3.207484709480121,1.0,3.1512351223241564,True,False,0,18,0,11,-0.8204130506438488,mid,Residual (MAD)
2004-11-08 19:00:00,PT08.S5(O3),residual_mad,1.259063003291188,-0.6187218202025602,1.8777848234937482,3.244613149847093,1.0,3.1512351223241564,True,False,0,19,0,11,-0.9011421356369356,low,Residual (MAD)
2004-11-17 18:00:00,PT08.S5(O3),residual_mad,3.342305199330053,1.0153810032958162,2.326924196034237,4.020185015290516,1.0,3.1512351223241564,True,False,2,18,2,11,-0.5436276163818383,mid,Residual (MAD)
2004-11-19 03:00:00,PT08.S5(O3),residual_mad,-1.055915996664845,0.7967839150646736,-1.8526999117295186,3.1971712538226282,-1.0,3.1512351223241564,True,False,4,3,4,11,-0.4052348992508328,mid,Residual (MAD)
2004-11-19 06:00:00,PT08.S5(O3),residual_mad,-1.2852637613663715,0.6952497483999354,-1.980513509766307,3.417879204892965,-1.0,3.1512351223241564,True,False,4,6,4,11,-0.3475712671129139,mid,Residual (MAD)
2004-11-23 04:00:00,PT08.S5(O3),residual_mad,0.1744391993902189,2.0008596797476876,-1.8264204803574686,3.151792048929662,-1.0,3.1512351223241564,True,False,1,4,1,11,-1.2125257491816974,low,Residual (MAD)
2004-11-23 05:00:00,PT08.S5(O3),residual_mad,0.1744391993902189,2.057002101315249,-1.8825629019250298,3.2487385321100906,-1.0,3.1512351223241564,True,False,1,5,1,11,-1.1779275698989462,low,Residual (MAD)
2004-11-29 11:00:00,PT08.S5(O3),residual_mad,2.733100199341624,0.24969393468290724,2.4834062646587167,4.290397553516817,1.0,3.1512351223241564,True,False,0,11,0,11,-0.4052348992508328,mid,Residual (MAD)
2004-11-29 12:00:00,PT08.S5(O3),residual_mad,2.3532429640547208,0.17085564056675756,2.1823873234879634,3.7705993883792033,1.0,3.1512351223241564,True,False,0,12,0,11,-0.3591039935404976,mid,Residual (MAD)
2004-12-03 04:00:00,PT08.S5(O3),residual_mad,-0.6808368398092236,1.2041151013314473,-1.8849519411406708,3.2528639143730875,-1.0,3.1512351223241564,True,False,4,4,4,12,-0.5090294370990869,mid,Residual (MAD)
2004-12-03 05:00:00,PT08.S5(O3),residual_mad,-0.7955107221599869,1.219643856233113,-2.0151545783931,3.4776972477064207,-1.0,3.1512351223241564,True,False,4,5,4,12,-0.5205621635266706,mid,Residual (MAD)
2004-12-03 06:00:00,PT08.S5(O3),residual_mad,-0.6402231731433283,1.219643856233113,-1.8598670293764414,3.2095474006116196,-1.0,3.1512351223241564,True,False,4,6,4,12,-0.5320948899542544,mid,Residual (MAD)
2004-12-12 18:00:00,PT08.S5(O3),residual_mad,2.3054621797419026,0.4217047582090522,1.8837574215328505,3.2549266055045853,1.0,3.1512351223241564,True,True,6,18,6,12,-0.716618512795595,mid,Residual (MAD)
2004-12-13 18:00:00,PT08.S5(O3),residual_mad,3.5119269836405573,1.0870521797650432,2.424874803875514,4.189325688073391,1.0,3.1512351223241564,True,False,0,18,0,12,-0.6704876070852598,mid,Residual (MAD)
2004-12-14 04:00:00,PT08.S5(O3),residual_mad,-0.4467109966764153,1.420323150346949,-1.8670341470233642,3.2219235474006105,-1.0,3.1512351223241564,True,False,1,4,1,12,-1.339385739885119,low,Residual (MAD)
2004-12-14 05:00:00,PT08.S5(O3),residual_mad,-0.4897137025579515,1.420323150346949,-1.9100368529049003,3.2961804281345555,-1.0,3.1512351223241564,True,False,1,5,1,12,-1.3624511927402867,low,Residual (MAD)
2005-01-17 18:00:00,PT08.S5(O3),residual_mad,3.0532314542375047,0.9568495425126139,2.0963819117248907,3.622085626911313,1.0,3.1512351223241564,True,False,0,18,0,1,-1.0626003056231084,low,Residual (MAD)
2005-01-17 19:00:00,PT08.S5(O3),residual_mad,3.0078397091403275,0.9568495425126139,2.0509901666277135,3.5437033639143714,1.0,3.1512351223241564,True,False,0,19,0,1,-1.2240584756092812,low,Residual (MAD)
2005-01-28 17:00:00,PT08.S5(O3),residual_mad,1.605609006233442,-0.40012473197141774,2.0057337382048597,3.465554765147169,1.0,3.1512351223241564,True,False,4,17,4,1,0.2070542222222725,mid,Residual (MAD)
2005-01-28 18:00:00,PT08.S5(O3),residual_mad,1.899000344781504,-0.40012473197141774,2.299125076752922,3.972181620093294,1.0,3.1512351223241564,True,False,4,18,4,1,0.2014973577696506,mid,Residual (MAD)
2005-01-28 19:00:00,PT08.S5(O3),residual_mad,1.886041148538165,-0.40012473197141774,2.2861658805095826,3.9498037378153645,1.0,3.1512351223241564,True,False,4,19,4,1,0.189330195887461,mid,Residual (MAD)
2005-01-28 20:00:00,PT08.S5(O3),residual_mad,1.6366831389903005,-0.40012473197141774,2.0368078709617183,3.519213439008145,1.0,3.1512351223241564,True,False,4,20,4,1,0.199182180888808,mid,Residual (MAD)
2005-01-28 21:00:00,PT08.S5(O3),residual_mad,1.6978162378158284,-0.40609733001052,2.1039135678263485,3.635091257077837,1.0,3.1512351223241564,True,False,4,21,4,1,0.2014397258130919,mid,Residual (MAD)
2005-01-28 22:00:00,PT08.S5(O3),residual_mad,1.6583658862660453,-0.47299042804846525,2.1313563143145107,3.6824792693251847,1.0,3.1512351223241564,True,False,4,22,4,1,0.1983122023079309,mid,Residual (MAD)
2005-01-28 23:00:00,PT08.S5(O3),residual_mad,1.701622310911938,-0.6545574084371737,2.356179719349112,4.07070332247766,1.0,3.1512351223241564,True,False,4,23,4,1,0.2053657378766813,mid,Residual (MAD)
2005-01-29 00:00:00,PT08.S5(O3),residual_mad,1.6735855125582657,-0.8540421829431889,2.5276276955014545,4.366758923078529,1.0,3.1512351223241564,True,True,5,0,5,1,0.1869197722997866,mid,Residual (MAD)
2005-01-29 01:00:00,PT08.S5(O3),residual_mad,1.7447696656522336,-0.9997735750972839,2.7445432407495174,4.741327719218867,1.0,3.1512351223241564,True,True,5,1,5,1,0.2064996796173695,mid,Residual (MAD)
2005-01-31 19:00:00,PT08.S5(O3),residual_mad,2.690097493460088,0.7573647680065988,1.9327327254534894,3.3394969418960234,1.0,3.1512351223241564,True,False,0,19,0,1,-1.131796664188611,low,Residual (MAD)
2005-01-31 20:00:00,PT08.S5(O3),residual_mad,2.77371386600752,0.7752825621239054,1.9984313038836143,3.45294495412844,1.0,3.1512351223241564,True,False,0,20,0,1,-1.2817221077472,low,Residual (MAD)
2005-02-08 16:00:00,PT08.S5(O3),residual_mad,-1.060694075096127,0.8911509640824893,-1.9518450391786162,3.3683746177370018,-1.0,3.1512351223241564,True,False,1,16,1,2,-0.5551603428094221,mid,Residual (MAD)
2005-03-08 09:00:00,PT08.S5(O3),residual_mad,1.9877199640616627,0.008400973903176297,1.9793189901584864,3.4199418960244627,1.0,3.1512351223241564,True,False,1,9,1,3,-1.650769353429881,low,Residual (MAD)
2005-03-13 12:00:00,PT08.S5(O3),residual_mad,0.8194797876132622,-1.0618885947039471,1.8813683823172094,3.2508012232415884,1.0,3.1512351223241564,True,True,6,12,6,3,-0.6012912485197572,mid,Residual (MAD)
2005-03-14 19:00:00,PT08.S5(O3),residual_mad,2.2624594738603663,0.04662560135343076,2.2158338725069355,3.8283547400611595,1.0,3.1512351223241564,True,False,0,19,0,3,-0.1976458235543249,mid,Residual (MAD)
2005-03-14 20:00:00,PT08.S5(O3),residual_mad,2.264848513076007,-0.07043732021297335,2.3352858332889808,4.034623853211007,1.0,3.1512351223241564,True,False,0,20,0,3,-0.289907634974995,mid,Residual (MAD)
2005-03-15 19:00:00,PT08.S5(O3),residual_mad,2.100004807196785,0.20908026801701193,1.8909245391797733,3.2673027522935763,1.0,3.1512351223241564,True,False,1,19,1,3,-0.0477203799957356,mid,Residual (MAD)
2005-03-15 20:00:00,PT08.S5(O3),residual_mad,2.5969249640500927,0.20908026801701193,2.387844696033081,4.12538226299694,1.0,3.1512351223241564,True,False,1,20,1,3,-0.2322440028370763,mid,Residual (MAD)
2005-03-17 09:00:00,PT08.S5(O3),residual_mad,2.205122532684985,0.3106144346817503,1.8945080980032345,3.2734908256880715,1.0,3.1512351223241564,True,False,3,9,3,3,-0.6012912485197572,mid,Residual (MAD)
2005-03-21 09:00:00,PT08.S5(O3),residual_mad,2.0713363366090944,-0.1540536927604049,2.2253900293694993,3.8448562691131474,1.0,3.1512351223241564,True,False,0,9,0,3,-0.4283003521060005,mid,Residual (MAD)
2005-03-21 19:00:00,PT08.S5(O3),residual_mad,1.9709966895521764,-0.010711339821950867,1.9817080293741274,3.4240672782874597,1.0,3.1512351223241564,True,False,0,19,0,3,0.0214759785697671,mid,Residual (MAD)
2005-03-21 20:00:00,PT08.S5(O3),residual_mad,1.8802131993578224,-0.0716318398207938,1.9518450391786162,3.3724999999999987,1.0,3.1512351223241564,True,False,0,20,0,3,-0.1399821914164059,mid,Residual (MAD)
2005-03-23 20:00:00,PT08.S5(O3),residual_mad,2.642316709147269,0.7860332385942896,1.8562834705529794,3.20748470948012,1.0,3.1512351223241564,True,False,2,20,2,3,0.125270516418021,mid,Residual (MAD)
2005-03-30 20:00:00,PT08.S5(O3),residual_mad,1.9996651601398672,-0.03221269276271895,2.031877852902586,3.510700305810395,1.0,3.1512351223241564,True,False,2,20,2,3,-0.0246549271405681,mid,Residual (MAD)
2005-03-31 07:00:00,PT08.S5(O3),residual_mad,1.5051340425022008,-0.6378341339276874,2.1429681764298882,3.702530581039753,1.0,3.1512351223241564,True,False,3,7,3,3,-0.658954880657676,mid,Residual (MAD)
2005-04-04 10:00:00,PT08.S5(O3),residual_mad,1.615029846421682,-0.3535384672664202,1.968568313688102,3.4013776758409757,1.0,3.1512351223241564,True,False,0,10,0,4,0.4020559506800316,mid,Residual (MAD)
