datetime,CO(GT),NMHC(GT),C6H6(GT),NOx(GT),NO2(GT)
2004-03-11 18:00:00,1.8829427191138337,0.5395603790463172,0.9828930018506477,0.2103730562784644,0.892379972632997
2004-03-11 19:00:00,3.350488587569169,1.4637151543275886,1.6690374331447275,0.7111139014726392,1.3492712909285975
2004-03-11 20:00:00,2.791423494824279,1.1036548522699503,1.3155690897508077,0.5540187343528981,1.196974184830064
2004-03-11 21:00:00,1.2539944897758333,-0.1205501747260195,0.151202782100247,0.0090948734062961,0.5660290309932822
2004-03-11 22:00:00,-0.4232007884588346,-0.9366868593899996,-0.6908835653970335,-0.7076518265775227,-0.5435641705817479
2004-03-11 23:00:00,-0.7726164714243904,-1.1467220355902883,-0.9092022480815136,-0.9383853532846425,-1.2397795127464726
2004-03-12 00:00:00,-0.2834345152726122,-0.9726928895957634,-0.5661300324344735,-0.5701935553477492,-0.282483417269976
2004-03-12 01:00:00,-0.1436682420863899,-0.9846948996643512,-0.5141493937000734,-0.5161920916503382,0.0003540654844433
2004-03-12 02:00:00,-0.4930839250519458,-1.062707965110173,-0.7532603318783136,-0.7665625142474256,-0.4130237939258619
2004-03-12 03:00:00,-0.9123827446106128,-1.1767270607617584,-0.9819751423096736,-0.5559795331614041,-0.3605239320058525
2004-03-12 04:00:00,-1.143592430212123,-1.242738116138992,-1.0651441642847137,-1.066025176569432,-1.6966708310420733
2004-03-12 05:00:00,-1.0521490177968351,-1.260741131241874,-1.0755402920315935,-1.021842160817005,-1.4355900777303017
2004-03-12 06:00:00,-0.9123827446106128,-1.2007310808989342,-0.9923712700565536,-0.8942023375322152,-0.848158382778815
2004-03-12 07:00:00,-0.4930839250519458,-1.1047150003502306,-0.7220719486376735,-0.634013466990144,-0.1301863111714425
2004-03-12 08:00:00,1.6034101727413894,-0.0905451495545497,0.6814052971911272,0.338012879563254,0.6748126782065205
2004-03-12 09:00:00,1.872602097444528,1.5035967115272406,1.1180426625600877,0.3661881816006905,0.7936288016733721
2004-03-12 10:00:00,0.6949293970309441,-0.0545391193487858,0.2759563150628071,-0.251093997135775,0.2614348187962151
2004-03-12 11:00:00,0.4153968506584996,-0.3065813307891326,0.0264492491376868,-0.1087265019335097,0.7183261370918157
2004-03-12 12:00:00,-0.0039019689001675,-0.6186335925724191,-0.1190965393186332,-0.4670998519254191,0.0656242538123863
2004-03-12 13:00:00,0.2756305774722771,-0.4626074616807759,-0.0359275173435931,-0.3836430443930566,0.1308944421403292
2004-03-12 14:00:00,0.4153968506584996,-0.2885783156862507,0.151202782100247,-0.3689153724755809,0.2831915482388628
2004-03-12 15:00:00,0.5551631238447217,-0.1925622351375472,0.296748570556567,-0.2363663252182993,0.3484617365668057
2004-03-12 16:00:00,0.4852799872516105,-0.3125823358234266,0.1408066543533669,-0.2952770128882022,0.2179213599109198
2004-03-12 17:00:00,0.2057474408791658,-0.5046144969208337,0.0368453768845668,-0.4327352841179757,0.1961646304682722
2004-03-12 18:00:00,1.2539944897758333,0.0954860065085633,0.8269510856474475,-0.1578187416584288,0.8488665137477016
2004-03-12 19:00:00,1.1142282165896111,0.1494950518172091,0.7125936804317673,-0.1774556375483964,0.761839595977111
2004-03-12 20:00:00,3.1408391777898346,1.625742290253526,2.2096360759824885,0.5000172706554871,1.3057578320433023
2004-03-12 21:00:00,1.6034101727413894,0.6955865099379605,0.9101201076224876,0.176008488471021,0.8488665137477016
2004-03-12 22:00:00,0.9744619434033888,-0.012532084108728,0.3071446983034471,0.0729147850486909,0.6312992193212251
2004-03-12 23:00:00,2.3022415386725013,0.8996206811039554,1.0868542793194476,0.3036483117558107,0.5225155721079869
2004-03-13 00:00:00,0.4153968506584996,-0.5706255522980673,-0.1814733057999132,-0.2216386533008236,0.0656242538123863
2004-03-13 01:00:00,-0.1436682420863899,-0.9006808291842358,-0.4101881162312733,-0.4867367478153867,-0.282483417269976
2004-03-13 02:00:00,-0.3533176518657233,-1.044704950007291,-0.6181106711688734,-0.7616532902749337,-0.6088343589096907
2004-03-13 03:00:00,-0.2834345152726122,-1.026701934904409,-0.6181106711688734,-0.4802850764732418,-0.378559980521552
2004-03-13 04:00:00,-0.4345845494465639,-0.9666918845614694,-0.5349416491938335,-0.634013466990144,-0.5870776294670431
2004-03-13 05:00:00,-0.7726164714243904,-1.122718015453113,-0.9092022480815136,-0.8647469936972637,-0.9786987594347007
2004-03-13 06:00:00,-0.6328501982381681,-1.1407210305559945,-0.8780138648408736,-0.9089300094496908,-1.087482406647939
2004-03-13 07:00:00,-0.4232007884588346,-1.020700929870115,-0.6492990544095135,-0.4867367478153867,-0.717618006122929
2004-03-13 08:00:00,0.4153968506584996,-0.5106155019551276,0.047241504631447,0.0876424569661666,-0.3042401467126237
2004-03-13 09:00:00,1.1142282165896111,0.1314920367143272,0.3903137202784871,0.2791021918933511,0.1961646304682722
2004-03-13 10:00:00,0.7648125336240554,-0.3425873609948964,0.161598909847127,0.0581871131312152,0.3484617365668057
2004-03-13 11:00:00,1.3937607629620554,0.3955362582232619,0.4942749977472873,0.284011415865843,1.0446770787315305
2004-03-13 12:00:00,1.0443450799965,-0.0425371092801979,0.2759563150628071,0.0041856494338042,1.1099472670594734
2004-03-13 13:00:00,0.4852799872516105,-0.3785933912006602,0.099222143365847,-0.4180076122005,0.3049482776815104
2004-03-13 14:00:00,-0.0737851054932787,-0.630635602641007,-0.2854345832687133,-0.5898304512377168,-0.1736997700567378
2004-03-13 15:00:00,-0.0737851054932787,-0.6546396227781829,-0.2230578167874333,-0.5849212272652249,0.1308944421403292
2004-03-13 16:00:00,0.2756305774722771,-0.6366366076753011,-0.1190965393186332,-0.4916459717878786,0.3049482776815104
2004-03-13 17:00:00,0.1358643042860546,-0.7206506781554166,-0.0775120283311131,-0.4425537320629595,0.326705007124158
2004-03-13 18:00:00,0.7648125336240554,-0.1565562049317833,0.4318982312660072,-0.0547250382360987,0.827109784305054
2004-03-13 19:00:00,1.463643899555167,0.2455111323659126,0.8581394688880876,0.1907361603884967,1.196974184830064
2004-03-13 20:00:00,1.463643899555167,0.4015372632575558,0.8165549579005673,0.2005546083334806,1.1099472670594734
2004-03-13 21:00:00,1.463643899555167,0.3115221877431463,0.7229898081786474,0.2201915042234482,1.0664338081741782
2004-03-13 22:00:00,0.6949293970309441,-0.222567260309017,0.1823911653408869,-0.1185449498784935,0.7183261370918157
2004-03-13 23:00:00,0.3455137140653883,-0.6066315825038312,-0.046323645090473,-0.3247323567231537,0.4354886543373963
2004-03-14 00:00:00,0.5551631238447217,-0.7446546982925925,-0.0359275173435931,-0.2363663252182993,0.4137319248947487
2004-03-14 01:00:00,0.4852799872516105,-0.5166165069894216,0.0576376323783269,-0.3149139087781699,0.1961646304682722
2004-03-14 02:00:00,0.2756305774722771,-0.7506557033268865,-0.2854345832687133,-0.5407382115127978,-0.1301863111714425
2004-03-14 03:00:00,0.2057474408791658,-0.5106155019551276,-0.1710771780530332,-0.391921217323966,-0.2538008930026135
2004-03-14 04:00:00,-0.5947571189193817,-0.9666918845614694,-0.6389029266626335,-0.8254732019173285,-0.6088343589096907
2004-03-14 05:00:00,-0.6328501982381681,-1.1107160053845246,-0.7948448428658336,-0.9089300094496908,-0.8699151122214626
2004-03-14 06:00:00,-0.7726164714243904,-1.128719020487407,-0.9195983758283937,-0.9531130252021182,-1.022212218319996
2004-03-14 07:00:00,-0.8424996080175017,-1.1407210305559945,-0.9299945035752736,-0.8058363060273609,-0.9351853005494056
2004-03-14 08:00:00,-0.4930839250519458,-1.0867119852473488,-0.7428642041314335,-0.6732872587700793,-0.5653209000243955
2004-03-14 09:00:00,-0.3533176518657233,-0.9606908795271756,-0.5141493937000734,-0.5898304512377168,-0.5870776294670431
2004-03-14 10:00:00,0.0659811676929437,-0.5286185170580096,-0.2854345832687133,-0.4621906279529272,-0.2607266878273284
2004-03-14 11:00:00,0.4852799872516105,-0.4145994214064241,-0.046323645090473,-0.305095460833186,0.0873809832550339
2004-03-14 12:00:00,0.4852799872516105,-0.432602436509306,-0.0671159005842332,-0.3787338204205647,0.1961646304682722
2004-03-14 13:00:00,-0.0737851054932787,-0.7446546982925925,-0.3997919884843933,-0.6143765711001764,-0.1301863111714425
2004-03-14 14:00:00,-0.213551378679501,-0.7986637436012383,-0.3997919884843933,-0.6634688108250955,-0.1736997700567378
2004-03-14 15:00:00,-0.1436682420863899,-0.7086486680868287,-0.3270190942562334,-0.6192857950726682,-0.0649161228434995
2004-03-14 16:00:00,0.625046260437833,-0.4025974113378361,0.0576376323783269,-0.3345508046681375,0.4137319248947487
2004-03-14 17:00:00,0.5551631238447217,-0.3665913811320723,0.0680337601252069,-0.2854585649432184,0.391975195452101
2004-03-14 18:00:00,0.2756305774722771,-0.5706255522980673,0.0888260156189668,-0.3836430443930566,0.2396780893535675
2004-03-14 19:00:00,1.7431764459276111,0.2695151525030885,0.9621007463568876,0.1121885768286262,1.0229203492888828
2004-03-14 20:00:00,2.651657221638057,0.7435945502123121,1.2220039400288878,0.4263789110681084,1.3710280203712453
2004-03-14 21:00:00,0.9045788068102776,-0.018533089143022,0.348729209290967,-0.1038172779610177,0.7835963254197587
2004-03-14 22:00:00,-0.0039019689001675,-0.7026476630525347,-0.2438500722811932,-0.4523721800079434,0.2396780893535675
2004-03-14 23:00:00,0.0659811676929437,-0.8286687687727081,-0.2646423277749531,-0.4229168361729919,0.1961646304682722
2004-03-15 00:00:00,-0.213551378679501,-0.9066818342185295,-0.4101881162312733,-0.6585595868526035,-0.2389699583846807
2004-03-15 01:00:00,-0.213551378679501,-0.8646747989784719,-0.4621687549656733,-0.6487411389076198,-0.3695103350405666
2004-03-15 02:00:00,-0.213551378679501,-0.9066818342185295,-0.4517726272187933,-0.6389226909626359,-0.4782939822538049
2004-03-15 03:00:00,-0.7027333348312792,-1.0387039449729971,-0.7220719486376735,-0.7498975880610809,-0.6999937804660187
2004-03-15 04:00:00,-0.8179598255296259,-1.0387039449729971,-0.7636564596251936,-0.8451100978072961,-0.848158382778815
2004-03-15 05:00:00,-0.7726164714243904,-1.068708970144467,-0.7740525873720735,-0.7371071704124741,-0.782888194450872
2004-03-15 06:00:00,-0.4930839250519458,-0.9966969097329392,-0.5141493937000734,-0.4916459717878786,-0.6523478177949861
2004-03-15 07:00:00,0.0659811676929437,-0.6606406278124769,-0.1710771780530332,-0.0498158142636067,-0.4565372528111572
2004-03-15 08:00:00,2.372124675265612,0.7135895250408423,1.5130955169415277,0.5982017501053253,0.0873809832550339
2004-03-15 09:00:00,4.189086226686502,2.405872944711742,2.635877313604569,1.1774901788593706,0.8488665137477016
2004-03-15 10:00:00,2.581774085044945,1.3256920385388271,1.585868411169688,0.7651153651700502,1.0229203492888828
2004-03-15 11:00:00,1.463643899555167,0.7015875149722544,0.9101201076224876,0.3969235672331569,0.9794068904035876
2004-03-15 12:00:00,0.6949293970309441,0.0234739460970357,0.286352442809687,-0.1823648615208883,0.5225155721079869
2004-03-15 13:00:00,0.5551631238447217,-0.0605401243830798,0.3695214647847272,-0.3296415806956456,0.1961646304682722
2004-03-15 14:00:00,0.5551631238447217,-0.1565562049317833,0.4215021035191272,-0.3885522683655485,0.022110794927091
2004-03-15 15:00:00,0.2756305774722771,-0.1925622351375472,0.0784298878720869,-0.4180076122005,-0.1301863111714425
2004-03-15 16:00:00,0.1358643042860546,-0.4566064566464819,0.0160531213908069,-0.4670998519254191,-0.2389699583846807
2004-03-15 17:00:00,0.4852799872516105,-0.018533089143022,0.3591253370378472,-0.4032799402830243,0.0003540654844433
2004-03-15 18:00:00,2.791423494824279,1.5237252046705283,2.1576554372480885,0.3723774473706974,1.131703996502121
2004-03-15 19:00:00,4.119203090093391,2.8079402820094383,2.895780507276569,0.8142076048949692,1.6756222325683123
2004-03-15 20:00:00,3.070956041196724,1.9257925419682245,2.0432980320324083,0.4018327912056488,1.196974184830064
2004-03-15 21:00:00,1.463643899555167,0.6115724394578448,0.8893278521287273,0.0876424569661666,0.761839595977111
2004-03-15 22:00:00,0.7648125336240554,0.0414769611999176,0.4111059757722472,-0.2216386533008236,0.326705007124158
2004-03-15 23:00:00,-0.4930839250519458,-0.9006808291842358,-0.4621687549656733,-0.7321979464399822,-0.1954564994993854
2004-03-16 00:00:00,-0.0039019689001675,-0.3725923861663663,-0.0255313895967131,-0.5456474354852896,-0.1519430406140901
2004-03-16 01:00:00,-0.6328501982381681,-1.0086989198015273,-0.6181106711688734,-0.7812901861649013,-0.4782939822538049
2004-03-16 02:00:00,-0.9123827446106128,-1.128719020487407,-0.8884099925877535,-0.95802224917461,-1.0657256772052914
2004-03-16 03:00:00,-0.982265881203724,-1.1527230406245823,-0.9403906313221536,-0.5999375977482216,-0.4745930542168994
2004-03-16 04:00:00,-0.9880850634156184,-1.1527230406245823,-0.9092022480815136,-0.8794746656147395,-1.1092391360905869
2004-03-16 05:00:00,-1.0521490177968351,-1.2007310808989342,-0.9715790145627936,-0.9825683690370696,-1.2615362421891203
2004-03-16 06:00:00,-0.8424996080175017,-1.1407210305559945,-0.8156370983595936,-0.7665625142474256,-1.0004554888773485
2004-03-16 07:00:00,-0.5629670616450568,-1.0026979147672332,-0.6492990544095135,-0.6831057067150631,-0.8699151122214626
2004-03-16 08:00:00,0.9045788068102776,0.0054709309941538,0.5046711254941671,0.12200702477361,-0.282483417269976
2004-03-16 09:00:00,1.1142282165896111,0.4075382682918498,0.8685355966349674,-0.0449065902911148,-0.3259968761552713
2004-03-16 10:00:00,2.23235840207939,1.319691033504533,1.429926494966488,0.774933813115034,0.8706232431903492
2004-03-16 11:00:00,1.3937607629620554,0.6595804797321966,0.8997239798756075,0.3723774473706974,1.131703996502121
2004-03-16 12:00:00,0.8346956702171663,0.3955362582232619,0.7229898081786474,-0.1038172779610177,0.95765016096094
2004-03-16 13:00:00,1.323877626368945,0.8936196760696614,1.1388349180538475,0.068005561076199,1.1099472670594734
2004-03-16 14:00:00,1.184111353182722,0.6055714344235509,0.9413084908631272,0.12200702477361,1.1099472670594734
2004-03-16 15:00:00,0.4852799872516105,0.0654809813370935,0.3383330815440871,-0.2854585649432184,0.391975195452101
2004-03-16 16:00:00,0.5551631238447217,-0.0965461545888436,0.5462556364816874,-0.2658216690532508,0.4137319248947487
2004-03-16 17:00:00,0.5551631238447217,-0.1085481646574316,0.4630866145066473,-0.2363663252182993,0.5007588426653393
2004-03-16 18:00:00,0.9045788068102776,0.1194900266457392,0.6710091694442474,-0.2658216690532508,0.6312992193212251
2004-03-16 19:00:00,1.2539944897758333,0.2635141474687945,0.8061588301536876,-0.2805493409707265,0.5877857604359299
2004-03-16 20:00:00,0.7648125336240554,0.0774829914056814,0.4630866145066473,-0.3541877005581051,0.7183261370918157
2004-03-16 21:00:00,2.092592128893167,0.7916025904866639,1.4091342394727275,0.3871051192881731,1.4580549381418355
2004-03-16 22:00:00,0.3455137140653883,-0.2045642452061351,0.223975676328407,-0.2658216690532508,0.6095424898785775
2004-03-16 23:00:00,-0.2834345152726122,-0.7746597234640623,-0.2334539445343132,-0.5309197635678139,0.1526511715829769
2004-03-17 00:00:00,-0.2834345152726122,-0.7926627385669442,-0.2854345832687133,-0.5211013156228301,-0.0649161228434995
2004-03-17 01:00:00,-0.6328501982381681,-1.020700929870115,-0.6181106711688734,-0.7027426026050307,-0.4347805233685096
2004-03-17 02:00:00,-0.8424996080175017,-1.0987139953159368,-0.7532603318783136,-0.8254732019173285,-0.6741045472376337
2004-03-17 03:00:00,-0.982265881203724,-1.1467220355902883,-0.9092022480815136,-0.5673821526849135,-0.4212891334786817
2004-03-17 04:00:00,-1.1028945766326124,-1.2007310808989342,-0.9819751423096736,-0.904020785477199,-1.087482406647939
2004-03-17 05:00:00,-1.1220321543899463,-1.236737111104698,-1.0131635255503135,-1.0316606087619886,-1.522616995500892
2004-03-17 06:00:00,-1.1220321543899463,-1.1947300758646402,-0.9819751423096736,-0.9432945772571344,-1.2397795127464726
2004-03-17 07:00:00,-0.3533176518657233,-0.7986637436012383,-0.3997919884843933,-0.3836430443930566,-0.5653209000243955
2004-03-17 08:00:00,1.3937607629620554,0.2575131424345006,1.0452697683319274,0.4018327912056488,-0.0431593934008519
2004-03-17 09:00:00,3.1408391777898346,1.9017885218310489,2.6046889303639285,0.6816585576376877,0.3702184660094534
2004-03-17 10:00:00,1.533527036148278,0.9056216861382492,1.0348736405850476,0.2054638323059725,0.5225155721079869
2004-03-17 11:00:00,0.5551631238447217,-0.1025471596231376,0.4215021035191272,-0.0841803820710501,0.5442723015506346
2004-03-17 12:00:00,0.2756305774722771,-0.432602436509306,0.1200143988596069,-0.1381818457684611,0.6965694076491681
2004-03-17 13:00:00,0.4852799872516105,-0.1745592200346652,0.3903137202784871,-0.1676371896034126,0.9358934315182922
2004-03-17 14:00:00,0.3455137140653883,-0.3905954012692482,0.244767931822167,-0.3787338204205647,0.2831915482388628
2004-03-17 15:00:00,-0.0737851054932787,-0.6846446479496527,-0.0983042838248731,-0.5063736437053543,-0.1301863111714425
2004-03-17 16:00:00,0.5551631238447217,-0.1445541948631954,0.4007098480253671,-0.256003221108267,0.4137319248947487
2004-03-17 17:00:00,0.2756305774722771,-0.4986134918865397,0.099222143365847,-0.4474629560354514,0.0873809832550339
2004-03-17 18:00:00,2.022708992300056,1.0136397767555407,1.6274529221572078,0.2987390877833187,1.0446770787315305
2004-03-17 19:00:00,3.8396705437209455,2.159831738305689,2.8126114853015287,0.8485721727024126,1.8279193386668453
2004-03-17 20:00:00,3.2107223143829464,1.835777466453815,2.4695392696544887,0.5343818384629304,1.566838585355074
2004-03-17 21:00:00,2.5118909484518346,1.5297262097048223,1.648245177650968,0.4803803747655194,1.5233251264697787
2004-03-17 22:00:00,0.4852799872516105,-0.0665411294173738,0.3799175925316071,-0.1774556375483964,0.5660290309932822
2004-03-17 23:00:00,0.3455137140653883,-0.0065310790744341,0.4526904867597671,-0.2952770128882022,0.3702184660094534
2004-03-18 00:00:00,0.1358643042860546,-0.3485883660291904,0.171995037594007,-0.4130983882280081,0.1308944421403292
2004-03-18 01:00:00,-0.4930839250519458,-0.8826778140813538,-0.3374152220031133,-0.7174702745225064,-0.0649161228434995
2004-03-18 02:00:00,-0.7726164714243904,-1.0387039449729971,-0.6077145434219935,-0.8696562176697556,-0.4782939822538049
2004-03-18 03:00:00,-0.982265881203724,-1.050705955041585,-0.8052409706127136,-0.5097106815094097,-0.2538266215568708
2004-03-18 04:00:00,-0.9455300842885772,-1.1347200255217005,-0.8780138648408736,-0.8745654416422476,-0.6958612766802814
2004-03-18 05:00:00,-1.0521490177968351,-1.1827280657960524,-0.9195983758283937,-0.9874775930095616,-1.152752594975882
2004-03-18 06:00:00,-0.982265881203724,-1.1467220355902883,-0.8676177370939936,-0.8352916498623123,-0.848158382778815
2004-03-18 07:00:00,-0.4232007884588346,-0.834669773807002,-0.3789997329906333,-0.4867367478153867,-0.5435641705817479
2004-03-18 08:00:00,1.813059582520723,0.6115724394578448,1.242796195522648,0.4951080466829951,0.3049482776815104
2004-03-18 09:00:00,3.1408391777898346,1.7337603808708175,2.542312163882648,0.8976644124273317,0.892379972632997
2004-03-18 10:00:00,1.6732933093345004,1.1462785068932622,1.0348736405850476,0.5442002864079143,0.8706232431903492
2004-03-18 11:00:00,0.4852799872516105,0.0211985711260705,0.3071446983034471,-0.0694527101535744,0.9141367020756446
2004-03-18 12:00:00,0.0659811676929437,-0.2675469613729475,0.1200143988596069,-0.3296415806956456,0.6312992193212251
2004-03-18 13:00:00,0.0659811676929437,-0.2646327159777229,0.0888260156189668,-0.4376445080904676,0.5007588426653393
2004-03-18 14:00:00,0.1358643042860546,-0.0562851393071891,0.1823911653408869,-0.4965551957603705,0.3484617365668057
2004-03-18 15:00:00,0.0659811676929437,-0.0007758427399699,0.3175408260503271,-0.4376445080904676,0.391975195452101
2004-03-18 16:00:00,0.4852799872516105,0.0552577725959621,0.5670478919754474,-0.3247323567231537,1.2840011026006546
2004-03-18 17:00:00,0.4153968506584996,0.0194017308888276,0.3279369537972071,-0.3541877005581051,0.8488665137477016
2004-03-18 18:00:00,1.1142282165896111,1.005573179198609,1.0556658960788077,-0.1185449498784935,1.0011636198462353
2004-03-18 19:00:00,2.092592128893167,1.4454731465620556,1.5650761556759278,0.2054638323059725,1.2622443731580069
2004-03-18 20:00:00,2.092592128893167,1.4489792879616392,1.523491644688408,0.1858269364160048,1.4362982086991882
2004-03-18 21:00:00,0.7648125336240554,0.2019431362368837,0.286352442809687,-0.2952770128882022,0.5442723015506346
2004-03-18 22:00:00,-0.0039019689001675,-0.3363304232050048,-0.108700411571753,-0.5358289875403058,0.2396780893535675
2004-03-18 23:00:00,-0.2834345152726122,-0.46723714329903,-0.3166229665093532,-0.7027426026050307,-0.2389699583846807
2004-03-19 00:00:00,-0.0737851054932787,-0.4635480488956237,-0.2542462000280732,-0.5505566594577815,-0.0866728522861472
2004-03-19 01:00:00,-0.3533176518657233,-0.6475887898215534,-0.4933571382063134,-0.6634688108250955,-0.3042401467126237
2004-03-19 02:00:00,-0.8424996080175017,-0.8525183593598605,-0.8052409706127136,-0.9334761293121504,-1.022212218319996
2004-03-19 03:00:00,-0.982265881203724,-0.9460916098296206,-0.9195983758283937,-0.6823678923608599,-0.7609146811897727
2004-03-19 04:00:00,-1.0440552910279468,-0.959892886689306,-0.9923712700565536,-1.070934400541924,-1.6966708310420733
2004-03-19 05:00:00,-1.1220321543899463,-0.9620206539314612,-1.0443519087909536,-1.0807528484869078,-1.7836977488126635
2004-03-19 06:00:00,-0.982265881203724,-0.948620078946014,-0.9403906313221536,-0.8942023375322152,-1.0657256772052914
2004-03-19 07:00:00,-0.4232007884588346,-0.6669704537860737,-0.4829610104594334,-0.6045581231551925,-0.2389699583846807
2004-03-19 08:00:00,1.8829427191138337,1.2458937620006505,1.1908155567882477,0.4018327912056488,1.0229203492888828
2004-03-19 09:00:00,2.8613066314173903,1.484005173546323,2.074486415273048,0.5834740781878496,1.2187309142727116
2004-03-19 10:00:00,1.323877626368945,1.1794682695386811,0.8165549579005673,0.0729147850486909,0.8488665137477016
2004-03-19 11:00:00,0.8346956702171663,0.6281947912015488,0.5254633809879271,-0.0989080539885258,0.5442723015506346
2004-03-19 12:00:00,0.4852799872516105,0.1849687968321716,0.2759563150628071,-0.2265478772733155,0.3702184660094534
2004-03-19 13:00:00,0.625046260437833,0.530261275267437,0.4111059757722472,-0.305095460833186,0.2614348187962151
2004-03-19 14:00:00,0.8346956702171663,0.6830541376080408,0.5566517642285672,-0.197092533438364,0.5442723015506346
2004-03-19 15:00:00,0.9744619434033888,0.9176346843752352,0.7957627024068074,-0.1283633978234773,0.6312992193212251
2004-03-19 16:00:00,1.323877626368945,0.9946293297467248,0.8373472133943273,0.0532778891587233,0.8053530548624064
2004-03-19 17:00:00,1.7431764459276111,1.380181266806455,0.9932891295975274,0.1563715925810534,1.0446770787315305
2004-03-19 18:00:00,1.3937607629620554,1.388535754375408,0.9205162353693674,-0.035088142346131,0.7835963254197587
2004-03-19 19:00:00,1.6732933093345004,1.7003840024987764,1.0764581515725675,0.0630963371037071,0.7400828665344634
2004-03-19 20:00:00,1.2539944897758333,1.0658099520828224,0.8789317243818475,-0.1381818457684611,0.6095424898785775
2004-03-19 21:00:00,1.323877626368945,0.878634561417223,0.5566517642285672,0.0532778891587233,0.7183261370918157
2004-03-19 22:00:00,0.0659811676929437,-0.2336765732633574,-0.2334539445343132,-0.4670998519254191,0.1308944421403292
2004-03-19 23:00:00,-0.0039019689001675,-0.3378301250551584,-0.3166229665093532,-0.5456474354852896,-0.0214026639582042
2004-03-20 00:00:00,-0.2834345152726122,-0.6563951658158642,-0.5765261601813535,-0.6585595868526035,-0.3912670644832143
2004-03-20 01:00:00,-0.3533176518657233,-0.7158837817842955,-0.6389029266626335,-0.746925618357458,-0.5870776294670431
2004-03-20 02:00:00,-0.5629670616450568,-0.7794469021626843,-0.7532603318783136,-0.8058363060273609,-0.6305910883523385
2004-03-20 03:00:00,-0.5629670616450568,-0.816246507046941,-0.8260332261064736,-0.6460827000410462,-0.5315786480739978
2004-03-20 04:00:00,-1.0549752392317409,-0.8950659667010529,-0.8780138648408736,-0.9531130252021182,-1.1962660538611771
2004-03-20 05:00:00,-0.9123827446106128,-0.8626793475974396,-0.8572216093471137,-0.962931473147102,-1.2397795127464726
2004-03-20 06:00:00,-0.9123827446106128,-0.944734158976183,-0.9195983758283937,-0.8598377697247719,-0.9351853005494056
2004-03-20 07:00:00,-0.7027333348312792,-0.8037474197104596,-0.7324680763845536,-0.6045581231551925,-0.4130237939258619
2004-03-20 08:00:00,-0.0039019689001675,-0.4756006961069113,-0.2542462000280732,-0.3345508046681375,0.0656242538123863
2004-03-20 09:00:00,0.2057474408791658,-0.2547668974137285,-0.0879081560779931,-0.4474629560354514,-0.1736997700567378
2004-03-20 10:00:00,0.3455137140653883,-0.1145411117015672,0.1200143988596069,-0.3541877005581051,-0.0649161228434995
2004-03-20 11:00:00,0.4852799872516105,-0.141100521967711,0.099222143365847,-0.2118202053558398,0.0656242538123863
2004-03-20 12:00:00,0.3455137140653883,-0.1519005179816545,0.0368453768845668,-0.2756401169982346,-0.0431593934008519
2004-03-20 13:00:00,0.3455137140653883,-0.183458903892287,0.0368453768845668,-0.3443692526131213,-0.1084295817287948
2004-03-20 14:00:00,-0.0039019689001675,-0.4566016035387729,-0.2126616890405531,-0.5554658834302735,-0.3695103350405666
2004-03-20 15:00:00,-0.2834345152726122,-0.5434633036432017,-0.3893958607375133,-0.7027426026050307,-0.5000507116964525
2004-03-20 16:00:00,-0.3533176518657233,-0.6049422889647813,-0.4829610104594334,-0.7812901861649013,-0.7393747355655766
2004-03-20 17:00:00,-0.0039019689001675,-0.395931713683548,-0.1710771780530332,-0.5849212272652249,-0.347753605597919
2004-03-20 18:00:00,0.1358643042860546,-0.1156547625686797,0.109618271112727,-0.472009075897911,0.0003540654844433
2004-03-20 19:00:00,0.9744619434033888,0.2562934557423497,0.5462556364816874,-0.1136357259060016,0.5660290309932822
2004-03-20 20:00:00,1.2539944897758333,0.335703117391526,0.5254633809879271,-0.0449065902911148,0.6312992193212251
2004-03-20 21:00:00,0.8346956702171663,0.0734917223713368,0.244767931822167,-0.1578187416584288,0.326705007124158
2004-03-20 22:00:00,0.1358643042860546,-0.252292728162834,-0.1502849225592731,-0.4474629560354514,0.022110794927091
2004-03-20 23:00:00,-0.0039019689001675,-0.4199344518677441,-0.2542462000280732,-0.5701935553477492,-0.282483417269976
2004-03-21 00:00:00,0.4852799872516105,-0.3214924584410262,-0.0775120283311131,-0.310004684805678,-0.0649161228434995
2004-03-21 01:00:00,-0.0039019689001675,-0.5994025122989831,-0.4101881162312733,-0.5161920916503382,-0.4347805233685096
2004-03-21 02:00:00,-0.3533176518657233,-0.6848397337227479,-0.5349416491938335,-0.7321979464399822,-0.5653209000243955
2004-03-21 03:00:00,-0.3533176518657233,-0.6702517040057833,-0.5037532659531934,-0.5962905498213307,-0.3818097459102555
2004-03-21 04:00:00,-0.5581646020414314,-0.6831182997911346,-0.5765261601813535,-0.7518348423299498,-0.5000507116964525
2004-03-21 05:00:00,-0.7027333348312792,-0.8112909346676235,-0.7636564596251936,-0.8991115615047072,-0.9569420299920532
2004-03-21 06:00:00,-0.982265881203724,-0.947264367885906,-0.9611828868159136,-1.0512975046519564,-1.6096439132714826
2004-03-21 07:00:00,-0.9123827446106128,-0.8568945347763715,-0.8052409706127136,-0.8156547539723447,-1.0439689477626437
2004-03-21 08:00:00,-0.6328501982381681,-0.8153569690311078,-0.7220719486376735,-0.5701935553477492,-0.4130237939258619
2004-03-21 09:00:00,-0.4930839250519458,-0.7334130694771291,-0.6181106711688734,-0.6241950190451602,-0.4565372528111572
2004-03-21 10:00:00,-0.2834345152726122,-0.5989851908200433,-0.4413764994719134,-0.5652843313752572,-0.3695103350405666
2004-03-21 11:00:00,-0.213551378679501,-0.5465753818536209,-0.4205842439781533,-0.6487411389076198,-0.6305910883523385
2004-03-21 12:00:00,-0.213551378679501,-0.4906290308883809,-0.3893958607375133,-0.6634688108250955,-0.6088343589096907
2004-03-21 13:00:00,-0.1436682420863899,-0.4871205087189778,-0.4725648827125534,-0.6683780347975874,-0.6523478177949861
2004-03-21 14:00:00,-0.5629670616450568,-0.7166679707356153,-0.7012796931439136,-0.9334761293121504,-1.3485631599597108
2004-03-21 15:00:00,-0.3533176518657233,-0.4071358911583889,-0.3062268387624732,-0.8598377697247719,-1.0657256772052914
2004-03-21 16:00:00,-0.1436682420863899,-0.4842174346282908,-0.4621687549656733,-0.688014930687555,-0.4565372528111572
2004-03-21 17:00:00,0.1358643042860546,-0.3146188096998105,-0.2438500722811932,-0.5211013156228301,-0.1084295817287948
2004-03-21 18:00:00,1.184111353182722,0.3562473295725287,0.3903137202784871,-0.3198231327506618,0.1308944421403292
2004-03-21 19:00:00,0.9744619434033888,0.1238096587790367,0.1304105266064869,-0.2609124450807589,0.1961646304682722
2004-03-21 20:00:00,1.533527036148278,0.3276447609608924,0.3903137202784871,0.1367346966910857,0.7400828665344634
2004-03-21 21:00:00,0.4852799872516105,-0.2886912191165376,-0.1502849225592731,-0.2461847731632831,0.2831915482388628
2004-03-21 22:00:00,-0.1436682420863899,-0.4184653337529643,-0.3478113497499933,-0.5701935553477492,-0.1084295817287948
2004-03-21 23:00:00,-0.1436682420863899,-0.3993504075762995,-0.3582074774968732,-0.6192857950726682,-0.3695103350405666
2004-03-22 00:00:00,-0.2834345152726122,-0.6556008128087766,-0.5453377769407135,-0.7125610505500146,-0.5218074411391002
2004-03-22 01:00:00,-0.4232007884588346,-0.7346182884142229,-0.6492990544095135,-0.8058363060273609,-0.7393747355655766
2004-03-22 02:00:00,-1.0521490177968351,-0.9594313378325652,-1.0027673978034335,-1.0562067286244483,-1.6749141015994256
2004-03-22 03:00:00,-1.1919152909830577,-0.9620206539314612,-1.1067286752722338,-0.6155973600265634,-0.6846906023844603
2004-03-22 04:00:00,-1.2305206928628938,-0.9620206539314612,-1.0963325475253538,-1.0856620724593995,-1.805454478255312
2004-03-22 05:00:00,-1.2617984275761684,-0.9620206539314612,-1.1067286752722338,-1.0954805204043836,-1.892481396025902
2004-03-22 06:00:00,-1.0521490177968351,-0.9504789107666344,-0.9715790145627936,-0.967840697119594,-1.392076618845006
2004-03-22 07:00:00,-0.6328501982381681,-0.7696759939032255,-0.6492990544095135,-0.746925618357458,-0.7393747355655766
2004-03-22 08:00:00,1.0443450799965,0.6232528624646585,0.6606130416973672,-0.0596342622085906,0.1308944421403292
2004-03-22 09:00:00,1.1142282165896111,1.1317501337738904,0.7333859359255273,-0.1185449498784935,0.1091377126976816
2004-03-22 10:00:00,-0.213551378679501,-0.5171365220588454,-0.4621687549656733,-0.6045581231551925,-0.5870776294670431
2004-03-22 11:00:00,-0.3533176518657233,-0.5227188778771849,-0.4205842439781533,-0.5603751074027654,-0.5000507116964525
2004-03-22 12:00:00,-0.1436682420863899,-0.192538793711632,-0.1814733057999132,-0.5701935553477492,-0.4347805233685096
2004-03-22 13:00:00,-0.0737851054932787,-0.1476392147089351,-0.0983042838248731,-0.6438319149351278,-0.5000507116964525
2004-03-22 14:00:00,0.0659811676929437,-0.0367871838937926,-0.0151352618498331,-0.5161920916503382,-0.2389699583846807
2004-03-22 15:00:00,-0.0039019689001675,-0.075242751539626,-0.0671159005842332,-0.5309197635678139,-0.2389699583846807
2004-03-22 16:00:00,0.1358643042860546,1.4037051039846489,0.0264492491376868,-0.4327352841179757,-0.1954564994993854
2004-03-22 17:00:00,0.3455137140653883,-0.1925622351375472,0.109618271112727,-0.4916459717878786,-0.1519430406140901
2004-03-22 18:00:00,1.184111353182722,1.2536799781272996,0.7229898081786474,-0.1234541738509854,0.4137319248947487
2004-03-22 19:00:00,1.6034101727413894,2.7299272165636164,1.0036852573444075,-0.0301789183736391,0.7183261370918157
2004-03-22 20:00:00,1.6732933093345004,2.441878974917506,1.0036852573444075,-0.0007235745386876,0.7835963254197587
2004-03-22 21:00:00,0.8346956702171663,0.6475784696636087,0.3279369537972071,-0.2854585649432184,0.3049482776815104
2004-03-22 22:00:00,-0.0737851054932787,-0.4446044465778939,-0.3062268387624732,-0.5407382115127978,0.0656242538123863
2004-03-22 23:00:00,-0.7027333348312792,-0.7686587184297684,-0.7324680763845536,-0.850019321779788,-0.6523478177949861
2004-03-23 00:00:00,-0.8424996080175017,-0.8646747989784719,-0.7844487151189536,-0.9089300094496908,-0.8264016533361672
2004-03-23 01:00:00,-0.9123827446106128,-1.014699924835821,-0.8988061203346337,-0.9383853532846425,-1.0004554888773485
2004-03-23 02:00:00,-0.982265881203724,-1.020700929870115,-0.9195983758283937,-0.9187484573946748,-0.8699151122214626
2004-03-23 03:00:00,-1.1220321543899463,-1.0867119852473488,-1.054748036537834,-0.6307789793511634,-0.7784998990386155
2004-03-23 04:00:00,-1.200455252718654,-1.1527230406245823,-1.0963325475253538,-1.070934400541924,-1.7184275604847208
2004-03-23 05:00:00,-1.2617984275761684,-1.1887290708303462,-1.117124803019114,-1.1052989683493673,-1.9142381254685497
2004-03-23 06:00:00,-1.1220321543899463,-1.1467220355902883,-0.9923712700565536,-1.0071144888995291,-1.3703198894023585
2004-03-23 07:00:00,-0.7027333348312792,-0.9426878644242936,-0.7012796931439136,-0.6634688108250955,-0.4782939822538049
2004-03-23 08:00:00,0.625046260437833,0.1855010820229729,0.296748570556567,-0.0694527101535744,0.4354886543373963
2004-03-23 09:00:00,1.184111353182722,1.9077895268653424,1.0036852573444075,0.0287317692962637,0.4790021132226916
2004-03-23 10:00:00,0.9045788068102776,0.7375935451780182,0.5046711254941671,-0.0056327985111796,0.4790021132226916
2004-03-23 11:00:00,0.625046260437833,0.6475784696636087,0.4318982312660072,-0.089089606043542,0.457245383780044
2004-03-23 12:00:00,0.4153968506584996,0.2995201776745583,0.213579548581527,-0.1529095176859368,0.4137319248947487
2004-03-23 13:00:00,0.9744619434033888,0.6475784696636087,0.5774440197223271,-0.1480002937134449,0.4790021132226916
2004-03-23 14:00:00,0.4852799872516105,0.3055211827088523,0.109618271112727,-0.3836430443930566,0.0003540654844433
2004-03-23 15:00:00,-0.1436682420863899,-0.4866114818179518,-0.1294926670655132,-0.526010539595322,-0.2389699583846807
2004-03-23 16:00:00,-0.0737851054932787,-0.5946295724352432,-0.2750384555218333,-0.5407382115127978,-0.2172132289420331
2004-03-23 17:00:00,0.625046260437833,0.3535292229832041,0.2551640595690471,-0.305095460833186,0.2614348187962151
2004-03-23 18:00:00,-0.1436682420863899,-0.3965964063035422,-0.2126616890405531,-0.6438319149351278,-0.282483417269976
2004-03-23 19:00:00,0.4153968506584996,0.1134890216114452,0.171995037594007,-0.526010539595322,0.0438675243697386
2004-03-23 20:00:00,0.8346956702171663,0.0174729410627417,0.3071446983034471,-0.3541877005581051,0.391975195452101
2004-03-23 21:00:00,-0.2834345152726122,-0.7806607284983563,-0.3893958607375133,-0.7321979464399822,-0.1954564994993854
2004-03-23 22:00:00,-0.5629670616450568,-0.8166667587041201,-0.6285067989157536,-0.7714717382199174,-0.3042401467126237
2004-03-23 23:00:00,-0.5629670616450568,-0.8586737939441779,-0.6181106711688734,-0.7861994101373933,-0.5218074411391002
2004-03-24 00:00:00,-0.6328501982381681,-0.9726928895957634,-0.6700913099032735,-0.8254732019173285,-0.5435641705817479
2004-03-24 01:00:00,-0.7027333348312792,-0.8586737939441779,-0.7012796931439136,-0.796017858082377,-0.6741045472376337
2004-03-24 02:00:00,-0.8424996080175017,-1.0927129902816428,-0.8988061203346337,-0.95802224917461,-1.0657256772052914
2004-03-24 03:00:00,-1.0521490177968351,-1.128719020487407,-1.0131635255503135,-0.6494812754350276,-0.6201960884697062
2004-03-24 04:00:00,-1.0219477702704003,-1.128719020487407,-1.0027673978034335,-0.9531130252021182,-0.9569420299920532
2004-03-24 05:00:00,-1.0521490177968351,-1.1827280657960524,-1.054748036537834,-1.0022052649270372,-1.2180227833038249
2004-03-24 06:00:00,-0.9123827446106128,-1.1107160053845246,-1.0027673978034335,-0.95802224917461,-1.152752594975882
2004-03-24 07:00:00,-0.6328501982381681,-0.7986637436012383,-0.6804874376501535,-0.7812901861649013,-0.7611314650082243
2004-03-24 08:00:00,0.6949293970309441,0.167498066920091,0.2551640595690471,-0.3149139087781699,-0.282483417269976
2004-03-24 09:00:00,1.6034101727413894,2.015807617482634,1.2843807065101676,-0.0154512464561634,0.0003540654844433
2004-03-24 10:00:00,0.9045788068102776,1.3977040989503549,0.296748570556567,-0.0989080539885258,0.0656242538123863
2004-03-24 11:00:00,-0.2834345152726122,-0.5946295724352432,-0.3478113497499933,-0.5014644197328625,-0.4782939822538049
2004-03-24 12:00:00,-0.4232007884588346,-0.5946295724352432,-0.4829610104594334,-0.5947396752102088,-0.5435641705817479
2004-03-24 13:00:00,-0.2834345152726122,-0.4386034415436,-0.2750384555218333,-0.5849212272652249,-0.3042401467126237
2004-03-24 14:00:00,0.0659811676929437,-0.3485883660291904,-0.056719772837353,-0.5505566594577815,-0.0866728522861472
2004-03-24 15:00:00,-0.2800499607152614,-0.5706255522980673,-0.4829610104594334,-0.6781964827425712,-0.4130237939258619
2004-03-24 16:00:00,0.4153968506584996,0.0774829914056814,0.0056569936439269,-0.202001757410856,0.3484617365668057
2004-03-24 17:00:00,0.4852799872516105,0.6175734444921388,0.213579548581527,-0.2118202053558398,0.4354886543373963
2004-03-24 18:00:00,0.4153968506584996,0.2755161575373824,0.0680337601252069,-0.4032799402830243,0.022110794927091
2004-03-24 19:00:00,1.6732933093345004,2.033810632585516,0.9205162353693674,0.0434594412137394,0.5225155721079869
2004-03-24 20:00:00,0.9744619434033888,1.4457121392247068,0.3175408260503271,-0.2363663252182993,0.5660290309932822
2004-03-24 21:00:00,0.3455137140653883,-0.018533089143022,-0.2022655612936731,-0.3394600286406294,0.326705007124158
2004-03-24 22:00:00,-0.2834345152726122,-0.7206506781554166,-0.5661300324344735,-0.5898304512377168,-0.0431593934008519
2004-03-24 23:00:00,-0.5629670616450568,-0.8286687687727081,-0.7116758208907935,-0.7714717382199174,-0.5000507116964525
2004-03-25 00:00:00,-0.5629670616450568,-0.8166667587041201,-0.7116758208907935,-0.7763809621924094,-0.4565372528111572
2004-03-25 01:00:00,-0.7726164714243904,-0.9906959046986452,-0.9195983758283937,-0.962931473147102,-1.1309958655332344
2004-03-25 02:00:00,-0.982265881203724,-1.0747099751787608,-0.9923712700565536,-0.9825683690370696,-1.2180227833038249
2004-03-25 03:00:00,-0.982265881203724,-1.0927129902816428,-1.0339557810440738,-0.6336854787521747,-0.6653639763890811
2004-03-25 04:00:00,-1.1220321543899463,-1.128719020487407,-1.0859364197784738,-1.0807528484869078,-1.7836977488126635
2004-03-25 05:00:00,-1.1220321543899463,-1.1767270607617584,-1.117124803019114,-1.1102081923218592,-1.9577515843538449
2004-03-25 06:00:00,-1.0521490177968351,-1.026701934904409,-1.0339557810440738,-0.95802224917461,-1.2832929716317678
2004-03-25 07:00:00,-0.7027333348312792,-0.9726928895957634,-0.7844487151189536,-0.7567440663024417,-0.6088343589096907
2004-03-25 08:00:00,0.4153968506584996,0.3235241978117342,0.0264492491376868,-0.2658216690532508,0.0438675243697386
2004-03-25 09:00:00,0.9744619434033888,1.3016880184016515,0.6710091694442474,-0.1774556375483964,0.1961646304682722
2004-03-25 10:00:00,0.1358643042860546,0.4975533438062594,-0.2646423277749531,-0.5161920916503382,-0.2389699583846807
2004-03-25 11:00:00,-0.3533176518657233,-0.6066315825038312,-0.4725648827125534,-0.5309197635678139,-0.2607266878273284
2004-03-25 12:00:00,-0.5629670616450568,-0.7326526882240045,-0.5661300324344735,-0.6487411389076198,-0.4782939822538049
2004-03-25 13:00:00,-0.0737851054932787,-0.0365361042459039,-0.2542462000280732,-0.5211013156228301,-0.3042401467126237
2004-03-25 14:00:00,-0.1436682420863899,-0.2945793207205447,-0.3270190942562334,-0.6487411389076198,-0.6305910883523385
2004-03-25 15:00:00,-0.1436682420863899,-0.3785933912006602,-0.2854345832687133,-0.5554658834302735,-0.3912670644832143
2004-03-25 16:00:00,0.0659811676929437,0.2995201776745583,-0.1294926670655132,-0.4916459717878786,-0.1084295817287948
2004-03-25 17:00:00,-0.0737851054932787,-0.4446044465778939,-0.2022655612936731,-0.5800120032927331,-0.4782939822538049
2004-03-25 18:00:00,0.5551631238447217,0.9416277163440132,0.3383330815440871,-0.3934614923380404,-0.1519430406140901
2004-03-25 19:00:00,2.162475265486279,3.480052845850363,1.377945856232088,0.0729147850486909,0.6748126782065205
2004-03-25 20:00:00,1.7431764459276111,2.88595334745526,1.0660620238256877,-0.035088142346131,0.5007588426653393
2004-03-25 21:00:00,0.2756305774722771,0.1014870115428573,-0.108700411571753,-0.4327352841179757,0.1961646304682722
2004-03-25 22:00:00,-0.4232007884588346,-0.6786436429153588,-0.5869222879282334,-0.6831057067150631,-0.0866728522861472
2004-03-25 23:00:00,-0.6328501982381681,-0.9006808291842358,-0.7116758208907935,-0.800927082054869,-0.3912670644832143
2004-03-26 00:00:00,-0.2834345152726122,-0.7746597234640623,-0.6077145434219935,-0.7125610505500146,-0.282483417269976
2004-03-26 01:00:00,-0.4930839250519458,-0.8286687687727081,-0.6804874376501535,-0.7812901861649013,-0.4130237939258619
2004-03-26 02:00:00,-0.6328501982381681,-0.9366868593899996,-0.8052409706127136,-0.8402008738348042,-0.5870776294670431
2004-03-26 03:00:00,-1.0521490177968351,-1.044704950007291,-1.0027673978034335,-0.5946297465270478,-0.5598158193667004
2004-03-26 04:00:00,-0.982265881203724,-1.062707965110173,-0.9507867590690338,-0.9482038012296262,-1.1092391360905869
2004-03-26 05:00:00,-0.9123827446106128,-0.9906959046986452,-0.8676177370939936,-0.8156547539723447,-0.8046449238935196
2004-03-26 06:00:00,-0.8424996080175017,-0.9186838442871176,-0.7636564596251936,-0.6634688108250955,-0.6958612766802814
2004-03-26 07:00:00,-0.3533176518657233,-0.7746597234640623,-0.4829610104594334,-0.5211013156228301,-0.4347805233685096
2004-03-26 08:00:00,0.9045788068102776,0.9476287213783072,0.5566517642285672,0.0041856494338042,0.0003540654844433
2004-03-26 09:00:00,1.184111353182722,2.249846813820099,0.8269510856474475,0.1809177124435129,0.0873809832550339
2004-03-26 10:00:00,0.6949293970309441,0.8396106307610157,0.3591253370378472,-0.0301789183736391,0.1961646304682722
2004-03-26 11:00:00,0.4153968506584996,0.4735493236690835,0.213579548581527,-0.2854585649432184,0.2396780893535675
2004-03-26 12:00:00,-0.0737851054932787,-0.2165662552747231,-0.0359275173435931,-0.6192857950726682,-0.282483417269976
2004-03-26 13:00:00,0.1358643042860546,-0.0365361042459039,0.1200143988596069,-0.5996488991827007,-0.2389699583846807
2004-03-26 14:00:00,-0.1436682420863899,-0.1085481646574316,-0.3062268387624732,-0.6634688108250955,-0.5435641705817479
2004-03-26 15:00:00,-0.5629670616450568,-0.8166667587041201,-0.6285067989157536,-0.7321979464399822,-0.7611314650082243
2004-03-26 16:00:00,-0.1436682420863899,-0.4446044465778939,-0.2646423277749531,-0.6192857950726682,-0.5000507116964525
2004-03-26 17:00:00,0.1358643042860546,0.1795000769886789,-0.0151352618498331,-0.5456474354852896,-0.1736997700567378
2004-03-26 18:00:00,0.2057474408791658,0.1314920367143272,0.0264492491376868,-0.5554658834302735,-0.1084295817287948
2004-03-26 19:00:00,0.4153968506584996,0.2995201776745583,0.109618271112727,-0.5800120032927331,-0.2607266878273284
2004-03-26 20:00:00,0.3455137140653883,0.2635141474687945,-0.0775120283311131,-0.5800120032927331,-0.3695103350405666
2004-03-26 21:00:00,-0.4232007884588346,-0.7206506781554166,-0.5557339046875934,-0.6831057067150631,-0.4130237939258619
2004-03-26 22:00:00,-0.6328501982381681,-0.9066818342185295,-0.7012796931439136,-0.7812901861649013,-0.5435641705817479
2004-03-26 23:00:00,-0.7027333348312792,-0.9426878644242936,-0.7532603318783136,-0.8451100978072961,-0.782888194450872
2004-03-27 00:00:00,-0.4232007884588346,-0.840670778841296,-0.6389029266626335,-0.7076518265775227,-0.5000507116964525
2004-03-27 01:00:00,-0.7726164714243904,-0.9606908795271756,-0.8468254816002337,-0.8254732019173285,-0.6741045472376337
2004-03-27 02:00:00,-0.6328501982381681,-0.9126828392528236,-0.7116758208907935,-0.800927082054869,-0.6958612766802814
2004-03-27 03:00:00,-0.7027333348312792,-0.9486888694585874,-0.7844487151189536,-0.598782691122918,-0.4129954095208426
2004-03-27 04:00:00,-0.6920050181581338,-1.014699924835821,-0.7844487151189536,-0.8892931135597233,-1.022212218319996
2004-03-27 05:00:00,-0.9123827446106128,-1.1407210305559945,-0.9819751423096736,-1.012023712872021,-1.3485631599597108
2004-03-27 06:00:00,-0.8424996080175017,-1.1527230406245823,-0.9299945035752736,-0.904020785477199,-1.1092391360905869
2004-03-27 07:00:00,-0.7027333348312792,-1.050705955041585,-0.8364293538533536,-0.8352916498623123,-0.9786987594347007
2004-03-27 08:00:00,-0.4232007884588346,-0.834669773807002,-0.4829610104594334,-0.688014930687555,-0.848158382778815
2004-03-27 09:00:00,-0.213551378679501,-0.5346195220923036,-0.2958307110155933,-0.5407382115127978,-0.5653209000243955
2004-03-27 10:00:00,-0.0039019689001675,-0.1985632401718411,-0.1710771780530332,-0.5358289875403058,-0.3695103350405666
2004-03-27 11:00:00,-0.0039019689001675,-0.3665913811320723,-0.2022655612936731,-0.5309197635678139,-0.2389699583846807
2004-03-27 12:00:00,-0.1436682420863899,-0.2465712804461929,-0.2438500722811932,-0.6241950190451602,-0.3695103350405666
2004-03-27 13:00:00,-0.0039019689001675,0.0894850014742694,-0.1398887948123932,-0.6487411389076198,-0.3042401467126237
2004-03-27 14:00:00,0.2756305774722771,0.5275583689777292,0.1304105266064869,-0.4965551957603705,0.0873809832550339
2004-03-27 15:00:00,-0.1436682420863899,-0.4025974113378361,-0.3893958607375133,-0.6143765711001764,-0.1954564994993854
2004-03-27 16:00:00,0.0659811676929437,-0.1745592200346652,0.047241504631447,-0.5701935553477492,-0.0431593934008519
2004-03-27 17:00:00,0.1358643042860546,0.0234739460970357,-0.0151352618498331,-0.4965551957603705,0.1526511715829769
2004-03-27 18:00:00,0.4153968506584996,0.0114719360284477,0.109618271112727,-0.3590969245305971,0.326705007124158
2004-03-27 19:00:00,0.625046260437833,0.5335593740120232,0.161598909847127,-0.2069109813833479,0.5007588426653393
2004-03-27 20:00:00,0.4852799872516105,0.3175231927774403,0.0888260156189668,-0.3149139087781699,0.1961646304682722
2004-03-27 21:00:00,0.0659811676929437,0.0834839964399754,-0.2646423277749531,-0.4818275238428948,-0.0649161228434995
2004-03-27 22:00:00,-0.3533176518657233,-0.5526225371951854,-0.4725648827125534,-0.6683780347975874,-0.3042401467126237
2004-03-27 23:00:00,-0.0039019689001675,-0.5706255522980673,-0.2854345832687133,-0.5309197635678139,-0.1084295817287948
2004-03-28 00:00:00,0.1358643042860546,-0.3365863559606025,-0.2542462000280732,-0.5751027793202411,-0.1736997700567378
2004-03-28 01:00:00,0.1358643042860546,-0.6966466580182408,-0.3166229665093532,-0.6241950190451602,-0.282483417269976
2004-03-28 02:00:00,-0.2834345152726122,-0.7326526882240045,-0.5245455214469534,-0.742016394384966,-0.6741045472376337
2004-03-28 03:00:00,0.0659811676929437,-0.5286185170580096,-0.3166229665093532,-0.3949548744351412,-0.3715143404311999
2004-03-28 04:00:00,-0.5629670616450568,-0.7266516831897105,-0.6492990544095135,-0.7911086341098851,-0.8916718416641102
2004-03-28 05:00:00,-0.9123827446106128,-0.9786938946300572,-0.9092022480815136,-0.9776591450645776,-1.2615362421891203
2004-03-28 06:00:00,-0.7027333348312792,-0.9246848493214116,-0.8052409706127136,-0.7911086341098851,-1.0439689477626437
2004-03-28 07:00:00,-0.4930839250519458,-0.8706758040127659,-0.8052409706127136,-0.7223794984949984,-0.8916718416641102
2004-03-28 08:00:00,-0.5629670616450568,-0.7566567083611804,-0.6908835653970335,-0.6536503628801117,-0.7611314650082243
2004-03-28 09:00:00,-0.1436682420863899,-0.5406205271265975,-0.3997919884843933,-0.5161920916503382,-0.5870776294670431
2004-03-28 10:00:00,0.1358643042860546,-0.1445541948631954,-0.2438500722811932,-0.5407382115127978,-0.347753605597919
2004-03-28 11:00:00,0.1358643042860546,-0.1745592200346652,-0.1918694335467932,-0.5505566594577815,-0.3042401467126237
2004-03-28 12:00:00,-0.213551378679501,-0.3965964063035422,-0.3789997329906333,-0.7174702745225064,-0.5218074411391002
2004-03-28 13:00:00,-0.4930839250519458,-0.6846446479496527,-0.5869222879282334,-0.8451100978072961,-0.8264016533361672
2004-03-28 14:00:00,-0.7726164714243904,-0.9726928895957634,-0.7844487151189536,-0.9236576813671666,-1.2397795127464726
2004-03-28 15:00:00,-0.4930839250519458,-0.6786436429153588,-0.6804874376501535,-0.8254732019173285,-0.9786987594347007
2004-03-28 16:00:00,-0.5629670616450568,-0.6066315825038312,-0.7324680763845536,-0.8107455299998527,-0.8699151122214626
2004-03-28 17:00:00,-0.5629670616450568,-0.7446546982925925,-0.7532603318783136,-0.7911086341098851,-0.7611314650082243
2004-03-28 18:00:00,-0.4930839250519458,-0.7446546982925925,-0.6908835653970335,-0.746925618357458,-0.5218074411391002
2004-03-28 19:00:00,-0.1436682420863899,-0.3725923861663663,-0.5349416491938335,-0.7125610505500146,-0.347753605597919
2004-03-28 20:00:00,-0.213551378679501,-0.6126325875381251,-0.6077145434219935,-0.6536503628801117,-0.1519430406140901
2004-03-28 21:00:00,-0.7027333348312792,-0.852672788909884,-0.8364293538533536,-0.8402008738348042,-0.6305910883523385
2004-03-28 22:00:00,-0.7027333348312792,-0.9126828392528236,-0.8468254816002337,-0.8598377697247719,-0.6523478177949861
2004-03-28 23:00:00,-0.7027333348312792,-0.9606908795271756,-0.8780138648408736,-0.8598377697247719,-0.717618006122929
2004-03-29 00:00:00,-0.8424996080175017,-1.062707965110173,-0.9507867590690338,-0.9432945772571344,-1.1309958655332344
2004-03-29 01:00:00,-1.0521490177968351,-1.1407210305559945,-1.0443519087909536,-1.066025176569432,-1.7184275604847208
2004-03-29 02:00:00,-1.1220321543899463,-1.1647250506931703,-1.0651441642847137,-1.06111595259694,-1.5661304543861874
2004-03-29 03:00:00,-0.982265881203724,-1.1347200255217005,-1.0443519087909536,-0.5700304039529114,-0.4212248950883748
2004-03-29 04:00:00,-1.0521490177968351,-1.1767270607617584,-1.054748036537834,-0.9776591450645776,-1.1092391360905869
2004-03-29 05:00:00,-0.982265881203724,-1.1047150003502306,-1.0027673978034335,-0.8991115615047072,-0.8699151122214626
2004-03-29 06:00:00,-0.8424996080175017,-1.062707965110173,-0.8780138648408736,-0.796017858082377,-0.7611314650082243
2004-03-29 07:00:00,0.5551631238447217,0.371532238086086,0.3071446983034471,-0.2805493409707265,-0.1519430406140901
2004-03-29 08:00:00,1.3937607629620554,3.1559985739984886,0.8685355966349674,0.1023701288836424,0.5225155721079869
2004-03-29 09:00:00,-0.4232007884588346,-0.4206004264407181,-0.6077145434219935,-0.5898304512377168,-0.2607266878273284
2004-03-29 10:00:00,-0.4232007884588346,-0.7206506781554166,-0.5973184156751135,-0.5849212272652249,-0.282483417269976
2004-03-29 11:00:00,-0.4232007884588346,-0.5946295724352432,-0.5765261601813535,-0.5652843313752572,-0.2607266878273284
2004-03-29 12:00:00,-0.4930839250519458,-0.7566567083611804,-0.6077145434219935,-0.7174702745225064,-0.6958612766802814
2004-03-29 13:00:00,-0.3533176518657233,-0.426601431475012,-0.5037532659531934,-0.7223794984949984,-0.5870776294670431
2004-03-29 14:00:00,-0.4232007884588346,-0.4686084667150698,-0.6077145434219935,-0.6634688108250955,-0.3912670644832143
2004-03-29 15:00:00,-0.4930839250519458,-0.3725923861663663,-0.6389029266626335,-0.6683780347975874,-0.6305910883523385
2004-03-29 16:00:00,-0.4232007884588346,-0.5346195220923036,-0.5765261601813535,-0.7076518265775227,-0.4347805233685096
2004-03-29 17:00:00,-0.1436682420863899,-0.3065813307891326,-0.3582074774968732,-0.688014930687555,-0.3259968761552713
2004-03-29 18:00:00,0.2756305774722771,0.4915523387719654,-0.1190965393186332,-0.5505566594577815,0.0873809832550339
2004-03-29 19:00:00,-0.0039019689001675,-0.3245843458920145,-0.3270190942562334,-0.6389226909626359,-0.0866728522861472
2004-03-29 20:00:00,-0.3533176518657233,-0.3785933912006602,-0.5869222879282334,-0.7027426026050307,-0.2389699583846807
2004-03-29 21:00:00,-0.6328501982381681,-0.8226677637384141,-0.7844487151189536,-0.7861994101373933,-0.4347805233685096
2004-03-29 22:00:00,-0.7027333348312792,-0.9546898744928816,-0.7636564596251936,-0.8696562176697556,-0.6088343589096907
2004-03-29 23:00:00,-0.7726164714243904,-0.9726928895957634,-0.8884099925877535,-0.8991115615047072,-0.782888194450872
2004-03-30 00:00:00,-0.7726164714243904,-1.1047150003502306,-0.9092022480815136,-0.8892931135597233,-0.7393747355655766
2004-03-30 01:00:00,-0.982265881203724,-1.1047150003502306,-0.9923712700565536,-0.967840697119594,-0.9569420299920532
2004-03-30 02:00:00,-0.982265881203724,-1.1107160053845246,-1.0027673978034335,-0.9432945772571344,-0.8046449238935196
2004-03-30 03:00:00,-0.9123827446106128,-1.1527230406245823,-1.0339557810440738,-0.5721883395850459,-0.2352519333084946
2004-03-30 04:00:00,-1.0308049491265483,-1.128719020487407,-1.0443519087909536,-0.967840697119594,-0.8916718416641102
2004-03-30 05:00:00,-0.982265881203724,-1.1467220355902883,-0.9403906313221536,-0.9138392334221828,-0.848158382778815
2004-03-30 06:00:00,-0.7027333348312792,-0.7866617335326502,-0.6285067989157536,-0.6241950190451602,-0.2607266878273284
2004-03-30 07:00:00,0.3455137140653883,0.4615473136004955,0.213579548581527,-0.2314571012458074,0.1091377126976816
2004-03-30 08:00:00,1.323877626368945,2.6819191762892647,1.2947768342570478,0.0287317692962637,0.4354886543373963
2004-03-30 09:00:00,1.463643899555167,2.867950332352378,1.0556658960788077,0.2201915042234482,0.8706232431903492
2004-03-30 10:00:00,1.813059582520723,3.1079905337241365,1.0036852573444075,0.4018327912056488,1.0664338081741782
2004-03-30 11:00:00,1.2539944897758333,2.591904100774855,0.7333859359255273,0.0532778891587233,0.7835963254197587
2004-03-30 12:00:00,1.1142282165896111,2.213840783614335,0.7853665746599272,-0.0939988300160339,0.6095424898785775
2004-03-30 13:00:00,0.9045788068102776,1.973800582242576,0.5982362752160875,-0.1872740854933802,0.391975195452101
2004-03-30 14:00:00,0.0659811676929437,0.167498066920091,-0.0983042838248731,-0.4916459717878786,-0.282483417269976
2004-03-30 15:00:00,-0.1436682420863899,-0.234569270377605,-0.3478113497499933,-0.5898304512377168,-0.4130237939258619
2004-03-30 16:00:00,-0.3533176518657233,-0.5226175120237155,-0.5349416491938335,-0.6831057067150631,-0.6305910883523385
2004-03-30 17:00:00,-0.0039019689001675,-0.3965964063035422,-0.1710771780530332,-0.6192857950726682,-0.2389699583846807
2004-03-30 18:00:00,0.0659811676929437,0.3295252028460282,-0.1814733057999132,-0.5947396752102088,-0.1954564994993854
2004-03-30 19:00:00,0.4153968506584996,0.5035543488405534,0.0576376323783269,-0.5358289875403058,-0.0866728522861472
2004-03-30 20:00:00,0.2057474408791658,0.1194900266457392,-0.2750384555218333,-0.5211013156228301,-0.1736997700567378
2004-03-30 21:00:00,-0.5629670616450568,-0.7326526882240045,-0.6908835653970335,-0.8107455299998527,-0.5653209000243955
2004-03-30 22:00:00,-0.6328501982381681,-0.8946798241499417,-0.7844487151189536,-0.8352916498623123,-0.6305910883523385
2004-03-30 23:00:00,-0.4232007884588346,-0.6966466580182408,-0.6908835653970335,-0.7763809621924094,-0.4130237939258619
2004-03-31 00:00:00,-0.5629670616450568,-0.8166667587041201,-0.7844487151189536,-0.8352916498623123,-0.6088343589096907
2004-03-31 01:00:00,-0.7726164714243904,-1.0026979147672332,-0.8988061203346337,-0.9531130252021182,-1.0004554888773485
2004-03-31 02:00:00,-0.8424996080175017,-0.9066818342185295,-0.8884099925877535,-0.9383853532846425,-0.8699151122214626
2004-03-31 03:00:00,-1.1220321543899463,-1.1707260557274644,-1.0755402920315935,-0.5429636025310898,-0.4750624758390903
2004-03-31 04:00:00,-1.1220321543899463,-1.1947300758646402,-1.0963325475253538,-1.0954805204043836,-1.827211207697959
2004-03-31 05:00:00,-1.0521490177968351,-1.1167170104188189,-1.0235596532971938,-0.9531130252021182,-1.1309958655332344
2004-03-31 06:00:00,-0.7726164714243904,-0.9606908795271756,-0.8156370983595936,-0.7518348423299498,-0.3695103350405666
2004-03-31 07:00:00,0.6949293970309441,0.7495955552466061,0.4422943590128871,-0.1529095176859368,0.0003540654844433
2004-03-31 08:00:00,1.3937607629620554,2.5618990756033853,0.8893278521287273,-0.0399973663186229,0.1091377126976816
2004-03-31 09:00:00,0.0659811676929437,-0.0065310790744341,-0.2854345832687133,-0.2805493409707265,0.326705007124158
2004-03-31 10:00:00,-0.2834345152726122,-0.6006305774695372,-0.5037532659531934,-0.4621906279529272,0.1744079010256245
2004-03-31 11:00:00,-0.1436682420863899,-0.3665913811320723,-0.3789997329906333,-0.4818275238428948,-0.0214026639582042
2004-03-31 12:00:00,0.5551631238447217,0.6895855049036664,-0.004739134102953,-0.1676371896034126,0.2831915482388628
2004-03-31 13:00:00,0.0659811676929437,0.0894850014742694,-0.2334539445343132,-0.4376445080904676,0.0873809832550339
2004-03-31 14:00:00,0.3455137140653883,0.4675483186347895,-0.0151352618498331,-0.3296415806956456,0.0873809832550339
2004-03-31 15:00:00,0.6949293970309441,1.0136397767555407,0.223975676328407,-0.2118202053558398,0.1961646304682722
2004-03-31 16:00:00,0.1358643042860546,0.365531233051792,-0.1294926670655132,-0.4229168361729919,0.022110794927091
2004-03-31 17:00:00,0.2057474408791658,0.2755161575373824,-0.004739134102953,-0.5407382115127978,-0.1519430406140901
2004-03-31 18:00:00,0.4852799872516105,0.6295754545607267,0.047241504631447,-0.5751027793202411,-0.1519430406140901
2004-03-31 19:00:00,0.4153968506584996,0.0534789712685055,0.0160531213908069,-0.472009075897911,-0.0649161228434995
2004-03-31 20:00:00,0.1358643042860546,0.0234739460970357,-0.2126616890405531,-0.526010539595322,-0.1084295817287948
2004-03-31 21:00:00,-0.4232007884588346,-0.648638617743889,-0.6077145434219935,-0.7714717382199174,-0.4130237939258619
2004-03-31 22:00:00,-0.4930839250519458,-0.6726426378810648,-0.6492990544095135,-0.8745654416422476,-0.6741045472376337
2004-03-31 23:00:00,-0.6328501982381681,-0.7986637436012383,-0.6804874376501535,-0.8892931135597233,-0.6741045472376337
2004-04-01 00:00:00,-0.3533176518657233,-0.6666416328467709,-0.5245455214469534,-0.6978333786325388,-0.5218074411391002
2004-04-01 01:00:00,-0.6328501982381681,-0.7026476630525347,-0.6492990544095135,-0.7518348423299498,-0.8699151122214626
2004-04-01 02:00:00,-0.7027333348312792,-0.8766768090470598,-0.7532603318783136,-0.9236576813671666,-1.1962660538611771
2004-04-01 03:00:00,-0.8424996080175017,-0.8706758040127659,-0.7636564596251936,-0.5354568405570396,-0.5253339129790741
2004-04-01 04:00:00,-0.982265881203724,-1.0387039449729971,-0.9299945035752736,-0.8892931135597233,-1.3268064305170633
2004-04-01 05:00:00,-0.8424996080175017,-1.032702939938703,-0.8780138648408736,-0.85492854575228,-1.3050497010744155
2004-04-01 06:00:00,-0.2834345152726122,-0.4986134918865397,-0.4101881162312733,-0.4180076122005,-0.9351853005494056
2004-04-01 07:00:00,1.463643899555167,1.7277593758365235,0.8789317243818475,0.5098357186004708,-0.347753605597919
2004-04-01 08:00:00,2.8613066314173903,4.950299079252385,2.136863181754328,0.6865677816101796,0.1961646304682722
2004-04-01 09:00:00,1.7431764459276111,3.1199925437927245,1.0036852573444075,0.3232852076457783,0.6312992193212251
2004-04-01 10:00:00,0.4852799872516105,0.9476287213783072,0.0368453768845668,-0.2265478772733155,0.0656242538123863
2004-04-01 11:00:00,-0.3533176518657233,-0.5586235422294794,-0.4725648827125534,-0.5309197635678139,-0.4782939822538049
2004-04-01 12:00:00,-0.2834345152726122,-0.4806104767836578,-0.4101881162312733,-0.6487411389076198,-0.8046449238935196
2004-04-01 13:00:00,-0.2834345152726122,-0.228568265343311,-0.2854345832687133,-0.6683780347975874,-0.8046449238935196
2004-04-01 14:00:00,-0.2834345152726122,0.0294749511313296,3.094885167422515,-0.6831057067150631,-0.8264016533361672
2004-04-01 15:00:00,-0.1436682420863899,-0.1205501747260195,3.081067102577066,-0.6389226909626359,-0.6305910883523385
2004-04-01 16:00:00,0.1358643042860546,0.6115724394578448,3.0756323592816543,-0.526010539595322,-0.3695103350405666
2004-04-01 17:00:00,0.8346956702171663,1.0256417868241288,0.5254633809879271,-0.3689153724755809,-0.0866728522861472
2004-04-01 18:00:00,1.463643899555167,2.231843798717217,1.0244775128381676,-0.1332726217959692,0.4790021132226916
2004-04-01 19:00:00,2.372124675265612,3.738096062325004,1.4195303672196078,0.1416439206635776,1.1752174553874164
2004-04-01 20:00:00,1.952825855706945,2.627910130980619,0.9205162353693674,0.1514623686085615,1.1099472670594734
2004-04-01 21:00:00,0.2756305774722771,0.2215071122287367,-0.056719772837353,-0.4130983882280081,0.3049482776815104
2004-04-01 22:00:00,-0.0737851054932787,-0.1745592200346652,-0.1502849225592731,-0.5456474354852896,0.0656242538123863
2004-04-01 23:00:00,-0.0737851054932787,-0.5826275623666552,-0.2958307110155933,-0.5701935553477492,-0.1519430406140901
2004-04-02 00:00:00,-0.0737851054932787,-0.3605903760977784,-0.3478113497499933,-0.5505566594577815,-0.1301863111714425
2004-04-02 01:00:00,-0.5629670616450568,-0.7746597234640623,-0.5973184156751135,-0.7567440663024417,-0.3695103350405666
2004-04-02 02:00:00,-0.7726164714243904,-0.8946798241499417,-0.8468254816002337,-0.8843838895872314,-1.087482406647939
2004-04-02 03:00:00,-0.8424996080175017,-0.9606908795271756,-0.8364293538533536,-0.6019957922957709,-0.5245539228083969
2004-04-02 04:00:00,-0.978231905441673,-1.0867119852473488,-0.8884099925877535,-0.9874775930095616,-1.2615362421891203
2004-04-02 05:00:00,-0.982265881203724,-0.9966969097329392,-0.9092022480815136,-0.8942023375322152,-0.9569420299920532
2004-04-02 06:00:00,-0.7027333348312792,-0.7446546982925925,-0.7324680763845536,-0.7223794984949984,-0.6088343589096907
2004-04-02 07:00:00,0.3455137140653883,0.4015372632575558,0.171995037594007,-0.3885522683655485,-0.0214026639582042
2004-04-02 08:00:00,1.2539944897758333,1.613740280184938,0.9309123631162476,-0.2363663252182993,0.0873809832550339
2004-04-02 09:00:00,2.022708992300056,3.4860538508846566,0.9724968741037674,0.0532778891587233,0.6312992193212251
2004-04-02 10:00:00,0.8346956702171663,1.841778471488109,0.4734827422535272,-0.2069109813833479,0.3702184660094534
2004-04-02 11:00:00,0.5551631238447217,1.5057221895676465,0.296748570556567,-0.2854585649432184,0.3702184660094534
2004-04-02 12:00:00,0.6949293970309441,1.421708119087531,0.4734827422535272,-0.3492784765856133,0.5442723015506346
2004-04-02 13:00:00,0.625046260437833,1.4637151543275886,0.4942749977472873,-0.3885522683655485,0.4354886543373963
2004-04-02 14:00:00,0.4153968506584996,1.0436448019270106,0.348729209290967,-0.4229168361729919,0.3484617365668057
2004-04-02 15:00:00,0.4153968506584996,0.7195905300751363,0.2759563150628071,-0.4376445080904676,0.2396780893535675
2004-04-02 16:00:00,0.3455137140653883,0.4795503287033775,0.234371804075287,-0.4670998519254191,0.2614348187962151
2004-04-02 17:00:00,1.1142282165896111,2.225842793682923,0.8685355966349674,-0.2609124450807589,0.6095424898785775
2004-04-02 18:00:00,1.6732933093345004,3.023976463244021,1.242796195522648,-0.0743619341260663,1.196974184830064
2004-04-02 19:00:00,1.813059582520723,2.957965407866787,1.325965217497688,-0.1136357259060016,0.95765016096094
2004-04-02 20:00:00,2.372124675265612,3.420042795507423,1.4611148782071277,0.1612808165535453,1.2622443731580069
2004-04-02 21:00:00,0.625046260437833,1.187668922750066,0.286352442809687,-0.2854585649432184,0.7835963254197587
2004-04-02 22:00:00,-0.1436682420863899,0.167498066920091,-0.1294926670655132,-0.6045581231551925,0.3049482776815104
2004-04-02 23:00:00,0.1358643042860546,0.4615473136004955,0.0784298878720869,-0.4376445080904676,0.3049482776815104
2004-04-03 00:00:00,-0.3533176518657233,-0.4686084667150698,-0.2438500722811932,-0.688014930687555,-0.0866728522861472
2004-04-03 01:00:00,-0.5629670616450568,-0.7146496731211226,-0.5245455214469534,-0.8107455299998527,-0.4782939822538049
2004-04-03 02:00:00,-0.6328501982381681,-0.7746597234640623,-0.6285067989157536,-0.8303824258898204,-0.5870776294670431
2004-04-03 03:00:00,-0.8424996080175017,-0.9066818342185295,-0.7844487151189536,-0.590873406641907,-0.44211349331318
2004-04-03 04:00:00,-0.9123827446106128,-0.9606908795271756,-0.8676177370939936,-0.8745654416422476,-0.782888194450872
2004-04-03 05:00:00,-0.9123827446106128,-0.9606908795271756,-0.8364293538533536,-0.8942023375322152,-1.0004554888773485
2004-04-03 06:00:00,-0.8424996080175017,-0.9426878644242936,-0.8156370983595936,-0.8107455299998527,-0.8916718416641102
2004-04-03 07:00:00,-0.0737851054932787,-0.1025471596231376,-0.1918694335467932,-0.3885522683655485,-0.4130237939258619
2004-04-03 08:00:00,0.625046260437833,1.4037051039846489,0.4007098480253671,-0.1725464135759045,-0.3042401467126237
2004-04-03 09:00:00,0.6949293970309441,1.2296759579901235,0.3071446983034471,-0.1332726217959692,-0.0866728522861472
2004-04-03 10:00:00,0.4171708272990437,0.0992869055254168,-0.0151352618498331,-0.3012211770218872,0.0394719253678866
2004-04-03 11:00:00,0.336569120974093,0.1203373059972761,0.0056569936439269,-0.3552418173754408,0.0879431936632237
2004-04-03 12:00:00,0.5067838724364374,0.3030909661315488,0.213579548581527,-0.4236734900936789,0.1895469143319541
2004-04-03 13:00:00,0.1218465032215264,-0.1087327658865139,-0.0775120283311131,-0.5837206262639567,-0.1687306732809573
2004-04-03 14:00:00,0.1065937896857017,-0.0830739275886361,-0.056719772837353,-0.565078407048164,-0.1166130878800092
2004-04-03 15:00:00,0.2145104242948476,0.1530506399745826,0.0576376323783269,-0.5242279345710088,0.0299246398503636
2004-04-03 16:00:00,0.4305036433191843,0.3660385201594884,0.223975676328407,-0.517440372111117,0.1530933707348568
2004-04-03 17:00:00,0.6798047433085842,0.8378074723269441,0.4007098480253671,-0.3196977353976047,0.5475688763090192
2004-04-03 18:00:00,1.1864972378000176,1.2098696013170305,0.5982362752160875,-0.1194270011522376,0.9287940104500088
2004-04-03 19:00:00,2.344561658167666,2.5928142873904694,1.5962645389165675,0.0434764455143033,1.2463351631306852
2004-04-03 20:00:00,1.053049781701604,0.9009066630787728,0.296748570556567,-0.248038092107122,0.4586310739151393
2004-04-03 21:00:00,0.1243055648750873,-0.2398215233036619,-0.2958307110155933,-0.7215758767485247,-0.2416223233425975
2004-04-03 22:00:00,0.8842232612642252,0.6202836762274451,0.3071446983034471,-0.3146703802269222,0.2480604523305897
2004-04-03 23:00:00,0.1923510448111225,-0.1775617370493518,-0.2126616890405531,-0.6847295050556959,-0.225286849267968
2004-04-04 00:00:00,-0.0163031439458483,-0.4041813558123726,-0.3686036052437533,-0.6285593563114767,-0.2238043865707307
2004-04-04 01:00:00,-0.1913008111448922,-0.5679691168038751,-0.4829610104594334,-0.7044735205483348,-0.409588284974488
2004-04-04 02:00:00,-0.4811843426011593,-0.6816337066725279,-0.6181106711688734,-0.7103041978302386,-0.5395936736924951
2004-04-04 03:00:00,-0.558946689947239,-0.6122751973609881,-0.5973184156751135,-0.7193343054266125,-0.6499153904783009
2004-04-04 04:00:00,-0.7807358818001556,-0.8186811188916036,-0.8156370983595936,-0.6951375228138433,-0.8174076147305122
2004-04-04 05:00:00,-0.90762818664161,-0.8416637887762082,-0.8676177370939936,-0.6999119483772396,-0.891059502072787
2004-04-04 06:00:00,-0.7718909491010331,-0.7790900613939672,-0.7220719486376735,-0.6311107879385986,-0.806338194744994
2004-04-04 07:00:00,-0.8459941947122609,-0.8194197069440727,-0.8156370983595936,-0.6526626527255509,-0.7709934688410492
2004-04-04 08:00:00,-0.7887220006708833,-0.7872463498754458,-0.7428642041314335,-0.7232849213184162,-0.7990507062446235
2004-04-04 09:00:00,-0.091080844572566,-0.3654682071856818,-0.3478113497499933,-0.7536683104383286,-0.6643884492060486
2004-04-04 10:00:00,0.0175315716928756,-0.3350283252498708,-0.2438500722811932,-0.6632617254113999,-0.4646727876579822
2004-04-04 11:00:00,-0.1597757040597058,-0.390542658060939,-0.3374152220031133,-0.6826654301663216,-0.5204310464816719
2004-04-04 12:00:00,-0.08396791002062,-0.270760268084731,-0.2854345832687133,-0.6623667523674035,-0.4302836700563547
2004-04-04 13:00:00,-0.3748891991507949,-0.4854675219196754,-0.4413764994719134,-0.6812451590707643,-0.5981012360269161
2004-04-04 14:00:00,-0.6194261275213913,-0.5974416736484037,-0.5973184156751135,-0.7205573790717977,-0.6288662792730648
2004-04-04 15:00:00,0.0598178018228849,-0.2067142634892959,-0.1398887948123932,-0.6466169122413609,-0.2712667635578371
2004-04-04 16:00:00,0.1964910789575878,-0.056520835519321,-0.0879081560779931,-0.6294319690747757,-0.1868545308624768
2004-04-04 17:00:00,0.1573923485561696,-0.0434582840642097,-0.1294926670655132,-0.5906314511757335,-0.0500250996020756
2004-04-04 18:00:00,0.152495718504235,0.047446192113928,-0.1398887948123932,-0.6067342990833063,-0.1612277288875162
2004-04-04 19:00:00,0.8897943463316497,0.6827503147518429,0.171995037594007,-0.3063104817809677,0.2931582921861157
2004-04-04 20:00:00,0.5589849911686625,0.0429603639336145,-0.0879081560779931,-0.6775353375585317,-0.2309997502477928
2004-04-04 21:00:00,-0.4305739746743662,-0.6435152010922957,-0.6389029266626335,-0.7997697783475476,-0.5577565390820821
2004-04-04 22:00:00,-0.1898171933866339,-0.4550046563982992,-0.4621687549656733,-0.8470230441663282,-0.6828578993679787
2004-04-04 23:00:00,-0.2664749706919058,-0.4985205502955087,-0.5141493937000734,-0.7906049097964846,-0.5970085194290085
2004-04-05 00:00:00,-0.475047101866088,-0.6970481840051087,-0.6908835653970335,-0.6605703266670813,-0.4922146240230478
2004-04-05 01:00:00,-0.8277490452347486,-0.9068553557111444,-0.9299945035752736,-0.6425565923928355,-0.6442722055809796
2004-04-05 02:00:00,-0.9154992166284568,-0.9101224586640416,-0.9507867590690338,-0.7162047650347245,-0.7633077687170451
2004-04-05 03:00:00,-1.162961435345078,-0.9252141127659036,-1.0651441642847137,-0.6595504057229061,-0.7458369184416426
2004-04-05 04:00:00,-1.1808434279517563,-0.9252141127659036,-1.0859364197784738,-0.6426416513500615,-0.704861290950151
2004-04-05 05:00:00,-0.9274537151793188,-0.8285435952210436,-0.8572216093471137,-0.7269176242076067,-0.8894681494943059
2004-04-05 06:00:00,-0.5584515953132152,-0.5994301658561174,-0.5349416491938335,-0.6196014608108897,-0.7612157882699191
2004-04-05 07:00:00,0.5008069147361737,0.3357598895949144,0.1927872930877669,-0.2787116030600035,-0.2772160352554837
2004-04-05 08:00:00,1.809636190151092,2.3345754815183484,1.5026993891946478,0.7167235228472124,0.3291218313176162
2004-04-05 09:00:00,1.2317512032896871,1.436513943458946,0.7125936804317673,-0.0266383533245084,0.1227277010470502
2004-04-05 10:00:00,0.6949293970309441,1.2416779680587118,0.3071446983034471,-0.0105420224836715,0.3049482776815104
2004-04-05 11:00:00,0.625046260437833,0.7315925401437242,0.244767931822167,-0.0498158142636067,0.2396780893535675
2004-04-05 12:00:00,0.7648125336240554,1.367699073778885,0.4526904867597671,-0.1578187416584288,0.0873809832550339
2004-04-05 13:00:00,0.6949293970309441,1.9077895268653424,0.4215021035191272,-0.2461847731632831,0.0873809832550339
2004-04-05 14:00:00,0.2756305774722771,0.365531233051792,0.1304105266064869,-0.3934614923380404,-0.0866728522861472
2004-04-05 15:00:00,-0.0039019689001675,0.2335091222973246,-0.1606810503061531,-0.5603751074027654,-0.4565372528111572
2004-04-05 16:00:00,-0.0737851054932787,0.167498066920091,-0.1814733057999132,-0.688014930687555,-0.6088343589096907
2004-04-05 17:00:00,0.7648125336240554,1.4457121392247068,0.5150672532410473,-0.3836430443930566,0.022110794927091
2004-04-05 18:00:00,1.3937607629620554,2.957965407866787,0.8789317243818475,-0.2167294293283317,0.4790021132226916
2004-04-05 19:00:00,1.2539944897758333,2.7659332467693805,0.6918014249380073,-0.3149139087781699,0.2396780893535675
2004-04-05 20:00:00,0.6949293970309441,1.3136900284702393,0.234371804075287,-0.3983707163105323,0.1308944421403292
2004-04-05 21:00:00,-0.0737851054932787,-0.234569270377605,-0.2750384555218333,-0.634013466990144,-0.2172132289420331
2004-04-05 22:00:00,-0.2834345152726122,-0.3425873609948964,-0.3789997329906333,-0.7518348423299498,-0.4565372528111572
2004-04-05 23:00:00,-0.3533176518657233,-0.2405702754118989,-0.4205842439781533,-0.7272887224674903,-0.3912670644832143
2004-04-06 00:00:00,-0.7726164714243904,-0.6966466580182408,-0.7532603318783136,-0.8696562176697556,-0.848158382778815
2004-04-06 01:00:00,-0.9123827446106128,-0.9066818342185295,-0.8988061203346337,-0.9923868169820534,-1.2832929716317678
2004-04-06 02:00:00,-1.1220321543899463,-1.062707965110173,-1.0235596532971938,-1.0463882806794644,-1.5443737249435396
2004-04-06 03:00:00,-1.1220321543899463,-0.9786938946300572,-0.9819751423096736,-0.7024406451795987,-0.7744495606358289
2004-04-06 04:00:00,-1.1220321543899463,-1.068708970144467,-0.9923712700565536,-1.0512975046519564,-1.6314006427141303
2004-04-06 05:00:00,-0.9123827446106128,-0.9306858543557056,-0.8260332261064736,-0.8107455299998527,-1.0004554888773485
2004-04-06 06:00:00,-0.2834345152726122,-0.5826275623666552,-0.2958307110155933,-0.364006148503089,-0.347753605597919
2004-04-06 07:00:00,1.6732933093345004,2.2918538490601565,1.325965217497688,0.4460158069580761,0.5225155721079869
2004-04-06 08:00:00,2.8613066314173903,5.202341290692733,2.3239934811981686,0.3134667597007945,0.4137319248947487
2004-04-06 09:00:00,1.6034101727413894,3.3540317401301896,1.1076465348132076,0.0876424569661666,0.326705007124158
2004-04-06 10:00:00,0.5551631238447217,1.5177241996362345,0.286352442809687,-0.2756401169982346,-0.0649161228434995
2004-04-06 11:00:00,-0.3533176518657233,-0.2885783156862507,-0.3893958607375133,-0.6536503628801117,-0.6958612766802814
2004-04-06 12:00:00,0.3455137140653883,0.5215573639434352,0.3279369537972071,-0.5014644197328625,-0.4130237939258619
2004-04-06 13:00:00,0.5551631238447217,1.1276588724071264,0.234371804075287,-0.3492784765856133,0.1308944421403292
2004-04-06 14:00:00,0.2756305774722771,0.4795503287033775,0.0160531213908069,-0.3541877005581051,0.457245383780044
2004-04-06 15:00:00,-0.1436682420863899,0.0174729410627417,-0.2230578167874333,-0.6045581231551925,0.0656242538123863
2004-04-06 16:00:00,-0.1436682420863899,0.0534789712685055,-0.108700411571753,-0.634013466990144,-0.2607266878273284
2004-04-06 17:00:00,0.4153968506584996,1.4337101291561187,0.2759563150628071,-0.4670998519254191,0.1308944421403292
2004-04-06 18:00:00,0.625046260437833,1.5177241996362345,0.3799175925316071,-0.3885522683655485,0.2179213599109198
2004-04-06 19:00:00,0.8346956702171663,1.7157573657679357,0.3903137202784871,-0.2805493409707265,0.3484617365668057
2004-04-06 20:00:00,0.7648125336240554,1.4517131442590008,0.3591253370378472,-0.2952770128882022,0.3484617365668057
2004-04-06 21:00:00,-0.213551378679501,0.0594799763027995,-0.2958307110155933,-0.7223794984949984,-0.4347805233685096
2004-04-06 22:00:00,-0.5629670616450568,-0.3905954012692482,-0.5661300324344735,-0.796017858082377,-0.6305910883523385
2004-04-06 23:00:00,-0.7027333348312792,-0.7386536932582985,-0.6804874376501535,-0.8451100978072961,-0.782888194450872
2004-04-07 00:00:00,-0.8424996080175017,-0.7446546982925925,-0.7636564596251936,-0.8942023375322152,-0.9351853005494056
2004-04-07 01:00:00,-0.982265881203724,-1.0086989198015273,-0.9403906313221536,-0.9972960409545452,-1.392076618845006
2004-04-07 02:00:00,-1.1919152909830577,-1.122718015453113,-1.0339557810440738,-1.066025176569432,-1.7401842899273685
2004-04-07 03:00:00,-1.2617984275761684,-1.122718015453113,-1.1067286752722338,-0.5143601966270336,-0.5317645576273408
2004-04-07 04:00:00,-1.2617984275761684,-1.122718015453113,-1.1067286752722338,-1.1102081923218592,-1.9795083137964928
2004-04-07 05:00:00,-1.2617984275761684,-1.1107160053845246,-1.0963325475253538,-1.06111595259694,-1.6966708310420733
2004-04-07 06:00:00,-0.9123827446106128,-0.9486888694585874,-0.8052409706127136,-0.8991115615047072,-1.0657256772052914
2004-04-07 07:00:00,0.4852799872516105,0.359530228017498,0.161598909847127,-0.4229168361729919,0.022110794927091
2004-04-07 08:00:00,0.6949293970309441,1.421708119087531,0.4526904867597671,-0.4180076122005,-0.1736997700567378
2004-04-07 09:00:00,0.1358643042860546,-0.0365361042459039,-0.2854345832687133,-0.4229168361729919,0.1308944421403292
2004-04-07 10:00:00,-0.3533176518657233,-0.1265511797603135,-0.4101881162312733,-0.6192857950726682,-0.3042401467126237
2004-04-07 11:00:00,-0.4232007884588346,-0.642637612709595,-0.4933571382063134,-0.5849212272652249,-0.282483417269976
2004-04-07 12:00:00,-0.3533176518657233,-0.3185833408577206,-0.3686036052437533,-0.5701935553477492,0.0003540654844433
2004-04-07 13:00:00,-0.213551378679501,-0.3965964063035422,-0.2334539445343132,-0.6045581231551925,-0.1519430406140901
2004-04-07 14:00:00,-0.4930839250519458,-0.630635602641007,-0.5453377769407135,-0.7567440663024417,-0.6741045472376337
2004-04-07 15:00:00,-0.1436682420863899,-0.6006305774695372,-0.3997919884843933,-0.4523721800079434,-0.1301863111714425
2004-04-07 16:00:00,-0.6328501982381681,-0.5826275623666552,-0.5661300324344735,-0.850019321779788,-0.8916718416641102
2004-04-07 17:00:00,0.1358643042860546,0.2035040971258548,0.1408066543533669,-0.5800120032927331,-0.3042401467126237
2004-04-07 18:00:00,0.8346956702171663,1.3076890234359453,0.223975676328407,-0.2609124450807589,0.2396780893535675
2004-04-07 19:00:00,0.6949293970309441,0.7675985703494881,0.3279369537972071,-0.3983707163105323,0.4137319248947487
2004-04-07 20:00:00,0.8346956702171663,0.7555965602809,-0.0359275173435931,-0.3149139087781699,0.1308944421403292
2004-04-07 21:00:00,-0.6328501982381681,-0.9306858543557056,-0.8468254816002337,-0.8647469936972637,-0.848158382778815
2004-04-07 22:00:00,-0.5629670616450568,-0.8826778140813538,-0.7324680763845536,-0.7714717382199174,-0.5435641705817479
2004-04-07 23:00:00,-0.1436682420863899,-0.6186335925724191,-0.4413764994719134,-0.5898304512377168,-0.1954564994993854
2004-04-08 00:00:00,-0.4930839250519458,-0.7746597234640623,-0.6804874376501535,-0.7027426026050307,-0.282483417269976
2004-04-08 01:00:00,-0.4232007884588346,-0.7326526882240045,-0.5869222879282334,-0.7567440663024417,-0.4565372528111572
2004-04-08 02:00:00,-0.7027333348312792,-0.8046647486355322,-0.7532603318783136,-0.8942023375322152,-0.8264016533361672
2004-04-08 03:00:00,-0.9123827446106128,-0.9246848493214116,-0.8364293538533536,-0.4672402310410876,-0.4100653421676198
2004-04-08 04:00:00,-1.083425727831665,-1.0747099751787608,-0.9923712700565536,-0.95802224917461,-1.152752594975882
2004-04-08 05:00:00,-0.9123827446106128,-0.8946798241499417,-0.8884099925877535,-0.8303824258898204,-1.0439689477626437
2004-04-08 06:00:00,-0.7027333348312792,-0.9486888694585874,-0.6804874376501535,-0.8058363060273609,-1.0004554888773485
2004-04-08 07:00:00,0.3455137140653883,0.0534789712685055,0.2551640595690471,-0.3787338204205647,-0.6523478177949861
2004-04-08 08:00:00,2.092592128893167,3.5100578710218326,1.637849049904088,0.342922103535746,0.1744079010256245
2004-04-08 09:00:00,1.463643899555167,2.207839778580041,0.8061588301536876,0.3036483117558107,0.4354886543373963
2004-04-08 10:00:00,0.3455137140653883,0.6415774646293146,0.0368453768845668,-0.2412755491907912,0.0656242538123863
2004-04-08 11:00:00,0.2057474408791658,0.5455613840806112,0.1408066543533669,-0.364006148503089,0.0438675243697386
2004-04-08 12:00:00,-0.0039019689001675,0.1254910316800332,-0.004739134102953,-0.5701935553477492,-0.3042401467126237
2004-04-08 13:00:00,0.3455137140653883,0.5035543488405534,0.296748570556567,-0.3541877005581051,0.326705007124158
2004-04-08 14:00:00,0.4852799872516105,0.4615473136004955,0.2655601873159271,-0.2805493409707265,0.391975195452101
2004-04-08 15:00:00,0.2756305774722771,0.8156066106238398,0.1927872930877669,-0.5456474354852896,-0.1954564994993854
2004-04-08 16:00:00,-0.1436682420863899,-0.0485381143144919,-0.0671159005842332,-0.6487411389076198,-0.3259968761552713
2004-04-08 17:00:00,1.0443450799965,1.9257925419682245,0.8685355966349674,-0.2265478772733155,0.6095424898785775
2004-04-08 18:00:00,1.7431764459276111,3.5460639012275963,1.3155690897508077,0.014004097378788,0.95765016096094
2004-04-08 19:00:00,2.931189768010501,4.542230736920396,1.845771604841688,0.4312881350406003,1.3275145614859498
2004-04-08 20:00:00,1.533527036148278,1.9617985721739883,0.4630866145066473,-0.0301789183736391,0.5660290309932822
2004-04-08 21:00:00,-0.3533176518657233,-0.4746094717493638,-0.4517726272187933,-0.7174702745225064,-0.3695103350405666
2004-04-08 22:00:00,-0.4930839250519458,-0.7506557033268865,-0.5245455214469534,-0.7027426026050307,-0.2389699583846807
2004-04-08 23:00:00,-0.0737851054932787,-0.4806104767836578,3.0499751677872027,-0.5358289875403058,-0.0866728522861472
2004-04-09 00:00:00,0.2057474408791658,-0.1685582150003713,3.0740987813246083,-0.4130983882280081,-0.0214026639582042
2004-04-09 01:00:00,-0.213551378679501,-0.3485883660291904,3.103384687147213,-0.5898304512377168,-0.282483417269976
2004-04-09 02:00:00,-0.7726164714243904,-0.8226677637384141,3.117226546840716,-0.8303824258898204,-0.5870776294670431
2004-04-09 03:00:00,-0.7726164714243904,-0.9066818342185295,3.1756452782967823,0.5906621780711561,0.3618668113068672
2004-04-09 04:00:00,-0.7726164714243904,-0.7806607284983563,3.115319786350032,-0.692924154660047,-0.6741045472376337
2004-04-09 05:00:00,-0.8424996080175017,-0.8286687687727081,3.118771625640988,-0.4572814039804352,-0.5653209000243955
2004-04-09 06:00:00,-0.4232007884588346,-0.4025974113378361,3.106719138521106,-0.3394600286406294,-0.5218074411391002
2004-04-09 07:00:00,0.3455137140653883,-0.1265511797603135,3.0764949225235925,0.0581871131312152,0.022110794927091
2004-04-09 08:00:00,0.5551631238447217,0.4915523387719654,3.271329517870184,-0.1136357259060016,0.1526511715829769
2004-04-09 09:00:00,0.4153968506584996,0.2215071122287367,3.096125672167702,-0.0056327985111796,0.2614348187962151
2004-04-09 10:00:00,0.2057474408791658,0.0534789712685055,3.0927388721280926,-0.2363663252182993,0.1961646304682722
2004-04-09 11:00:00,0.3455137140653883,0.2695151525030885,3.080554323601514,-0.0939988300160339,0.2396780893535675
2004-04-09 12:00:00,1.3937607629620554,1.7277593758365235,3.1861122353747016,0.2741929679208592,0.3702184660094534
2004-04-09 13:00:00,1.533527036148278,1.7697664110765812,3.1322450617704622,0.0729147850486909,0.5442723015506346
2004-04-09 14:00:00,0.0659811676929437,-0.3485883660291904,3.082680789855892,-0.305095460833186,0.1961646304682722
2004-04-09 15:00:00,0.9045788068102776,0.7195905300751363,3.247637384244148,0.0238225453237718,0.5877857604359299
2004-04-09 16:00:00,1.0443450799965,0.8396106307610157,3.2047166339061053,-0.1185449498784935,0.6312992193212251
2004-04-09 17:00:00,0.2756305774722771,-0.1385531898289014,3.069755031812448,-0.4769182998704029,0.1526511715829769
2004-04-09 18:00:00,0.4852799872516105,0.365531233051792,2.998125004136296,-0.3541877005581051,0.3702184660094534
2004-04-09 19:00:00,0.9045788068102776,0.5155563589091413,3.182090906053665,-0.202001757410856,0.5877857604359299
2004-04-09 20:00:00,0.625046260437833,0.1014870115428573,3.046951635761209,-0.2314571012458074,0.3702184660094534
2004-04-09 21:00:00,-0.0039019689001675,-0.5346195220923036,3.0408054265089985,-0.3885522683655485,-0.0649161228434995
2004-04-09 22:00:00,0.2057474408791658,-0.3425873609948964,3.02199877176914,-0.310004684805678,-0.1736997700567378
2004-04-09 23:00:00,0.1358643042860546,-0.2885783156862507,-0.3062268387624732,-0.3983707163105323,-0.3259968761552713
2004-04-10 00:00:00,-0.5629670616450568,-0.840670778841296,-0.6181106711688734,-0.7616532902749337,-0.6741045472376337
2004-04-10 01:00:00,-0.2834345152726122,-0.7146496731211226,-0.4621687549656733,-0.5898304512377168,-0.6958612766802814
2004-04-10 02:00:00,-0.2834345152726122,-0.6906456529839468,-0.5141493937000734,-0.6732872587700793,-0.7611314650082243
2004-04-10 03:00:00,-0.7726164714243904,-0.9126828392528236,-0.8052409706127136,-0.5487302327778301,-0.5652599814475412
2004-04-10 04:00:00,-0.9123827446106128,-0.8886788191156477,-0.8364293538533536,-0.9432945772571344,-1.2615362421891203
2004-04-10 05:00:00,-0.7726164714243904,-0.7686587184297684,-0.7636564596251936,-0.7714717382199174,-1.1962660538611771
2004-04-10 06:00:00,-0.4930839250519458,-0.4986134918865397,-0.5557339046875934,-0.6192857950726682,-0.9786987594347007
2004-04-10 07:00:00,-0.2834345152726122,-0.3605903760977784,-0.3270190942562334,-0.4327352841179757,-0.8264016533361672
2004-04-10 08:00:00,-0.0737851054932787,-0.3005803257548387,-0.1502849225592731,-0.4916459717878786,-0.7393747355655766
2004-04-10 09:00:00,-0.0737851054932787,-0.3605903760977784,-0.2646423277749531,-0.5603751074027654,-0.5653209000243955
2004-04-10 10:00:00,-0.1436682420863899,-0.2705753005833688,-0.3062268387624732,-0.5603751074027654,-0.4347805233685096
2004-04-10 11:00:00,-0.0039019689001675,-0.6186335925724191,-0.3997919884843933,-0.6045581231551925,-0.4565372528111572
2004-04-10 12:00:00,-0.213551378679501,-0.3065813307891326,-0.3686036052437533,-0.6732872587700793,-0.5000507116964525
2004-04-10 13:00:00,-0.4232007884588346,-0.7386536932582985,-0.5141493937000734,-0.7272887224674903,-0.4782939822538049
2004-04-10 14:00:00,-0.5629670616450568,-0.6546396227781829,-0.6492990544095135,-0.7272887224674903,-0.6305910883523385
2004-04-10 15:00:00,-0.4930839250519458,-0.7146496731211226,-0.4621687549656733,-0.7321979464399822,-0.4565372528111572
2004-04-10 16:00:00,-0.4232007884588346,-0.5106155019551276,-0.4725648827125534,-0.7174702745225064,-0.4130237939258619
2004-04-10 17:00:00,-0.2834345152726122,-0.4386034415436,-0.4101881162312733,-0.6634688108250955,-0.1301863111714425
2004-04-10 18:00:00,-0.0737851054932787,-0.3125823358234266,-0.2750384555218333,-0.5701935553477492,0.022110794927091
2004-04-10 19:00:00,0.2756305774722771,-0.0425371092801979,-0.0151352618498331,-0.3885522683655485,0.4137319248947487
2004-04-10 20:00:00,0.2057474408791658,0.359530228017498,-0.0879081560779931,-0.3247323567231537,0.5007588426653393
2004-04-10 21:00:00,-0.0737851054932787,-0.2945793207205447,-0.3270190942562334,-0.5554658834302735,0.1091377126976816
2004-04-10 22:00:00,0.5551631238447217,0.1855010820229729,0.0264492491376868,-0.251093997135775,0.326705007124158
2004-04-10 23:00:00,0.2756305774722771,0.1074880165771513,-0.1710771780530332,-0.3149139087781699,0.1526511715829769
2004-04-11 00:00:00,-0.4930839250519458,-0.7986637436012383,-0.6492990544095135,-0.800927082054869,-0.5653209000243955
2004-04-11 01:00:00,-0.6328501982381681,-0.852672788909884,-0.7636564596251936,-0.9334761293121504,-1.022212218319996
2004-04-11 02:00:00,-0.7726164714243904,-0.9306858543557056,-0.7948448428658336,-0.8696562176697556,-0.913428571106758
2004-04-11 03:00:00,-0.7726164714243904,-0.9066818342185295,-0.7636564596251936,-0.5369135173357426,-0.552070030619205
2004-04-11 04:00:00,-0.8945824472004441,-1.0086989198015273,-0.8676177370939936,-0.9825683690370696,-1.2615362421891203
2004-04-11 05:00:00,-0.982265881203724,-1.0747099751787608,-0.8780138648408736,-0.9825683690370696,-1.3268064305170633
2004-04-11 06:00:00,-0.9123827446106128,-1.0387039449729971,-0.8780138648408736,-0.967840697119594,-1.3268064305170633
2004-04-11 07:00:00,-0.8424996080175017,-0.9426878644242936,-0.8676177370939936,-0.9187484573946748,-1.2615362421891203
2004-04-11 08:00:00,-0.7027333348312792,-0.7746597234640623,-0.7948448428658336,-0.8696562176697556,-1.1309958655332344
2004-04-11 09:00:00,-0.7726164714243904,-0.8826778140813538,-0.7740525873720735,-0.9383853532846425,-1.2832929716317678
2004-04-11 10:00:00,-0.3533176518657233,-0.7386536932582985,-0.5349416491938335,-0.742016394384966,-0.717618006122929
2004-04-11 11:00:00,-0.213551378679501,-0.5466215321608915,-0.4205842439781533,-0.6438319149351278,-0.4347805233685096
2004-04-11 12:00:00,0.3455137140653883,-0.2165662552747231,-0.2230578167874333,-0.3787338204205647,0.1744079010256245
2004-04-11 13:00:00,-0.7027333348312792,-0.9066818342185295,-0.7636564596251936,-0.8696562176697556,-0.8699151122214626
2004-04-11 14:00:00,-1.0521490177968351,-0.9786938946300572,-0.9403906313221536,-1.0414790567069725,-1.6314006427141303
2004-04-11 15:00:00,-0.8424996080175017,-1.014699924835821,-0.8572216093471137,-0.962931473147102,-1.392076618845006
2004-04-11 16:00:00,-0.7726164714243904,-0.9066818342185295,-0.8468254816002337,-0.8991115615047072,-1.1309958655332344
2004-04-11 17:00:00,-0.6328501982381681,-0.9126828392528236,-0.8364293538533536,-0.850019321779788,-1.0657256772052914
2004-04-11 18:00:00,-0.4930839250519458,-0.8946798241499417,-0.7636564596251936,-0.800927082054869,-0.6523478177949861
2004-04-11 19:00:00,-0.0737851054932787,-0.5946295724352432,-0.5869222879282334,-0.7125610505500146,-0.3695103350405666
2004-04-11 20:00:00,-0.7027333348312792,-0.9126828392528236,-0.8260332261064736,-0.8598377697247719,-0.6958612766802814
2004-04-11 21:00:00,-0.7027333348312792,-0.9246848493214116,-0.8156370983595936,-0.8745654416422476,-0.7393747355655766
2004-04-11 22:00:00,-0.7027333348312792,-0.9366868593899996,-0.8780138648408736,-0.8598377697247719,-0.782888194450872
2004-04-11 23:00:00,-0.7027333348312792,-0.9246848493214116,-0.8572216093471137,-0.8451100978072961,-0.6305910883523385
2004-04-12 00:00:00,-0.982265881203724,-1.1167170104188189,-1.0131635255503135,-0.967840697119594,-1.1309958655332344
2004-04-12 01:00:00,-1.0521490177968351,-1.128719020487407,-1.0651441642847137,-0.962931473147102,-1.1092391360905869
2004-04-12 02:00:00,-0.982265881203724,-1.0987139953159368,-0.9715790145627936,-0.9923868169820534,-1.2180227833038249
2004-04-12 03:00:00,-1.0521490177968351,-1.0987139953159368,-1.0027673978034335,-0.541263247383513,-0.4076579794425014
2004-04-12 04:00:00,-1.2617984275761684,-1.248739121173286,-1.1067286752722338,-1.0905712964318917,-1.8489679371406067
2004-04-12 05:00:00,-1.2617984275761684,-1.218734096001816,-1.127520930765994,-1.0905712964318917,-1.827211207697959
2004-04-12 06:00:00,-1.1919152909830577,-1.1647250506931703,-1.1067286752722338,-1.0071144888995291,-1.3268064305170633
2004-04-12 07:00:00,-1.1220321543899463,-1.0867119852473488,-1.0859364197784738,-0.9776591450645776,-1.2397795127464726
2004-04-12 08:00:00,-1.0521490177968351,-1.068708970144467,-1.0235596532971938,-0.9482038012296262,-1.152752594975882
2004-04-12 09:00:00,-0.9123827446106128,-1.0747099751787608,-0.9507867590690338,-0.8598377697247719,-0.8046449238935196
2004-04-12 10:00:00,-0.7726164714243904,-0.9726928895957634,-0.8780138648408736,-0.8205639779448366,-0.6958612766802814
2004-04-12 11:00:00,-0.5629670616450568,-0.852672788909884,-0.7740525873720735,-0.6585595868526035,-0.3695103350405666
2004-04-12 12:00:00,-0.7027333348312792,-0.9186838442871176,-0.8884099925877535,-0.7518348423299498,-0.848158382778815
2004-04-12 13:00:00,-1.0521490177968351,-1.068708970144467,-1.0339557810440738,-0.9089300094496908,-1.1745093244185296
2004-04-12 14:00:00,-0.982265881203724,-1.050705955041585,-1.0027673978034335,-0.8843838895872314,-1.087482406647939
2004-04-12 15:00:00,-0.6328501982381681,-0.834669773807002,-0.8052409706127136,-0.7321979464399822,-0.717618006122929
2004-04-12 16:00:00,-0.4930839250519458,-0.8886788191156477,-0.8572216093471137,-0.6978333786325388,-0.6088343589096907
2004-04-12 17:00:00,-0.6328501982381681,-0.9006808291842358,-0.8156370983595936,-0.7371071704124741,-0.717618006122929
2004-04-12 18:00:00,-0.5629670616450568,-0.8046647486355322,-0.7740525873720735,-0.6781964827425712,-0.4130237939258619
2004-04-12 19:00:00,-0.213551378679501,-0.8286687687727081,-0.6389029266626335,-0.5456474354852896,-0.3695103350405666
2004-04-12 20:00:00,-0.6328501982381681,-0.8946798241499417,-0.7948448428658336,-0.7371071704124741,-0.6088343589096907
2004-04-12 21:00:00,-0.9123827446106128,-0.9666918845614694,-0.8988061203346337,-0.8451100978072961,-0.782888194450872
2004-04-12 22:00:00,-0.9123827446106128,-1.0086989198015273,-0.9092022480815136,-0.8696562176697556,-0.913428571106758
2004-04-12 23:00:00,-0.9123827446106128,-0.9666918845614694,-0.9299945035752736,-0.904020785477199,-0.9786987594347007
2004-04-13 00:00:00,-0.982265881203724,-1.014699924835821,-0.9715790145627936,-0.9432945772571344,-1.1309958655332344
2004-04-13 01:00:00,-1.1220321543899463,-1.1407210305559945,-1.0443519087909536,-1.0463882806794644,-1.6096439132714826
2004-04-13 02:00:00,-1.2617984275761684,-1.128719020487407,-1.054748036537834,-1.0807528484869078,-1.761941019370016
2004-04-13 03:00:00,-1.1919152909830577,-1.1107160053845246,-1.0443519087909536,-0.6051194148914273,-0.6629496420557123
2004-04-13 04:00:00,-1.2617984275761684,-1.020700929870115,-1.0859364197784738,-1.066025176569432,-1.7836977488126635
2004-04-13 05:00:00,-0.982265881203724,-0.9066818342185295,-0.8572216093471137,-0.796017858082377,-0.913428571106758
2004-04-13 06:00:00,-0.3533176518657233,-0.3245843458920145,-0.4621687549656733,-0.4376445080904676,-0.2389699583846807
2004-04-13 07:00:00,1.2539944897758333,1.841778471488109,0.8061588301536876,0.4411065829855841,0.4354886543373963
2004-04-13 08:00:00,1.6732933093345004,2.639912141049207,1.1180426625600877,0.2152822802509563,0.391975195452101
2004-04-13 09:00:00,0.4153968506584996,0.6415774646293146,0.047241504631447,-0.1578187416584288,0.2179213599109198
2004-04-13 10:00:00,-0.3533176518657233,-0.4386034415436,-0.4205842439781533,-0.5161920916503382,-0.3695103350405666
2004-04-13 11:00:00,-0.3533176518657233,-0.4926124868522457,-0.3478113497499933,-0.4965551957603705,-0.3042401467126237
2004-04-13 12:00:00,-0.3533176518657233,-0.4626074616807759,-0.4309803717250333,-0.5996488991827007,-0.5653209000243955
2004-04-13 13:00:00,-0.4232007884588346,-0.4566064566464819,-0.3789997329906333,-0.6192857950726682,-0.5000507116964525
2004-04-13 14:00:00,-0.213551378679501,-0.2165662552747231,-0.1710771780530332,-0.5407382115127978,-0.5000507116964525
2004-04-13 15:00:00,-0.0039019689001675,0.0594799763027995,-0.1606810503061531,-0.4572814039804352,-0.1519430406140901
2004-04-13 16:00:00,-0.2834345152726122,-0.4085984163721301,-0.3789997329906333,-0.6291042430176521,-0.4782939822538049
2004-04-13 17:00:00,0.625046260437833,1.2476789730930056,0.4111059757722472,-0.2658216690532508,0.1744079010256245
2004-04-13 18:00:00,1.7431764459276111,2.7119242014607345,1.0556658960788077,0.0238225453237718,0.5225155721079869
2004-04-13 19:00:00,2.022708992300056,2.7779352568379685,1.0764581515725675,0.1023701288836424,0.7400828665344634
2004-04-13 20:00:00,0.9744619434033888,1.373700078813179,0.3383330815440871,-0.1627279656309207,0.4137319248947487
2004-04-13 21:00:00,-0.0039019689001675,-0.0725421344516678,-0.2126616890405531,-0.4621906279529272,-0.0431593934008519
2004-04-13 22:00:00,-0.0039019689001675,-0.1385531898289014,-0.2022655612936731,-0.4229168361729919,-0.1301863111714425
2004-04-13 23:00:00,-0.4232007884588346,-0.6126325875381251,-0.4725648827125534,-0.6389226909626359,-0.4347805233685096
2004-04-14 00:00:00,-0.7027333348312792,-0.8586737939441779,-0.6700913099032735,-0.85492854575228,-0.782888194450872
2004-04-14 01:00:00,-0.8424996080175017,-0.7926627385669442,-0.7740525873720735,-0.8107455299998527,-0.8046449238935196
2004-04-14 02:00:00,-0.982265881203724,-0.9066818342185295,-0.8988061203346337,-0.9383853532846425,-1.087482406647939
2004-04-14 03:00:00,-1.1919152909830577,-0.9426878644242936,-0.9819751423096736,-0.6197983586260096,-0.622794506459019
2004-04-14 04:00:00,-1.1058147852400078,-1.062707965110173,-1.0027673978034335,-0.9482038012296262,-1.152752594975882
2004-04-14 05:00:00,-0.8424996080175017,-1.020700929870115,-0.8364293538533536,-0.7812901861649013,-1.0439689477626437
2004-04-14 06:00:00,-0.3533176518657233,-0.6066315825038312,-0.4101881162312733,-0.6143765711001764,-0.848158382778815
2004-04-14 07:00:00,1.2539944897758333,1.5657322399105862,0.7125936804317673,0.12200702477361,-0.347753605597919
2004-04-14 08:00:00,2.022708992300056,3.714092042187828,1.7002258163853678,0.1809177124435129,-0.2389699583846807
2004-04-14 09:00:00,1.533527036148278,2.627910130980619,0.7229898081786474,0.12200702477361,0.1961646304682722
2004-04-14 10:00:00,0.4153968506584996,0.569565404217787,0.099222143365847,-0.2707308930257427,-0.1519430406140901
2004-04-14 11:00:00,-0.0039019689001675,-0.1325521847946075,-0.2542462000280732,-0.4474629560354514,-0.3259968761552713
2004-04-14 12:00:00,-0.0039019689001675,0.1254910316800332,-0.0983042838248731,-0.5211013156228301,-0.3259968761552713
2004-04-14 13:00:00,-0.0431313916222751,-0.15343996037418,-0.1710771780530332,-0.4519241503970505,-0.1785134995629388
2004-04-14 14:00:00,0.3466669521669729,0.3503615171702712,0.151202782100247,-0.2836964100248697,0.1347059199652047
2004-04-14 15:00:00,0.3233795933218678,0.3196920740830171,0.161598909847127,-0.3493081404755838,0.0671706229185852
2004-04-14 16:00:00,-0.0975260719914646,-0.2232837804566206,-0.2542462000280732,-0.5351518867790852,-0.3141745224787142
2004-04-14 17:00:00,0.2842438745278016,0.1980634886798463,-0.0359275173435931,-0.3330722545160219,0.170104758828426
2004-04-14 18:00:00,0.4589960354360045,0.3712544205617628,0.1304105266064869,-0.2236420145972152,0.3633751685490344
2004-04-14 19:00:00,0.7113388475703606,0.8719942281183196,0.2031834208346471,0.0522562827662543,0.7578657792744058
2004-04-14 20:00:00,1.619739115211763,1.7451316700733743,0.7021975526848875,-0.0234700850762701,0.8587665294445582
2004-04-14 21:00:00,0.8303526664314052,0.6589475612324859,0.171995037594007,0.1395521669677789,0.8206215408933855
2004-04-14 22:00:00,-0.0501703493889252,-0.350763657099666,-0.3686036052437533,-0.548302316183243,-0.0339723076429309
2004-04-14 23:00:00,-0.4819258599051211,-0.5534619874767389,-0.5765261601813535,-0.6498147320163501,-0.3611283040448896
2004-04-15 00:00:00,-0.6068713173547167,-0.7409736160953095,-0.6908835653970335,-0.507099585012688,-0.1878332118682893
2004-04-15 01:00:00,-0.8441676429036983,-0.8302671352182666,-0.8572216093471137,-0.58365111088544,-0.3077176513041724
2004-04-15 02:00:00,-0.9975613396590703,-0.9168853558246152,-0.9611828868159136,-0.5500066414979118,-0.3919087844235926
2004-04-15 03:00:00,-1.0812259598089973,-0.9239822704124626,-1.0027673978034335,-0.5823824552275096,-0.5311688171032801
2004-04-15 04:00:00,-1.1796868325703886,-0.927093432942182,-1.0443519087909536,-0.5849590187614121,-0.5445622724962578
2004-04-15 05:00:00,-1.0177977809146526,-0.9079464350490064,-0.9092022480815136,-0.6659864211231222,-0.8150900529592854
2004-04-15 06:00:00,-0.2344113659263678,-0.4521465422299731,-0.3582074774968732,-0.4739335582141538,-0.5661581569771292
2004-04-15 07:00:00,1.265094239889204,1.5799522117702611,1.0452697683319274,0.239346137174956,0.0040769042901356
2004-04-15 08:00:00,1.5022829742014634,1.8383450351360904,1.1180426625600877,0.3754179960926738,0.1975679156146661
2004-04-15 09:00:00,1.2539944897758333,1.9137905318996369,0.8061588301536876,0.3478313275082378,0.0873809832550339
2004-04-15 10:00:00,1.184111353182722,1.5837352550134682,0.6190285307098473,0.4361973590130922,0.3702184660094534
2004-04-15 11:00:00,1.184111353182722,1.4577141492932946,0.6398207862036073,0.2987390877833187,0.5442723015506346
2004-04-15 12:00:00,1.2539944897758333,2.279851838991569,0.5878401474692073,0.0925516809386585,0.5442723015506346
2004-04-15 13:00:00,0.9744619434033888,1.4877191744647644,0.5878401474692073,-0.2118202053558398,0.2179213599109198
2004-04-15 14:00:00,1.323877626368945,1.9497965621054003,0.8477433411412074,-0.035088142346131,0.4137319248947487
2004-04-15 15:00:00,0.625046260437833,1.319691033504533,0.3591253370378472,-0.3345508046681375,0.0873809832550339
2004-04-15 16:00:00,0.6949293970309441,0.9956367616526588,0.2759563150628071,-0.2265478772733155,0.4137319248947487
2004-04-15 17:00:00,2.162475265486279,3.3660337501987776,1.3571536007383276,0.0630963371037071,0.8488665137477016
2004-04-15 18:00:00,2.651657221638057,4.254182495274285,1.7418103273728882,0.2496468480583996,0.8488665137477016
2004-04-15 19:00:00,3.630021133941613,5.832446819293599,2.3239934811981686,0.5540187343528981,1.0446770787315305
2004-04-15 20:00:00,2.791423494824279,3.6420799817763,1.3363613452445675,0.3969235672331569,0.827109784305054
2004-04-15 21:00:00,1.7431764459276111,2.657915156152089,0.8789317243818475,0.1269162487461019,0.5225155721079869
2004-04-15 22:00:00,0.2756305774722771,-0.0845441445202557,-0.2126616890405531,-0.4621906279529272,0.022110794927091
2004-04-15 23:00:00,0.0659811676929437,-0.4866114818179518,-0.4205842439781533,-0.5849212272652249,-0.0866728522861472
2004-04-16 00:00:00,-0.0737851054932787,-0.6186335925724191,-0.4413764994719134,-0.5800120032927331,-0.0431593934008519
2004-04-16 01:00:00,-0.1436682420863899,-0.642637612709595,-0.4829610104594334,-0.6978333786325388,-0.3695103350405666
2004-04-16 02:00:00,-0.3533176518657233,-0.5406205271265975,-0.5557339046875934,-0.7911086341098851,-0.5870776294670431
2004-04-16 03:00:00,-0.7726164714243904,-0.8946798241499417,-0.8988061203346337,-0.611930573627432,-0.558381991936543
2004-04-16 04:00:00,-0.7726164714243904,-0.8826778140813538,-0.8052409706127136,-0.8598377697247719,-0.8916718416641102
2004-04-16 05:00:00,-0.6328501982381681,-0.7446546982925925,-0.6181106711688734,-0.692924154660047,-0.717618006122929
2004-04-16 06:00:00,-0.0737851054932787,-0.228568265343311,-0.1398887948123932,-0.2854585649432184,-0.5000507116964525
2004-04-16 07:00:00,1.6732933093345004,1.835777466453815,1.2324000677757676,0.55892795832539,-0.0214026639582042
2004-04-16 08:00:00,1.3937607629620554,1.973800582242576,0.7645743191661674,0.2005546083334806,0.1308944421403292
2004-04-16 09:00:00,0.3455137140653883,0.2035040971258548,-0.1502849225592731,-0.256003221108267,-0.1084295817287948
2004-04-16 10:00:00,0.1358643042860546,0.0294749511313296,-0.1190965393186332,-0.3394600286406294,-0.0866728522861472
2004-04-16 11:00:00,0.3455137140653883,-0.03053509921161,-0.0359275173435931,-0.3247323567231537,-0.0431593934008519
2004-04-16 12:00:00,0.2057474408791658,0.2755161575373824,-0.0879081560779931,-0.5456474354852896,-0.2172132289420331
2004-04-16 13:00:00,1.533527036148278,1.9077895268653424,0.7853665746599272,-0.0399973663186229,0.8488665137477016
2004-04-16 14:00:00,1.7431764459276111,2.3518638994030963,0.7853665746599272,0.2054638323059725,0.827109784305054
2004-04-16 15:00:00,1.323877626368945,1.391703093916061,0.6398207862036073,0.0189133213512799,0.3484617365668057
2004-04-16 16:00:00,1.813059582520723,1.9137905318996369,0.6606130416973672,0.0581871131312152,0.6530559487638729
2004-04-16 17:00:00,2.5118909484518346,3.1559985739984886,1.2116078122820078,0.3478313275082378,0.6965694076491681
2004-04-16 18:00:00,2.162475265486279,2.147829728237101,0.9413084908631272,0.1563715925810534,0.6748126782065205
2004-04-16 19:00:00,3.0010729046036126,3.3960387753702475,1.606660666663448,0.4165604631231246,0.8488665137477016
2004-04-16 20:00:00,2.721540358231168,2.933961387729612,0.8893278521287273,0.338012879563254,0.6530559487638729
2004-04-16 21:00:00,0.9045788068102776,0.4915523387719654,0.1200143988596069,-0.0694527101535744,0.1526511715829769
2004-04-16 22:00:00,0.4153968506584996,-0.3485883660291904,-0.1814733057999132,-0.3541877005581051,-0.1519430406140901
2004-04-16 23:00:00,0.6949293970309441,-0.2765763056176628,-0.1398887948123932,-0.3296415806956456,-0.2389699583846807
2004-04-17 00:00:00,0.3455137140653883,-0.3305853509263085,-0.3374152220031133,-0.3394600286406294,-0.2172132289420331
2004-04-17 01:00:00,0.0659811676929437,-0.6366366076753011,-0.4413764994719134,-0.5800120032927331,-0.4782939822538049
2004-04-17 02:00:00,-0.1436682420863899,-0.4986134918865397,-0.5141493937000734,-0.6634688108250955,-0.5870776294670431
2004-04-17 03:00:00,-0.5587764933567442,-0.6879690267303236,-0.6492990544095135,-0.527096792293459,-0.4884290407431022
2004-04-17 04:00:00,-0.9824736160143248,-0.8359467821109612,-0.8676177370939936,-0.6224008780636362,-0.727852161043785
2004-04-17 05:00:00,-0.8487406245199637,-0.7873936371160107,-0.7428642041314335,-0.6251042622180439,-0.7937791744633155
2004-04-17 06:00:00,-0.6739663455526436,-0.7257788563466488,-0.6492990544095135,-0.5246528922674801,-0.6595758816345558
2004-04-17 07:00:00,-0.2268354100087978,-0.4277594012879955,-0.3374152220031133,-0.535622239216269,-0.6759488696011993
2004-04-17 08:00:00,-0.1129455665229675,-0.2627486113697878,-0.2646423277749531,-0.4371595484347377,-0.4918024691829133
2004-04-17 09:00:00,-0.200874473494212,-0.4457206613509659,-0.4309803717250333,-0.5847271385305947,-0.6579622863059428
2004-04-17 10:00:00,0.1789700772347872,-0.0110094902410791,-0.2230578167874333,-0.3264134603057749,-0.260979159640395
2004-04-17 11:00:00,-0.4631695791593852,-0.5490574259585338,-0.5557339046875934,-0.6168532437318676,-0.632386775448824
2004-04-17 12:00:00,-0.6624625389031898,-0.6987418270274827,-0.6596951821563936,-0.6869724247362432,-0.568076345190014
2004-04-17 13:00:00,-0.2753852578820921,-0.4199092706484993,-0.3997919884843933,-0.6683708060971274,-0.6265256447983427
2004-04-17 14:00:00,-0.7696439042476724,-0.7651943778541311,-0.7740525873720735,-0.6560007767073955,-0.6134621788625488
2004-04-17 15:00:00,-0.6524384345740337,-0.6938085972572405,-0.6596951821563936,-0.6754312613629851,-0.6017779294256179
2004-04-17 16:00:00,-0.5627527455663947,-0.6295377472659663,-0.6181106711688734,-0.6368601142495228,-0.4682952021067348
2004-04-17 17:00:00,-0.6017041888547465,-0.6961840561286953,-0.6596951821563936,-0.6368704516657246,-0.4279642823877289
2004-04-17 18:00:00,-0.4532523579558312,-0.5481624396425366,-0.6077145434219935,-0.6858697295536402,-0.4417010064917004
2004-04-17 19:00:00,0.0127095848837621,-0.2479552402558902,-0.3686036052437533,-0.7556056396160107,-0.4368084314160012
2004-04-17 20:00:00,0.1111283666870781,-0.2196276505584076,-0.3270190942562334,-0.7349846666489156,-0.3289475263518999
2004-04-17 21:00:00,-0.4480725667628825,-0.6378370650727557,-0.6285067989157536,-0.7028090467222121,-0.3953892768472486
2004-04-17 22:00:00,-0.073868912527071,-0.3055804002161671,-0.3582074774968732,-0.7830083321555791,-0.4817983773343192
2004-04-17 23:00:00,0.4036737294989445,-0.0156282752590055,-0.0671159005842332,-0.5725098107562792,-0.0642478443955007
2004-04-18 00:00:00,-0.1961154669212287,-0.5145273814727984,-0.4621687549656733,-0.6663159449917592,-0.400585780844529
2004-04-18 01:00:00,-0.3948092813498896,-0.5689913369531112,-0.5245455214469534,-0.6631056903538025,-0.4441669639242563
2004-04-18 02:00:00,-0.5183548447678286,-0.5987529741945707,-0.5973184156751135,-0.6724155074581305,-0.5461771957502518
2004-04-18 03:00:00,-0.6091879237122687,-0.707990888856118,-0.6181106711688734,-0.6104812753668151,-0.6746747251981096
2004-04-18 04:00:00,-0.9318645810025824,-0.8252371179980542,-0.8468254816002337,-0.6564843880044904,-0.8012700015376548
2004-04-18 05:00:00,-1.0720840786288084,-0.9155708503959986,-0.9819751423096736,-0.6545673216607402,-0.8939148736233272
2004-04-18 06:00:00,-1.0701311081584368,-0.9079556376400394,-0.9403906313221536,-0.6526551243898387,-0.8766022124589389
2004-04-18 07:00:00,-1.0578834932572785,-0.9075588731928104,-0.9299945035752736,-0.6837511959571737,-0.9589994843792724
2004-04-18 08:00:00,-0.9207449038092084,-0.844611227596801,-0.8780138648408736,-0.7095901295697744,-0.9802408127834114
2004-04-18 09:00:00,-0.6211692471785194,-0.7473406187053188,-0.7428642041314335,-0.8285654002659075,-1.0200691957410373
2004-04-18 10:00:00,-0.2153620937911214,-0.4753618865804001,-0.4725648827125534,-0.5876495560543805,-0.6085367376336694
2004-04-18 11:00:00,-0.1144809180466184,-0.3991894309092724,-0.4205842439781533,-0.4578737079652755,-0.4347808553498548
2004-04-18 12:00:00,-0.4497493738962545,-0.6295909025305905,-0.6285067989157536,-0.5956679077672024,-0.6467004831308492
2004-04-18 13:00:00,-0.7722730791845375,-0.7958016920059029,-0.8260332261064736,-0.6836881227365799,-0.6765645290059751
2004-04-18 14:00:00,-0.7576394213824215,-0.7958016920059029,-0.8260332261064736,-0.6887232684238204,-0.7578642705988948
2004-04-18 15:00:00,-0.2603333146757302,-0.4285704196838197,-0.4725648827125534,-0.7620768247039569,-0.7807052511151461
2004-04-18 16:00:00,-0.2444458836543549,-0.4263071316980922,-0.4517726272187933,-0.7281716351925845,-0.7100118155311135
2004-04-18 17:00:00,-0.113979825294868,-0.314449958178765,-0.3789997329906333,-0.6459782397012385,-0.414533977065428
2004-04-18 18:00:00,0.0505423792160865,-0.194403577456801,-0.2958307110155933,-0.6830285506376146,-0.3564178207370629
2004-04-18 19:00:00,0.9855862857994389,0.8539141127005134,0.223975676328407,-0.2927530353410656,0.3185213349822711
2004-04-18 20:00:00,0.3082448427680013,0.0168184124985154,-0.2230578167874333,-0.5972869119437995,-0.1104201418749453
2004-04-18 21:00:00,0.2088105463106806,-0.0297457824483712,-0.2750384555218333,-0.5797131920374493,-0.1344773360495391
2004-04-18 22:00:00,-0.2388383933446171,-0.4542897844759552,-0.4933571382063134,-0.7533863162115763,-0.5840534454024405
2004-04-18 23:00:00,0.1773447539452359,-0.0231845639619317,-0.2334539445343132,-0.5788362345629932,-0.2989256233471051
2004-04-19 00:00:00,-0.033939776049269,-0.3792587247971443,-0.3686036052437533,-0.5850172229091573,-0.4214703952931911
2004-04-19 01:00:00,-0.6940481270087869,-0.7689664787129755,-0.7428642041314335,-0.5806190643137455,-0.5415614931164956
2004-04-19 02:00:00,-0.8360792644564496,-0.8212969439467591,-0.8260332261064736,-0.6248997237039923,-0.68847518972037
2004-04-19 03:00:00,-1.1303056622416134,-0.9201638590022252,-1.0027673978034335,-0.6608973410904809,-0.8920939559446023
2004-04-19 04:00:00,-1.0797187661157857,-0.9115055943611092,-0.9611828868159136,-0.6772963784448804,-0.8931878344772183
2004-04-19 05:00:00,-1.101441116077369,-0.9079556376400394,-0.9507867590690338,-0.6260862793028124,-0.8307650501475295
2004-04-19 06:00:00,-0.444850827778935,-0.557122466858276,-0.4621687549656733,-0.5565616120932622,-0.8186815931429292
2004-04-19 07:00:00,0.8289559380729933,0.8715438963501516,0.5358595087348073,-0.1058855102895166,-0.2366191984789283
2004-04-19 08:00:00,0.9276512997492622,1.1457635280676874,0.7645743191661674,-0.0281172780206892,-0.0069427184935942
2004-04-19 09:00:00,-0.1368091612057879,-0.2484741565084741,-0.2958307110155933,-0.6204262817514584,-0.4596761364305455
2004-04-19 10:00:00,-0.4148535745702412,-0.4855118408655464,-0.4725648827125534,-0.6212375441968638,-0.5452479799648824
2004-04-19 11:00:00,-0.3220608605801775,-0.4007783200595878,-0.3997919884843933,-0.6292812899973119,-0.5046959606699365
2004-04-19 12:00:00,0.1906310845529946,0.1697672152622974,-0.046323645090473,-0.451545111802983,-0.1870955493191321
2004-04-19 13:00:00,0.6194290231867893,0.5117240520442843,0.213579548581527,-0.4032319237338548,0.007806382722733
2004-04-19 14:00:00,-0.0547465799856259,-0.2953337500491205,-0.3582074774968732,-0.4741782103975974,-0.0701617600798776
2004-04-19 15:00:00,0.0308483927324116,-0.1262071585213938,-0.2646423277749531,-0.4143183531574515,-0.0108269002330806
2004-04-19 16:00:00,0.4880179280565863,0.3975791418645445,0.0160531213908069,-0.086779942610561,0.4120647145788768
2004-04-19 17:00:00,0.5939873403915152,0.4091725752048759,0.047241504631447,-0.0847362803727448,0.4656305685985009
2004-04-19 18:00:00,0.1137308833229357,-0.2211289090657509,-0.3166229665093532,-0.4025473320913285,0.0408469920999338
2004-04-19 19:00:00,0.1045677588091314,-0.2501539727522809,-0.3582074774968732,-0.472259645877586,0.0027693957618478
2004-04-19 20:00:00,-0.0126028051516254,-0.415329402060315,-0.4829610104594334,-0.4499093280522611,-0.0056504811071882
2004-04-19 21:00:00,-0.4273930562138365,-0.674027009747077,-0.7012796931439136,-0.6144405432265269,-0.3548238123078199
2004-04-19 22:00:00,-0.4310787329425052,-0.6511231799707263,-0.6596951821563936,-0.5312879403839882,-0.2141511990040713
2004-04-19 23:00:00,-0.381666072495665,-0.6151131207698833,-0.6285067989157536,-0.5040906478098216,-0.2396727628925861
2004-04-20 00:00:00,-0.6819919103781433,-0.772043120080312,-0.7740525873720735,-0.6084128183118771,-0.432845736088362
2004-04-20 01:00:00,-0.9051320949418058,-0.8496816263358751,-0.8780138648408736,-0.5873790228760258,-0.5383618569109255
2004-04-20 02:00:00,-1.1256680134186072,-0.9248400343080124,-1.0235596532971938,-0.6178640258008498,-0.6885198412113069
2004-04-20 03:00:00,-1.2328627287403913,-0.9260718995534708,-1.0963325475253538,-0.608615671377635,-0.711499091957857
2004-04-20 04:00:00,-1.2469855260226532,-0.9252536701721352,-1.054748036537834,-0.6308859491362087,-0.7763461700612722
2004-04-20 05:00:00,-1.104190794865507,-0.8544013651509558,-0.8780138648408736,-0.6056454245767123,-0.6866811625306107
2004-04-20 06:00:00,-0.3622914857809363,-0.4827472176966712,-0.3893958607375133,-0.4720084017185935,-0.6002607746778015
2004-04-20 07:00:00,1.1728710138544132,1.4085589442382171,0.9724968741037674,-0.0052996041107028,-0.057635771942052
2004-04-20 08:00:00,2.183891078309152,2.7883586333800787,1.928940626816728,1.6578860900625647,0.1842363747425786
2004-04-20 09:00:00,1.3752758303977,1.7021413768978573,0.9101201076224876,0.2639201231158727,0.2703364005972166
2004-04-20 10:00:00,1.052584094505879,1.3803843647856735,0.5982362752160875,0.1056875405786768,0.4015870513412761
2004-04-20 11:00:00,1.0689622881873644,1.463722113500907,0.8373472133943273,0.1783594266599963,0.512771255662055
2004-04-20 12:00:00,0.9311065487885972,1.2194705134545687,0.7645743191661674,0.0842119329634164,0.6126518271582381
2004-04-20 13:00:00,0.7263746291817368,1.0584279174170703,0.4630866145066473,-0.0943237844470744,0.4440003240483955
2004-04-20 14:00:00,0.0143084164866871,-0.0219101195639321,-0.108700411571753,-0.5261005799886163,-0.2624357277927024
2004-04-20 15:00:00,-0.2751195912511142,-0.3654951281982563,-0.3582074774968732,-0.6225256012373759,-0.5127544758446623
2004-04-20 16:00:00,0.2956964472550066,0.4566033703660656,0.244767931822167,-0.4043864932694996,0.1471975480337964
2004-04-20 17:00:00,1.189728723725271,1.5884909342960165,0.8685355966349674,-0.1520418489042997,0.6809928429297921
2004-04-20 18:00:00,1.89238822168106,2.61165350210842,1.450718750460248,0.2904875823898575,1.0733669065884883
2004-04-20 19:00:00,2.01210798567566,2.584053786999219,1.3051729620039276,0.0797229474321733,0.8625321938437884
2004-04-20 20:00:00,1.623427624384914,2.047626789256573,0.9621007463568876,0.1141078904367681,0.8238898972374233
2004-04-20 21:00:00,0.5719102684121509,0.4304918195302003,0.099222143365847,-0.4593064139238003,0.0887246777499545
2004-04-20 22:00:00,-0.2022265491984364,-0.360499082732007,-0.3789997329906333,-0.686918827480501,-0.3198497435758526
2004-04-20 23:00:00,0.0734880119651516,-0.123220482782814,-0.2438500722811932,-0.663828860035053,-0.3270836170889644
2004-04-21 00:00:00,-0.6827223478257489,-0.7522187244974321,-0.7116758208907935,-0.5793215313083817,-0.299654488390613
2004-04-21 01:00:00,-0.5219452180703954,-0.5988772778495705,-0.5765261601813535,-0.4416104053801349,-0.226950407789042
2004-04-21 02:00:00,-0.962038612069832,-0.8274905624162587,-0.8468254816002337,-0.5795932630277454,-0.4647521311994982
2004-04-21 03:00:00,-1.0048390141805237,-0.8396634385034318,-0.8676177370939936,-0.5539299531273564,-0.5631104022370135
2004-04-21 04:00:00,-1.171333599737271,-0.9162213041811108,-0.9715790145627936,-0.6021981584542438,-0.668028292675427
2004-04-21 05:00:00,-0.9944789319514824,-0.8055393610559585,-0.7948448428658336,-0.5533554025312105,-0.659878980602774
2004-04-21 06:00:00,-0.2391165560541923,-0.3408898721135833,-0.2750384555218333,-0.4506085269133335,-0.59853546762651
2004-04-21 07:00:00,1.8220189709690773,2.415263433424464,1.6274529221572078,1.078479754836768,0.2249684939173255
2004-04-21 08:00:00,2.8380704565102195,3.20376267693441,3.0101379124922487,1.8656286038662848,0.9313960802341196
2004-04-21 09:00:00,1.3131858149067412,1.6995168528760536,0.8997239798756075,0.1237726254973593,0.335115588515527
2004-04-21 10:00:00,0.9098547178397964,1.1831778751897637,0.5982362752160875,0.0702428625957671,0.7735721486997766
2004-04-21 11:00:00,0.0337518149408914,-0.0277866835911215,-0.0359275173435931,-0.402976334863705,0.0287114140241283
2004-04-21 12:00:00,-0.0602275266727687,-0.1140640420569647,-0.0775120283311131,-0.5042834630946299,-0.168909113254032
2004-04-21 13:00:00,-0.0336640292482226,-0.1061357122857045,-0.0879081560779931,-0.5830792944609707,-0.2679306830193672
2004-04-21 14:00:00,-0.1074236326980256,-0.1511165121664747,-0.1814733057999132,-0.6196625489479376,-0.3348516485865918
2004-04-21 15:00:00,-0.1475467083156572,-0.2612414009378958,-0.2126616890405531,-0.5730233106697837,-0.2536027001394961
2004-04-21 16:00:00,0.1739021675988794,0.3194085793383551,0.1408066543533669,-0.4428624312815667,0.059028946416873
2004-04-21 17:00:00,1.1376613963412272,1.5717825085665302,0.8789317243818475,-0.0292048041686482,0.8755737490107954
2004-04-21 18:00:00,2.303356588757892,2.924348205470696,2.199239948235608,0.1569886913830155,1.237305934502433
2004-04-21 19:00:00,2.456050338497436,3.021685796405369,2.3135973534512884,0.1395767370584616,1.2047266132044645
2004-04-21 20:00:00,2.040362452455988,2.699951859446821,1.523491644688408,0.2302956543814307,1.2784228200563308
2004-04-21 21:00:00,1.062034295598658,1.1430769208944362,0.5254633809879271,0.0753214553945805,0.8433861657002281
2004-04-21 22:00:00,0.1539829184716911,0.1597489358617841,-0.0775120283311131,-0.4919647836962484,0.102444470805318
2004-04-21 23:00:00,-0.3608655165986068,-0.4900157995237162,-0.4413764994719134,-0.5874862173875101,-0.1681115280720563
2004-04-22 00:00:00,-0.5109550002512894,-0.60494897343389,-0.5141493937000734,-0.5575742294281643,-0.2029524722845762
2004-04-22 01:00:00,-0.7245079850471516,-0.767686128174462,-0.7012796931439136,-0.5993944713991531,-0.2928699516283042
2004-04-22 02:00:00,-0.985386202013776,-0.8395092836576183,-0.8676177370939936,-0.5737988790657675,-0.350777623671849
2004-04-22 03:00:00,-1.099350147245688,-0.9121321030959212,-0.9507867590690338,-0.6081562930815639,-0.527846679781311
2004-04-22 04:00:00,-1.1796311000598447,-0.9240218278186946,-1.0027673978034335,-0.62327850971741,-0.6592973492858867
2004-04-22 05:00:00,-1.1567416371840744,-0.912671347460041,-0.9507867590690338,-0.6083803453414169,-0.5971441338085453
2004-04-22 06:00:00,-0.7393845666171985,-0.6431530493755196,-0.5869222879282334,-0.5880552996403028,-0.6551812785767396
2004-04-22 07:00:00,0.3199949887802026,0.3800621700771233,0.2551640595690471,-0.2376766301762893,-0.2421247771086413
2004-04-22 08:00:00,1.3080885811397251,1.722398248475259,1.0660620238256877,0.1681111519456924,0.119373029553246
2004-04-22 09:00:00,1.858392889778766,2.5280657725621376,1.533887772435288,0.5461227461862045,0.9242438741319404
2004-04-22 10:00:00,1.1368551493501315,1.5162981185143456,0.9101201076224876,-0.0722217893370329,0.6311866776451837
2004-04-22 11:00:00,0.5151930668748732,0.5631919002748091,0.4215021035191272,-0.2575608749669705,0.4843397092917054
2004-04-22 12:00:00,0.2068071749899667,0.4086517360228223,0.234371804075287,-0.3687913983899719,0.2987611413499884
2004-04-22 13:00:00,0.0120634543130927,-0.0152379205766752,-0.0255313895967131,-0.522366825110612,0.013488907409467
2004-04-22 14:00:00,0.0953903054585356,0.1187690196627065,0.0888260156189668,-0.4883567258065536,0.0442668979280807
2004-04-22 15:00:00,0.6219109110105878,0.6346682874769463,0.6398207862036073,-0.1157981935213259,0.8165318627011862
2004-04-22 16:00:00,0.7668325997057751,1.2434316797349934,0.8061588301536876,0.072655226011449,0.8666978957640513
2004-04-22 17:00:00,1.891648453828102,2.7418570709930594,1.637849049904088,0.3933920661504061,1.6501323728982693
2004-04-22 18:00:00,2.0408856216132603,2.8432148664721915,1.762602582866648,0.3551866238622873,1.4578746722713622
2004-04-22 19:00:00,2.2756972685475567,2.944383665454882,2.4591431419076084,0.3827237028124796,1.3822303988855382
2004-04-22 20:00:00,1.723673166264769,2.285019940861313,1.1492310458007275,0.0567496130086547,1.144667204071648
2004-04-22 21:00:00,0.5116071921606014,0.4589879860445184,0.223975676328407,-0.353917204834157,0.4033890460833215
2004-04-22 22:00:00,-0.1740952937530772,-0.3435593560577479,-0.3270190942562334,-0.6324133772888437,-0.1696635408611245
2004-04-22 23:00:00,-0.2349927668099034,-0.3750492490520343,-0.3686036052437533,-0.5602545042137439,-0.1357899902886784
2004-04-23 00:00:00,0.0719133394475146,-0.1093568022834364,-0.1398887948123932,-0.5562714902602931,-0.1084717433596423
2004-04-23 01:00:00,-0.4731941833316851,-0.5944223538928756,-0.4933571382063134,-0.5539448974355612,-0.1568276481375032
2004-04-23 02:00:00,-0.9659483851413452,-0.8270368426295015,-0.8260332261064736,-0.4989575963039159,-0.2014022853929069
2004-04-23 03:00:00,-1.099937629554141,-0.8598206840206936,-0.8884099925877535,-0.5975973715195134,-0.4566710412932951
2004-04-23 04:00:00,-1.1457174925115767,-0.9133749565097772,-0.9403906313221536,-0.550621830125141,-0.3963968402300983
2004-04-23 05:00:00,-1.0521490177968351,-1.026701934904409,-0.8780138648408736,-0.8794746656147395,-1.1092391360905869
2004-04-23 06:00:00,-0.9123827446106128,-0.9666918845614694,-0.6700913099032735,-0.8156547539723447,-0.9351853005494056
2004-04-23 07:00:00,1.323877626368945,1.4097061090189429,1.1700233012944878,0.0287317692962637,-0.3259968761552713
2004-04-23 08:00:00,2.442007811858723,3.9781362636967614,2.053694159779288,0.5540187343528981,0.2831915482388628
2004-04-23 09:00:00,2.022708992300056,3.252014654547192,1.1180426625600877,0.5883833021603414,0.6965694076491681
2004-04-23 10:00:00,0.7648125336240554,1.0616478170298926,0.7229898081786474,0.0336409932687556,0.6965694076491681
2004-04-23 11:00:00,1.184111353182722,2.5318940504319154,1.1076465348132076,0.0090948734062961,1.2840011026006546
2004-04-23 12:00:00,0.8346956702171663,1.9437955570711063,0.9101201076224876,-0.2903677889157103,0.6965694076491681
2004-04-23 13:00:00,0.625046260437833,1.5057221895676465,0.7853665746599272,-0.3836430443930566,0.5660290309932822
2004-04-23 14:00:00,0.7648125336240554,1.595737265082056,0.9621007463568876,-0.3149139087781699,0.8053530548624064
2004-04-23 15:00:00,1.6034101727413894,2.789937266906556,1.450718750460248,0.1072793528561343,1.871432797552141
2004-04-23 16:00:00,1.7431764459276111,2.88595334745526,1.5026993891946478,0.2103730562784644,1.6538655031256646
2004-04-23 17:00:00,2.162475265486279,3.690088022050652,2.001713521044888,0.2251007281959401,1.4580549381418355
2004-04-23 18:00:00,1.8829427191138337,3.93012822342241,1.637849049904088,0.0581871131312152,1.1752174553874164
2004-04-23 19:00:00,2.442007811858723,4.092155359348348,2.199239948235608,0.2103730562784644,1.1099472670594734
2004-04-23 20:00:00,1.7431764459276111,2.849947317249496,0.9828930018506477,-0.0399973663186229,0.7835963254197587
2004-04-23 21:00:00,-0.213551378679501,-0.432602436509306,-0.046323645090473,-0.688014930687555,-0.2607266878273284
2004-04-23 22:00:00,0.0659811676929437,-0.0545391193487858,0.171995037594007,-0.5751027793202411,-0.0431593934008519
2004-04-23 23:00:00,-0.0737851054932787,-0.0785431394859617,0.047241504631447,-0.6291042430176521,-0.0649161228434995
2004-04-24 00:00:00,0.4852799872516105,0.1374930417486211,0.213579548581527,-0.3787338204205647,0.0656242538123863
2004-04-24 01:00:00,0.3455137140653883,0.2035040971258548,0.213579548581527,-0.4425537320629595,-0.2172132289420331
2004-04-24 02:00:00,-0.213551378679501,-0.2645742955490748,-0.2438500722811932,-0.634013466990144,-0.5000507116964525
2004-04-24 03:00:00,-0.7027333348312792,-0.624634597606713,-0.5765261601813535,-0.6528666294235046,-0.5903433299603189
2004-04-24 04:00:00,-0.9863988842232986,-0.9726928895957634,-0.7844487151189536,-0.9482038012296262,-1.087482406647939
2004-04-24 05:00:00,-0.982265881203724,-0.9126828392528236,-0.7948448428658336,-0.8205639779448366,-0.9786987594347007
2004-04-24 06:00:00,-0.8424996080175017,-0.5886285674009493,-0.5869222879282334,-0.800927082054869,-1.0004554888773485
2004-04-24 07:00:00,-0.4232007884588346,-0.3965964063035422,-0.1398887948123932,-0.6487411389076198,-0.8046449238935196
2004-04-24 08:00:00,0.2756305774722771,0.5275583689777292,0.3799175925316071,-0.3541877005581051,-0.5218074411391002
2004-04-24 09:00:00,0.625046260437833,1.187668922750066,0.4422943590128871,-0.2461847731632831,-0.1084295817287948
2004-04-24 10:00:00,0.3455137140653883,0.6235744495264327,0.099222143365847,-0.3787338204205647,-0.0649161228434995
2004-04-24 11:00:00,0.3455137140653883,0.8456116357953096,0.3175408260503271,-0.4867367478153867,0.0873809832550339
2004-04-24 12:00:00,0.3455137140653883,0.7976035955209579,0.3383330815440871,-0.5112828676778463,-0.1084295817287948
2004-04-24 13:00:00,-0.1436682420863899,0.1254910316800332,-0.2750384555218333,-0.7567440663024417,-0.782888194450872
2004-04-24 14:00:00,-0.0737851054932787,-0.012532084108728,-0.0359275173435931,-0.688014930687555,-0.3259968761552713
2004-04-24 15:00:00,-0.2834345152726122,-0.1505551998974894,-0.2438500722811932,-0.7223794984949984,-0.4565372528111572
2004-04-24 16:00:00,-0.1436682420863899,-0.0725421344516678,-0.0671159005842332,-0.6831057067150631,-0.3259968761552713
2004-04-24 17:00:00,-0.213551378679501,-0.3125823358234266,-0.1502849225592731,-0.7272887224674903,-0.3695103350405666
2004-04-24 18:00:00,0.4852799872516105,0.3955362582232619,0.4526904867597671,-0.4474629560354514,0.2831915482388628
2004-04-24 19:00:00,0.9744619434033888,1.4997211845333525,0.8373472133943273,-0.3001862368606942,0.5225155721079869
2004-04-24 20:00:00,0.9045788068102776,1.607739275150644,0.5670478919754474,-0.3738245964480728,0.3484617365668057
2004-04-24 21:00:00,-0.0737851054932787,-0.0905451495545497,-0.4725648827125534,-0.7371071704124741,-0.6741045472376337
2004-04-24 22:00:00,-0.7027333348312792,-0.9186838442871176,-0.8676177370939936,-0.9089300094496908,-1.2180227833038249
2004-04-24 23:00:00,-0.5629670616450568,-0.8766768090470598,-0.8468254816002337,-0.8352916498623123,-0.8916718416641102
2004-04-25 00:00:00,-0.6328501982381681,-0.7986637436012383,-0.8572216093471137,-0.8696562176697556,-0.9351853005494056
2004-04-25 01:00:00,-0.5629670616450568,-0.8826778140813538,-0.7740525873720735,-0.8205639779448366,-0.8046449238935196
2004-04-25 02:00:00,-0.7726164714243904,-0.9366868593899996,-0.8052409706127136,-0.8598377697247719,-0.8046449238935196
2004-04-25 03:00:00,-0.5629670616450568,-0.7506557033268865,-0.7116758208907935,-0.6234869060353341,-0.5577620167742788
2004-04-25 04:00:00,-1.1782777747477606,-1.062707965110173,-1.054748036537834,-1.0562067286244483,-1.6749141015994256
2004-04-25 05:00:00,-1.2617984275761684,-1.1827280657960524,-1.1067286752722338,-1.100389744376875,-1.9577515843538449
2004-04-25 06:00:00,-1.1220321543899463,-1.1167170104188189,-1.0651441642847137,-1.0022052649270372,-1.5878871838288349
2004-04-25 07:00:00,-1.0521490177968351,-1.056706960075879,-1.0339557810440738,-0.962931473147102,-1.3050497010744155
2004-04-25 08:00:00,-1.0521490177968351,-1.062707965110173,-1.0131635255503135,-0.9727499210920858,-1.4138333482876535
2004-04-25 09:00:00,-0.9123827446106128,-1.0927129902816428,-0.9403906313221536,-0.9334761293121504,-1.3485631599597108
2004-04-25 10:00:00,-0.7726164714243904,-1.0387039449729971,-0.9195983758283937,-0.8696562176697556,-1.1745093244185296
2004-04-25 11:00:00,-0.8424996080175017,-0.8766768090470598,-0.8988061203346337,-0.8843838895872314,-1.1309958655332344
2004-04-25 12:00:00,-0.7726164714243904,-0.9066818342185295,-0.8988061203346337,-0.8892931135597233,-1.2615362421891203
2004-04-25 13:00:00,-0.9123827446106128,-1.026701934904409,-0.9507867590690338,-0.904020785477199,-1.2615362421891203
2004-04-25 14:00:00,-0.982265881203724,-1.0026979147672332,-0.9715790145627936,-0.967840697119594,-1.4355900777303017
2004-04-25 15:00:00,-0.8424996080175017,-0.9966969097329392,-0.8260332261064736,-0.8892931135597233,-1.1092391360905869
2004-04-25 16:00:00,-0.5629670616450568,-0.9186838442871176,-0.7116758208907935,-0.7616532902749337,-0.782888194450872
2004-04-25 17:00:00,-0.4930839250519458,-0.4746094717493638,-0.6908835653970335,-0.7714717382199174,-0.7393747355655766
2004-04-25 18:00:00,-0.4232007884588346,-0.4806104767836578,-0.5557339046875934,-0.688014930687555,-0.5870776294670431
2004-04-25 19:00:00,0.4153968506584996,0.5155563589091413,0.0368453768845668,-0.5603751074027654,-0.2172132289420331
2004-04-25 20:00:00,0.2756305774722771,-0.0785431394859617,-0.3270190942562334,-0.5161920916503382,-0.1954564994993854
2004-04-25 21:00:00,-0.4930839250519458,-0.7326526882240045,-0.6492990544095135,-0.6781964827425712,-0.4347805233685096
2004-04-25 22:00:00,0.4852799872516105,0.779600580418076,0.171995037594007,-0.5996488991827007,-0.3695103350405666
2004-04-25 23:00:00,-0.0039019689001675,0.2095051021601488,-0.4517726272187933,-0.6683780347975874,-0.6741045472376337
2004-04-26 00:00:00,-0.7027333348312792,-0.9066818342185295,-0.7740525873720735,-0.8991115615047072,-1.152752594975882
2004-04-26 01:00:00,-0.982265881203724,-1.032702939938703,-0.9507867590690338,-1.0071144888995291,-1.457346807172949
2004-04-26 02:00:00,-1.1919152909830577,-1.0867119852473488,-1.0443519087909536,-1.0856620724593995,-1.8489679371406067
2004-04-26 03:00:00,-1.2617984275761684,-1.1467220355902883,-1.0963325475253538,-0.5254624318101853,-0.5316163279566842
2004-04-26 04:00:00,-1.2819369745520195,-1.2007310808989342,-1.117124803019114,-1.120026640266843,-2.023021772681788
2004-04-26 05:00:00,-1.1919152909830577,-1.1767270607617584,-1.054748036537834,-0.9972960409545452,-1.4355900777303017
2004-04-26 06:00:00,-0.9123827446106128,-0.9426878644242936,-0.8260332261064736,-0.8254732019173285,-0.8264016533361672
2004-04-26 07:00:00,-0.1436682420863899,-0.3725923861663663,-0.3997919884843933,-0.5996488991827007,-0.4130237939258619
2004-04-26 08:00:00,-0.0039019689001675,0.1074880165771513,-0.2542462000280732,-0.5112828676778463,-0.4565372528111572
2004-04-26 09:00:00,-0.4930839250519458,-0.7686587184297684,-0.6285067989157536,-0.6143765711001764,-0.5653209000243955
2004-04-26 10:00:00,-0.4930839250519458,-0.84667178387559,-0.6181106711688734,-0.6291042430176521,-0.5870776294670431
2004-04-26 11:00:00,-0.5629670616450568,-0.6966466580182408,-0.6389029266626335,-0.688014930687555,-0.6958612766802814
2004-04-26 12:00:00,-0.4232007884588346,-0.648638617743889,-0.4933571382063134,-0.6978333786325388,-0.6523478177949861
2004-04-26 13:00:00,-0.3533176518657233,-0.4446044465778939,-0.4621687549656733,-0.7027426026050307,-0.7611314650082243
2004-04-26 14:00:00,-0.5629670616450568,-0.6786436429153588,-0.6181106711688734,-0.746925618357458,-0.717618006122929
2004-04-26 15:00:00,-0.4930839250519458,-0.6606406278124769,-0.5557339046875934,-0.746925618357458,-0.717618006122929
2004-04-26 16:00:00,-0.4232007884588346,-0.5046144969208337,-0.5141493937000734,-0.7223794984949984,-0.6305910883523385
2004-04-26 17:00:00,0.0659811676929437,-0.2765763056176628,-0.0671159005842332,-0.5849212272652249,-0.1954564994993854
2004-04-26 18:00:00,0.7648125336240554,1.1276588724071264,0.2655601873159271,-0.4474629560354514,0.1961646304682722
2004-04-26 19:00:00,0.625046260437833,0.7015875149722544,0.1200143988596069,-0.5063736437053543,0.022110794927091
2004-04-26 20:00:00,0.3455137140653883,0.1134890216114452,-0.2126616890405531,-0.5603751074027654,-0.0214026639582042
2004-04-26 21:00:00,-0.3533176518657233,-0.7086486680868287,-0.4829610104594334,-0.7321979464399822,-0.1954564994993854
2004-04-26 22:00:00,-0.4232007884588346,-0.7446546982925925,-0.6285067989157536,-0.7812901861649013,-0.4565372528111572
2004-04-26 23:00:00,-0.6328501982381681,-0.8106657536698262,-0.7636564596251936,-0.8598377697247719,-0.7611314650082243
2004-04-27 00:00:00,-0.9123827446106128,-0.9966969097329392,-0.9507867590690338,-0.9776591450645776,-1.2832929716317678
2004-04-27 01:00:00,-0.982265881203724,-1.056706960075879,-1.0027673978034335,-1.0463882806794644,-1.5443737249435396
2004-04-27 02:00:00,-1.1220321543899463,-1.1167170104188189,-1.0131635255503135,-1.0758436245144158,-1.6966708310420733
2004-04-27 03:00:00,-1.1220321543899463,-1.056706960075879,-1.0235596532971938,-0.5518771520143472,-0.5020062478106786
2004-04-27 04:00:00,-1.1105838303294644,-1.056706960075879,-0.9195983758283937,-1.0022052649270372,-1.3268064305170633
2004-04-27 05:00:00,-0.982265881203724,-1.0747099751787608,-0.8364293538533536,-0.8843838895872314,-0.913428571106758
2004-04-27 06:00:00,-0.4930839250519458,-0.6366366076753011,-0.2542462000280732,-0.6192857950726682,-0.7393747355655766
2004-04-27 07:00:00,1.3937607629620554,2.201838773545747,1.2531923232695277,0.3723774473706974,0.2614348187962151
2004-04-27 08:00:00,1.7431764459276111,2.495888020226152,1.2947768342570478,0.0090948734062961,0.4137319248947487
2004-04-27 09:00:00,-0.1436682420863899,-0.432602436509306,-0.3582074774968732,-0.5407382115127978,-0.347753605597919
2004-04-27 10:00:00,-0.1436682420863899,-0.3725923861663663,-0.3270190942562334,-0.4769182998704029,-0.2389699583846807
2004-04-27 11:00:00,-0.2834345152726122,-0.5346195220923036,-0.2646423277749531,-0.5898304512377168,-0.6305910883523385
2004-04-27 12:00:00,0.2057474408791658,0.2275081172630307,0.3383330815440871,-0.5211013156228301,-0.5000507116964525
2004-04-27 13:00:00,0.625046260437833,1.16366490261289,0.6918014249380073,-0.4327352841179757,-0.0649161228434995
2004-04-27 14:00:00,-0.0737851054932787,-0.2645742955490748,0.0680337601252069,-0.5751027793202411,-0.3259968761552713
2004-04-27 15:00:00,0.4153968506584996,0.359530228017498,0.3591253370378472,-0.4376445080904676,0.0003540654844433
2004-04-27 16:00:00,0.0659811676929437,0.2515121374002066,0.1200143988596069,-0.5800120032927331,-0.2389699583846807
2004-04-27 17:00:00,0.5551631238447217,0.3415272129146161,0.4318982312660072,-0.4081891642555161,0.0656242538123863
2004-04-27 18:00:00,0.9045788068102776,0.9596307314468951,0.6606130416973672,-0.3247323567231537,0.3702184660094534
2004-04-27 19:00:00,1.2539944897758333,1.4397111341904127,1.0660620238256877,-0.3001862368606942,0.457245383780044
2004-04-27 20:00:00,1.0443450799965,2.027809627551222,0.7853665746599272,-0.2805493409707265,0.5877857604359299
2004-04-27 21:00:00,0.2756305774722771,0.371532238086086,0.1200143988596069,-0.5063736437053543,0.2614348187962151
2004-04-27 22:00:00,-0.213551378679501,-0.4806104767836578,-0.2646423277749531,-0.6831057067150631,-0.2172132289420331
2004-04-27 23:00:00,-0.0737851054932787,-0.0845441445202557,-0.046323645090473,-0.6241950190451602,-0.0431593934008519
2004-04-28 00:00:00,-0.5629670616450568,-0.6966466580182408,-0.3478113497499933,-0.8156547539723447,-0.5870776294670431
2004-04-28 01:00:00,-0.7726164714243904,-0.7866617335326502,-0.7220719486376735,-0.904020785477199,-0.782888194450872
2004-04-28 02:00:00,-1.0521490177968351,-0.9966969097329392,-0.8884099925877535,-0.967840697119594,-1.0004554888773485
2004-04-28 03:00:00,-1.0521490177968351,-1.020700929870115,-0.8988061203346337,-0.6091552395580833,-0.5151377699222497
2004-04-28 04:00:00,-1.127555566917522,-1.0927129902816428,-0.9507867590690338,-1.0512975046519564,-1.522616995500892
2004-04-28 05:00:00,-1.1220321543899463,-1.1047150003502306,-0.9195983758283937,-1.026751384789497,-1.5443737249435396
2004-04-28 06:00:00,-0.7027333348312792,-0.7326526882240045,-0.3997919884843933,-0.796017858082377,-0.8916718416641102
2004-04-28 07:00:00,2.372124675265612,3.222009629375722,1.980921265551128,0.4067420151781408,-0.1301863111714425
2004-04-28 08:00:00,1.463643899555167,2.225842793682923,1.1076465348132076,0.176008488471021,-0.2172132289420331
2004-04-28 09:00:00,1.7431764459276111,2.645913146083501,1.3883419839789677,0.4116512391506327,0.7835963254197587
2004-04-28 10:00:00,0.9045788068102776,0.9296257062754252,0.7333859359255273,0.0827332329936747,0.9794068904035876
2004-04-28 11:00:00,0.4852799872516105,1.0136397767555407,0.5670478919754474,-0.2069109813833479,0.6312992193212251
2004-04-28 12:00:00,0.2756305774722771,0.6955865099379605,0.296748570556567,-0.5014644197328625,0.2396780893535675
2004-04-28 13:00:00,0.2057474408791658,0.4555463085662016,0.4526904867597671,-0.5849212272652249,-0.0431593934008519
2004-04-28 14:00:00,0.7648125336240554,1.7637654060422874,1.0972504070663274,-0.3394600286406294,0.3484617365668057
2004-04-28 15:00:00,0.9744619434033888,2.0518136476883977,0.9828930018506477,-0.202001757410856,0.761839595977111
2004-04-28 16:00:00,0.5551631238447217,0.9476287213783072,0.5046711254941671,-0.4818275238428948,0.2396780893535675
2004-04-28 17:00:00,1.0443450799965,1.7517633959736991,0.8789317243818475,-0.2952770128882022,0.761839595977111
2004-04-28 18:00:00,1.8829427191138337,3.438045810610305,1.824979349347928,-0.0743619341260663,1.0881905376168255
2004-04-28 19:00:00,2.3022415386725013,3.5940719415019484,1.762602582866648,-0.0792711580985582,0.9794068904035876
2004-04-28 20:00:00,2.23235840207939,3.5220598810904207,1.4091342394727275,0.1318254727185938,1.131703996502121
2004-04-28 21:00:00,0.4153968506584996,0.6895855049036664,0.1823911653408869,-0.4278260601454838,0.4137319248947487
2004-04-28 22:00:00,-0.4930839250519458,-0.3665913811320723,-0.2854345832687133,-0.7812901861649013,-0.3042401467126237
2004-04-28 23:00:00,-0.3533176518657233,-0.4446044465778939,-0.1918694335467932,-0.742016394384966,-0.3912670644832143
2004-04-29 00:00:00,-0.4232007884588346,-0.6006305774695372,-0.3686036052437533,-0.7371071704124741,-0.4565372528111572
2004-04-29 01:00:00,-0.7726164714243904,-0.7986637436012383,-0.6389029266626335,-0.9187484573946748,-1.0657256772052914
2004-04-29 02:00:00,-1.0521490177968351,-0.9426878644242936,-0.8884099925877535,-1.0022052649270372,-1.2180227833038249
2004-04-29 03:00:00,-1.1919152909830577,-0.84667178387559,-0.9403906313221536,-0.6383028205345908,-0.611703175704714
2004-04-29 04:00:00,-1.0515880105135702,-1.062707965110173,-0.9195983758283937,-1.016932936844513,-1.4355900777303017
2004-04-29 05:00:00,-0.9123827446106128,-0.9186838442871176,-0.7220719486376735,-0.796017858082377,-1.152752594975882
2004-04-29 06:00:00,-0.4232007884588346,-0.4145994214064241,-0.2022655612936731,-0.4867367478153867,-0.913428571106758
2004-04-29 07:00:00,1.952825855706945,2.50789003029474,1.918544499069848,0.2692837439483673,-0.3259968761552713
2004-04-29 08:00:00,3.560137997348502,5.472386517235961,2.583896674870169,0.6374755418852606,0.326705007124158
2004-04-29 09:00:00,0.9744619434033888,1.5477292248077044,0.6918014249380073,0.0581871131312152,0.5442723015506346
2004-04-29 10:00:00,-0.0039019689001675,0.0174729410627417,-0.046323645090473,-0.4572814039804352,0.1744079010256245
2004-04-29 11:00:00,-0.4232007884588346,-0.6726426378810648,-0.2438500722811932,-0.6291042430176521,-0.4130237939258619
2004-04-29 12:00:00,-0.0737851054932787,-0.1625572099660773,0.3175408260503271,-0.6585595868526035,-0.4565372528111572
2004-04-29 13:00:00,1.184111353182722,1.7937704312137572,1.1388349180538475,-0.1627279656309207,0.4137319248947487
2004-04-29 14:00:00,0.9045788068102776,0.773599575383782,0.9932891295975274,-0.1823648615208883,0.2614348187962151
2004-04-29 15:00:00,1.6034101727413894,2.087819677894162,1.2220039400288878,0.1367346966910857,0.6095424898785775
2004-04-29 16:00:00,1.2539944897758333,1.595737265082056,1.0244775128381676,0.0385502172412475,0.5660290309932822
2004-04-29 17:00:00,1.952825855706945,2.603906110843443,1.398738111725848,0.0434594412137394,0.7183261370918157
2004-04-29 18:00:00,2.3022415386725013,2.639912141049207,1.7937909661072882,0.1612808165535453,0.761839595977111
2004-04-29 19:00:00,3.070956041196724,3.678086011982064,2.2096360759824885,0.4607434788755518,0.7835963254197587
2004-04-29 20:00:00,1.533527036148278,1.3076890234359453,0.8165549579005673,0.0336409932687556,0.2614348187962151
2004-04-29 21:00:00,0.5551631238447217,-0.0485381143144919,0.5150672532410473,-0.2854585649432184,0.0438675243697386
2004-04-29 22:00:00,0.4153968506584996,-0.0905451495545497,0.244767931822167,-0.4032799402830243,-0.1736997700567378
2004-04-29 23:00:00,0.4852799872516105,-0.2585732905147809,0.234371804075287,-0.3247323567231537,-0.282483417269976
2004-04-30 00:00:00,0.1358643042860546,-0.2825773106519568,-0.0255313895967131,-0.4965551957603705,-0.5435641705817479
2004-04-30 01:00:00,-0.2834345152726122,-0.6066315825038312,-0.3893958607375133,-0.7223794984949984,-0.7393747355655766
2004-04-30 02:00:00,-0.6328501982381681,-0.7566567083611804,-0.5661300324344735,-0.7763809621924094,-0.782888194450872
2004-04-30 03:00:00,-0.7726164714243904,-0.8766768090470598,-0.6596951821563936,-0.6582184146635363,-0.8032891120794972
2004-04-30 04:00:00,-0.9017854784790764,-0.9486888694585874,-0.7636564596251936,-0.9432945772571344,-1.1745093244185296
2004-04-30 05:00:00,-0.9123827446106128,-1.014699924835821,-0.7116758208907935,-0.8352916498623123,-0.9569420299920532
2004-04-30 06:00:00,-0.2834345152726122,-0.6366366076753011,-0.2126616890405531,-0.3738245964480728,-0.4347805233685096
2004-04-30 07:00:00,0.625046260437833,0.7675985703494881,0.7229898081786474,-0.1234541738509854,0.022110794927091
2004-04-30 08:00:00,0.9045788068102776,0.6895855049036664,0.8893278521287273,-0.3787338204205647,-0.1519430406140901
2004-04-30 09:00:00,0.8346956702171663,0.7615975653151941,0.5462556364816874,-0.143091069740953,0.1526511715829769
2004-04-30 10:00:00,0.4153968506584996,-0.03053509921161,0.1304105266064869,-0.2314571012458074,0.1308944421403292
2004-04-30 11:00:00,0.3455137140653883,-0.3065813307891326,0.161598909847127,-0.1136357259060016,-0.0214026639582042
2004-04-30 12:00:00,0.7648125336240554,-0.018533089143022,0.3695214647847272,-0.1283633978234773,0.1308944421403292
2004-04-30 13:00:00,0.9045788068102776,0.9596307314468951,0.6294246584567271,-0.1774556375483964,0.1091377126976816
2004-04-30 14:00:00,0.3455137140653883,-0.0425371092801979,0.4215021035191272,-0.4180076122005,-0.347753605597919
2004-04-30 15:00:00,0.9045788068102776,0.2875181676059704,0.5566517642285672,-0.2609124450807589,0.2396780893535675
2004-04-30 16:00:00,1.323877626368945,0.8876186710353674,0.6918014249380073,-0.1381818457684611,0.0873809832550339
2004-04-30 17:00:00,1.6732933093345004,1.421708119087531,0.8165549579005673,-0.1136357259060016,0.0003540654844433
2004-04-30 18:00:00,1.463643899555167,1.4577141492932946,1.0036852573444075,-0.1136357259060016,0.2614348187962151
2004-04-30 19:00:00,2.5118909484518346,2.549897065534797,1.6170567944103278,0.2103730562784644,0.5442723015506346
2004-04-30 20:00:00,1.6034101727413894,1.7037553556993477,0.8477433411412074,0.0778240090211828,0.5007588426653393
2004-04-30 21:00:00,0.6949293970309441,0.1014870115428573,0.3903137202784871,-0.2412755491907912,0.0003540654844433
2004-04-30 22:00:00,0.625046260437833,-0.03053509921161,0.3383330815440871,-0.3149139087781699,-0.1736997700567378
2004-04-30 23:00:00,0.6949293970309441,0.3475282179489101,0.244767931822167,-0.3492784765856133,-0.0431593934008519
2004-05-01 00:00:00,0.9744619434033888,0.3475282179489101,0.4007098480253671,-0.2609124450807589,0.0003540654844433
2004-05-01 01:00:00,0.2057474408791658,-0.0068085303264774,-0.2126616890405531,-0.5358289875403058,-0.5653209000243955
2004-05-01 02:00:00,-0.3533176518657233,-0.549594701609149,-0.5037532659531934,-0.7518348423299498,-0.848158382778815
2004-05-01 03:00:00,-0.5629670616450568,-0.5871478201412818,-0.5245455214469534,-0.5308519710919974,-0.6602340346515244
2004-05-01 04:00:00,-1.0085291061902966,-0.8220790726165044,-0.8156370983595936,-0.9972960409545452,-1.479103536615597
2004-05-01 05:00:00,-1.0521490177968351,-0.9051488015909028,-0.9092022480815136,-1.0512975046519564,-1.6966708310420733
2004-05-01 06:00:00,-0.982265881203724,-0.82956435028116,-0.8572216093471137,-1.021842160817005,-1.6314006427141303
2004-05-01 07:00:00,-0.6328501982381681,-0.6088402959198499,-0.5037532659531934,-0.800927082054869,-0.9351853005494056
2004-05-01 08:00:00,-0.4232007884588346,-0.5346132038954748,-0.5037532659531934,-0.7812901861649013,-0.8046449238935196
2004-05-01 09:00:00,-0.213551378679501,-0.2866506246770046,-0.2646423277749531,-0.6585595868526035,-0.5218074411391002
2004-05-01 10:00:00,-0.0039019689001675,-0.1642070834510002,-0.2646423277749531,-0.5898304512377168,-0.4565372528111572
2004-05-01 11:00:00,-0.1436682420863899,-0.1940897736809751,-0.2230578167874333,-0.6536503628801117,-0.5218074411391002
2004-05-01 12:00:00,-0.0737851054932787,-0.1930957107132582,-0.2230578167874333,-0.6732872587700793,-0.5218074411391002
2004-05-01 13:00:00,-0.5629670616450568,-0.5325135480508038,-0.5453377769407135,-0.850019321779788,-0.9569420299920532
2004-05-01 14:00:00,-0.5629670616450568,-0.5212307136038489,-0.5037532659531934,-0.8794746656147395,-0.913428571106758
2004-05-01 15:00:00,-0.213551378679501,-0.2424217817869207,-0.2230578167874333,-0.7763809621924094,-0.6088343589096907
2004-05-01 16:00:00,-0.0737851054932787,-0.2584114897351239,-0.3166229665093532,-0.688014930687555,-0.4130237939258619
2004-05-01 17:00:00,-0.213551378679501,-0.3093368887190796,-0.3166229665093532,-0.7321979464399822,-0.3259968761552713
2004-05-01 18:00:00,0.2057474408791658,0.1297639640976402,-0.0359275173435931,-0.6094673471276845,-0.1301863111714425
2004-05-01 19:00:00,1.323877626368945,1.067902282481895,0.348729209290967,-0.2118202053558398,0.457245383780044
2004-05-01 20:00:00,0.4852799872516105,0.1685710615641318,-0.056719772837353,-0.4032799402830243,0.0438675243697386
2004-05-01 21:00:00,-0.0737851054932787,-0.1860316919545514,-0.2022655612936731,-0.634013466990144,-0.2172132289420331
2004-05-01 22:00:00,1.0443450799965,0.8014663029850487,0.3591253370378472,-0.2658216690532508,0.1091377126976816
2004-05-01 23:00:00,1.1142282165896111,0.7278115113980567,0.2031834208346471,-0.2363663252182993,0.4137319248947487
2004-05-02 00:00:00,0.1358643042860546,-0.1594449028354832,-0.3062268387624732,-0.6536503628801117,-0.2389699583846807
2004-05-02 01:00:00,-0.213551378679501,-0.4528800940385932,-0.3582074774968732,-0.796017858082377,-0.782888194450872
2004-05-02 02:00:00,-0.8424996080175017,-0.6656686305351497,-0.6077145434219935,-0.9825683690370696,-1.1962660538611771
2004-05-02 03:00:00,-0.3533176518657233,-0.5402781998969725,-0.4933571382063134,-0.4730639418033772,-0.5347427622756254
2004-05-02 04:00:00,-1.0554769984410166,-0.8271156369537204,-0.8364293538533536,-1.0414790567069725,-1.6314006427141303
2004-05-02 05:00:00,-1.0521490177968351,-0.9010053006402144,-0.9092022480815136,-1.0071144888995291,-1.5878871838288349
2004-05-02 06:00:00,-0.982265881203724,-0.8179563576177017,-0.8052409706127136,-0.8892931135597233,-1.4138333482876535
2004-05-02 07:00:00,-0.9123827446106128,-0.751705851737467,-0.6804874376501535,-0.9334761293121504,-1.392076618845006
2004-05-02 08:00:00,-0.6328501982381681,-0.612496105329818,-0.5661300324344735,-0.742016394384966,-0.913428571106758
2004-05-02 09:00:00,-0.4930839250519458,-0.5060902995047222,-0.4621687549656733,-0.7076518265775227,-0.717618006122929
2004-05-02 10:00:00,-0.3533176518657233,-0.3074867558651076,-0.2958307110155933,-0.7321979464399822,-0.6741045472376337
2004-05-02 11:00:00,-0.5629670616450568,-0.535831196578331,-0.5453377769407135,-0.7861994101373933,-0.8264016533361672
2004-05-02 12:00:00,-0.5629670616450568,-0.5338397284083428,-0.5349416491938335,-0.8156547539723447,-0.913428571106758
2004-05-02 13:00:00,-0.7027333348312792,-0.6984508237010821,-0.6804874376501535,-0.85492854575228,-1.0004554888773485
2004-05-02 14:00:00,-0.6328501982381681,-0.5463534666360212,-0.4725648827125534,-0.8254732019173285,-0.8046449238935196
2004-05-02 15:00:00,-0.4232007884588346,-0.4684159906319691,-0.4517726272187933,-0.7174702745225064,-0.5653209000243955
2004-05-02 16:00:00,-0.7027333348312792,-0.590548566692317,-0.6077145434219935,-0.8303824258898204,-0.9351853005494056
2004-05-02 17:00:00,-0.1436682420863899,-0.1994406454184019,-0.1918694335467932,-0.526010539595322,-0.0866728522861472
2004-05-02 18:00:00,0.1358643042860546,0.2182785136492663,0.0576376323783269,-0.4621906279529272,0.0873809832550339
2004-05-02 19:00:00,0.8346956702171663,0.7426101934600132,0.2551640595690471,-0.143091069740953,0.2831915482388628
2004-05-02 20:00:00,0.3455137140653883,0.0015924738220261,-0.0671159005842332,-0.3345508046681375,-0.0431593934008519
2004-05-02 21:00:00,0.0659811676929437,-0.1068287910073929,-0.1710771780530332,-0.4229168361729919,-0.2172132289420331
2004-05-02 22:00:00,0.1358643042860546,0.0965320801400296,-0.1190965393186332,-0.3296415806956456,0.1744079010256245
2004-05-02 23:00:00,-0.0737851054932787,-0.2680676174188611,-0.3166229665093532,-0.4180076122005,0.2396780893535675
2004-05-03 00:00:00,-0.3533176518657233,-0.5203582530330672,-0.4413764994719134,-0.692924154660047,-0.347753605597919
2004-05-03 01:00:00,-0.9123827446106128,-0.8350130167173269,-0.8676177370939936,-0.9874775930095616,-1.2615362421891203
2004-05-03 02:00:00,-1.0521490177968351,-0.9089763927001558,-0.9507867590690338,-1.0414790567069725,-1.5443737249435396
2004-05-03 03:00:00,-1.1919152909830577,-0.919306117998693,-1.0027673978034335,-0.650871920095021,-0.8136738205404265
2004-05-03 04:00:00,-1.1654705646202188,-0.9236455746191414,-1.0235596532971938,-1.0463882806794644,-1.6749141015994256
2004-05-03 05:00:00,-0.982265881203724,-0.8038553784649676,-0.7948448428658336,-0.8696562176697556,-1.152752594975882
2004-05-03 06:00:00,-0.5629670616450568,-0.4994362309953216,-0.3270190942562334,-0.4229168361729919,-0.6523478177949861
2004-05-03 07:00:00,0.9045788068102776,1.1638432772132137,1.0140813850912878,0.2201915042234482,-0.1954564994993854
2004-05-03 08:00:00,1.813059582520723,2.354187164474662,1.575472283422808,0.4018327912056488,-0.0214026639582042
2004-05-03 09:00:00,0.9045788068102776,0.9663664786747188,0.6294246584567271,0.392014343260665,-0.0214026639582042
2004-05-03 10:00:00,0.2756305774722771,0.3195741344088812,0.161598909847127,-0.1823648615208883,0.022110794927091
2004-05-03 11:00:00,-0.0737851054932787,-0.1082581685798008,-0.046323645090473,-0.5063736437053543,-0.1736997700567378
2004-05-03 12:00:00,-0.1436682420863899,-0.0963939684565347,-0.0359275173435931,-0.5456474354852896,-0.3042401467126237
2004-05-03 13:00:00,-0.2834345152726122,-0.1850010933269119,-0.056719772837353,-0.6683780347975874,-0.4347805233685096
2004-05-03 14:00:00,-0.4930839250519458,-0.2583990364776065,-0.1398887948123932,-0.8058363060273609,-0.8916718416641102
2004-05-03 15:00:00,-0.4232007884588346,-0.1562676739432723,-0.0151352618498331,-0.7714717382199174,-0.782888194450872
2004-05-03 16:00:00,0.2057474408791658,0.5042121738552989,0.5670478919754474,-0.5358289875403058,-0.1736997700567378
2004-05-03 17:00:00,1.2539944897758333,1.609120487918242,1.2739845787632875,-0.2363663252182993,0.391975195452101
2004-05-03 18:00:00,1.463643899555167,1.743087138206832,1.242796195522648,-0.2265478772733155,0.4354886543373963
2004-05-03 19:00:00,1.1142282165896111,1.3733557828700491,0.8373472133943273,-0.3689153724755809,0.2179213599109198
2004-05-03 20:00:00,0.7648125336240554,0.7302675501710949,0.1823911653408869,-0.4376445080904676,0.0656242538123863
2004-05-03 21:00:00,-0.0737851054932787,-0.1245944616728833,-0.1606810503061531,-0.5849212272652249,-0.2172132289420331
2004-05-03 22:00:00,-0.7027333348312792,-0.6659838536160603,-0.6285067989157536,-0.8696562176697556,-0.8699151122214626
2004-05-03 23:00:00,-0.4232007884588346,-0.4769050832637948,-0.4829610104594334,-0.7567440663024417,-0.5870776294670431
2004-05-04 00:00:00,-0.5629670616450568,-0.6029394663541154,-0.6077145434219935,-0.7812901861649013,-0.6305910883523385
2004-05-04 01:00:00,-0.7726164714243904,-0.8005454674393537,-0.7948448428658336,-0.8843838895872314,-0.8916718416641102
2004-05-04 02:00:00,-1.0521490177968351,-0.9089763927001558,-0.9507867590690338,-1.012023712872021,-1.3485631599597108
2004-05-04 03:00:00,-1.1919152909830577,-0.919306117998693,-1.0235596532971938,-0.6960172144599762,-0.9006879570292248
2004-05-04 04:00:00,-1.2156525253191022,-0.920326850166792,-1.0235596532971938,-1.066025176569432,-1.7836977488126635
2004-05-04 05:00:00,-1.0521490177968351,-0.8544013651509558,-0.8780138648408736,-0.9285669053396586,-1.3703198894023585
2004-05-04 06:00:00,-0.1436682420863899,-0.2328728803131315,-0.1502849225592731,-0.2854585649432184,-0.4782939822538049
2004-05-04 07:00:00,1.6732933093345004,2.0330041010251207,1.2116078122820078,0.3134667597007945,-0.0214026639582042
2004-05-04 08:00:00,1.533527036148278,1.8430787380818432,1.1388349180538475,0.0974609049111504,0.0656242538123863
2004-05-04 09:00:00,0.7648125336240554,0.9012372238114053,0.5046711254941671,-0.2265478772733155,-0.1301863111714425
2004-05-04 10:00:00,-0.5629670616450568,-0.4056261168205374,-0.3582074774968732,-0.7567440663024417,-0.9786987594347007
2004-05-04 11:00:00,0.0659811676929437,0.1354595896185466,0.109618271112727,-0.5407382115127978,-0.5000507116964525
2004-05-04 12:00:00,0.3455137140653883,0.4123393653371089,0.234371804075287,-0.4572814039804352,-0.2389699583846807
2004-05-04 13:00:00,0.1358643042860546,0.3127477347917759,0.099222143365847,-0.5211013156228301,-0.2172132289420331
2004-05-04 14:00:00,0.2057474408791658,0.329741669763464,0.0784298878720869,-0.5014644197328625,-0.1084295817287948
2004-05-04 15:00:00,0.3455137140653883,0.3510420510663722,0.161598909847127,-0.4818275238428948,-0.282483417269976
2004-05-04 16:00:00,-0.6328501982381681,-0.5519091761459962,-0.5245455214469534,-0.8991115615047072,-1.2180227833038249
2004-05-04 17:00:00,-0.3533176518657233,-0.1556004174173186,-0.0775120283311131,-0.8402008738348042,-1.1092391360905869
2004-05-04 18:00:00,1.2539944897758333,1.4607756361450492,0.9621007463568876,-0.2314571012458074,-0.0214026639582042
2004-05-04 19:00:00,1.813059582520723,2.3236909681758124,1.1180426625600877,-0.0547250382360987,0.326705007124158
2004-05-04 20:00:00,2.3022415386725013,2.408997247259504,0.9828930018506477,0.1269162487461019,0.4790021132226916
2004-05-04 21:00:00,0.625046260437833,0.6094934779969896,0.047241504631447,-0.2069109813833479,0.0003540654844433
2004-05-04 22:00:00,-0.8424996080175017,-0.7521641499277233,-0.7324680763845536,-0.95802224917461,-1.2397795127464726
2004-05-04 23:00:00,-0.7027333348312792,-0.6844349112853606,-0.6596951821563936,-0.8843838895872314,-1.0657256772052914
2004-05-05 00:00:00,-0.982265881203724,-0.9087815816312708,-0.9403906313221536,-1.0071144888995291,-1.5008602660582444
2004-05-05 01:00:00,-1.1220321543899463,-0.9239062689143782,-1.0339557810440738,-1.100389744376875,-1.9142381254685497
2004-05-05 02:00:00,-1.1220321543899463,-0.9245033385146912,-1.0235596532971938,-1.0807528484869078,-1.7836977488126635
2004-05-05 03:00:00,-1.1220321543899463,-0.9201638590022252,-0.9923712700565536,-0.6306586383429877,-0.8242834463627662
2004-05-05 04:00:00,-1.1518134545336816,-0.9133841133167754,-0.9611828868159136,-1.0316606087619886,-1.5008602660582444
2004-05-05 05:00:00,-0.9123827446106128,-0.8236085798734368,-0.8156370983595936,-0.8942023375322152,-1.2180227833038249
2004-05-05 06:00:00,-0.5629670616450568,-0.5471531305911679,-0.4621687549656733,-0.6389226909626359,-0.6305910883523385
2004-05-05 07:00:00,0.9744619434033888,1.2263289618961677,0.8061588301536876,0.0630963371037071,-0.0649161228434995
2004-05-05 08:00:00,1.3877325880009814,1.654899211960829,1.1076465348132076,0.7233068089738981,0.0574394197357909
2004-05-05 09:00:00,1.2539944897758333,1.5934953124566342,0.7853665746599272,0.0827332329936747,0.3049482776815104
2004-05-05 10:00:00,0.5551631238447217,0.4555745115317558,0.171995037594007,-0.1185449498784935,0.2831915482388628
2004-05-05 11:00:00,0.3455137140653883,0.366612835094411,0.171995037594007,-0.2363663252182993,0.2179213599109198
2004-05-05 12:00:00,0.625046260437833,0.8856814569468432,0.3279369537972071,-0.2756401169982346,0.0656242538123863
2004-05-05 13:00:00,1.1142282165896111,1.386964629430669,0.8685355966349674,-0.1774556375483964,0.0873809832550339
2004-05-05 14:00:00,1.2539944897758333,1.5957658343198904,0.8373472133943273,-0.0694527101535744,0.2179213599109198
2004-05-05 15:00:00,0.9744619434033888,1.210326342850097,0.5254633809879271,-0.0841803820710501,0.326705007124158
2004-05-05 16:00:00,0.2057474408791658,0.2246638298732718,-0.0151352618498331,-0.5505566594577815,-0.4782939822538049
2004-05-05 17:00:00,-0.3533176518657233,-0.1902911638658712,-0.1398887948123932,-0.7812901861649013,-0.8264016533361672
2004-05-05 18:00:00,0.625046260437833,0.8931385774299797,0.3383330815440871,-0.4965551957603705,-0.1519430406140901
2004-05-05 19:00:00,-0.3533176518657233,-0.3023401724918091,-0.2958307110155933,-0.8352916498623123,-0.9351853005494056
2004-05-05 20:00:00,-0.0039019689001675,-0.1107597166836198,-0.2230578167874333,-0.6978333786325388,-0.6741045472376337
2004-05-05 21:00:00,-0.213551378679501,-0.4065210115684645,-0.4621687549656733,-0.6241950190451602,-0.4565372528111572
2004-05-05 22:00:00,-0.7027333348312792,-0.763330509789662,-0.7948448428658336,-0.8942023375322152,-0.9351853005494056
2004-05-05 23:00:00,-0.4232007884588346,-0.6245780543234997,-0.6700913099032735,-0.7714717382199174,-0.5870776294670431
2004-05-06 00:00:00,-0.4930839250519458,-0.7100319411360011,-0.7012796931439136,-0.7812901861649013,-0.7393747355655766
2004-05-06 01:00:00,-0.8424996080175017,-0.8205288709757561,-0.8260332261064736,-0.9432945772571344,-1.1309958655332344
2004-05-06 02:00:00,-1.1220321543899463,-0.9262744481242692,-1.054748036537834,-1.0758436245144158,-1.7401842899273685
2004-05-06 03:00:00,-1.1919152909830577,-0.9260718995534708,-1.0755402920315935,-0.588795810711776,-0.6978612982947716
2004-05-06 04:00:00,-1.2491212099889146,-0.9270926546135873,-1.054748036537834,-1.0954805204043836,-1.9142381254685497
2004-05-06 05:00:00,-1.0521490177968351,-0.9121321030959212,-0.9403906313221536,-0.9334761293121504,-1.3050497010744155
2004-05-06 06:00:00,-0.5629670616450568,-0.5803538356209498,-0.5453377769407135,-0.5407382115127978,-0.3912670644832143
2004-05-06 07:00:00,0.5551631238447217,0.4941915136849662,0.5670478919754474,-0.2216386533008236,-0.1954564994993854
2004-05-06 08:00:00,1.0443450799965,1.3774827557841065,0.9309123631162476,-0.1725464135759045,0.2396780893535675
2004-05-06 09:00:00,0.9045788068102776,1.1036431315569928,0.5254633809879271,-0.089089606043542,0.4354886543373963
2004-05-06 10:00:00,0.2756305774722771,0.331273420438111,0.1200143988596069,-0.3787338204205647,0.0873809832550339
2004-05-06 11:00:00,-0.0039019689001675,-0.0428456021079649,-0.1606810503061531,-0.5063736437053543,-0.2172132289420331
2004-05-06 12:00:00,-0.7027333348312792,-0.6839801384657985,-0.6389029266626335,-0.8892931135597233,-1.1745093244185296
2004-05-06 13:00:00,-0.213551378679501,-0.2493533015483645,-0.2542462000280732,-0.7223794984949984,-0.7611314650082243
2004-05-06 14:00:00,0.625046260437833,0.906363021232818,0.286352442809687,-0.0939988300160339,0.2396780893535675
2004-05-06 15:00:00,0.6949293970309441,0.7337390788402257,0.1408066543533669,0.0041856494338042,0.391975195452101
2004-05-06 16:00:00,1.0443450799965,1.096578288685656,0.3383330815440871,-0.143091069740953,0.6312992193212251
2004-05-06 17:00:00,0.8346956702171663,0.7608809535995205,0.109618271112727,-0.3394600286406294,0.2614348187962151
2004-05-06 18:00:00,-0.213551378679501,-0.2339606174164393,-0.2022655612936731,-0.7174702745225064,-0.3912670644832143
2004-05-06 19:00:00,-0.0039019689001675,-0.0105782961995372,-0.0359275173435931,-0.6438319149351278,-0.282483417269976
2004-05-06 20:00:00,0.0659811676929437,-0.1283099276804442,-0.2542462000280732,-0.5701935553477492,-0.2607266878273284
2004-05-06 21:00:00,-0.3533176518657233,-0.4771255791763097,-0.4933571382063134,-0.6781964827425712,-0.3695103350405666
2004-05-06 22:00:00,-0.8424996080175017,-0.7677137359475614,-0.7740525873720735,-0.9187484573946748,-0.9786987594347007
2004-05-06 23:00:00,-0.213551378679501,-0.4058128241152292,-0.4205842439781533,-0.7125610505500146,-0.6305910883523385
2004-05-07 00:00:00,0.1358643042860546,-0.1731792892200472,-0.3270190942562334,-0.4572814039804352,-0.1736997700567378
2004-05-07 01:00:00,-0.0737851054932787,-0.4268567232541199,-0.3997919884843933,-0.6487411389076198,-0.4130237939258619
2004-05-07 02:00:00,-0.8424996080175017,-0.824111929554124,-0.8364293538533536,-0.9432945772571344,-1.1745093244185296
2004-05-07 03:00:00,-1.0521490177968351,-0.9082693498477954,-0.9299945035752736,-0.6082111263327216,-0.5472182892489723
2004-05-07 04:00:00,-1.1287239710931642,-0.9098341565957055,-0.9507867590690338,-1.012023712872021,-1.5008602660582444
2004-05-07 05:00:00,-0.982265881203724,-0.8585778306068376,-0.8884099925877535,-0.9187484573946748,-1.3485631599597108
2004-05-07 06:00:00,-0.4232007884588346,-0.490667855750053,-0.3997919884843933,-0.7321979464399822,-0.8264016533361672
2004-05-07 07:00:00,1.1142282165896111,1.3059468493364814,0.8789317243818475,-0.1185449498784935,-0.0866728522861472
2004-05-07 08:00:00,1.463643899555167,1.647508936168779,1.1180426625600877,-0.2069109813833479,-0.0649161228434995
2004-05-07 09:00:00,0.9045788068102776,1.003580108587396,0.3799175925316071,-0.0694527101535744,0.3702184660094534
2004-05-07 10:00:00,0.2057474408791658,0.0719169347037986,-0.2126616890405531,-0.3149139087781699,0.0873809832550339
2004-05-07 11:00:00,-0.5629670616450568,-0.5370788115318261,-0.5245455214469534,-0.7272887224674903,-0.1954564994993854
2004-05-07 12:00:00,-0.4232007884588346,-0.394330920684135,-0.3270190942562334,-0.7321979464399822,-0.3259968761552713
2004-05-07 13:00:00,0.0659811676929437,-0.0438907600587313,-0.046323645090473,-0.5211013156228301,0.0003540654844433
2004-05-07 14:00:00,-0.213551378679501,-0.2572749468505161,-0.2126616890405531,-0.6094673471276845,-0.1954564994993854
2004-05-07 15:00:00,-0.1436682420863899,-0.2623874669017816,-0.3062268387624732,-0.6438319149351278,-0.0866728522861472
2004-05-07 16:00:00,0.1358643042860546,0.061885927341558,-0.2022655612936731,-0.4818275238428948,0.1308944421403292
2004-05-07 17:00:00,1.0443450799965,1.2169520252578032,0.6814052971911272,-0.251093997135775,0.3049482776815104
2004-05-07 18:00:00,1.533527036148278,1.5171365157630945,0.6294246584567271,-0.0792711580985582,0.5007588426653393
2004-05-07 19:00:00,0.0659811676929437,-0.0297200518207065,-0.0879081560779931,-0.5947396752102088,-0.3042401467126237
2004-05-07 20:00:00,-0.4232007884588346,-0.4582695159334821,-0.3997919884843933,-0.7321979464399822,-0.5435641705817479
2004-05-07 21:00:00,-0.0737851054932787,-0.3016467274978408,-0.3478113497499933,-0.5309197635678139,-0.282483417269976
2004-05-07 22:00:00,-0.0737851054932787,-0.308958163181637,-0.3789997329906333,-0.5161920916503382,-0.282483417269976
2004-05-07 23:00:00,-0.0039019689001675,-0.3191486821217851,-0.4205842439781533,-0.4621906279529272,-0.1954564994993854
2004-05-08 00:00:00,-0.4232007884588346,-0.5682779759039219,-0.5141493937000734,-0.6831057067150631,-0.5435641705817479
2004-05-08 01:00:00,0.0659811676929437,-0.3990404496594129,-0.5973184156751135,-0.6683780347975874,-0.6523478177949861
2004-05-08 02:00:00,-1.1220321543899463,-0.9258608122601464,-1.0235596532971938,-1.0365698327344806,-1.6749141015994256
2004-05-08 03:00:00,-1.2875449855316992,-0.9248400343080124,-1.0235596532971938,-0.539827619981279,-0.5631582075507302
2004-05-08 04:00:00,-1.196887330703967,-0.927093432942182,-1.054748036537834,-0.5529834802743834,-0.7154890097558071
2004-05-08 05:00:00,-1.1090024932365754,-0.9248400343080124,-1.0131635255503135,-0.5418040141049703,-0.6071820877543554
2004-05-08 06:00:00,-1.0084733320261574,-0.902984727609,-0.9092022480815136,-0.5834982969068041,-0.650890253698643
2004-05-08 07:00:00,-0.6178312113564267,-0.6150722356266367,-0.5661300324344735,-0.525053579508521,-0.5447473520962375
2004-05-08 08:00:00,-0.1668502339967628,-0.346759751671664,-0.2958307110155933,-0.4459012571008428,-0.4777981681146662
2004-05-08 09:00:00,-0.1580146733565882,-0.3986142918617199,-0.3789997329906333,-0.573765881733616,-0.5675800330788574
2004-05-08 10:00:00,-0.2576335785483858,-0.4378612823364016,-0.4621687549656733,-0.6013621386461232,-0.5294096479547726
2004-05-08 11:00:00,0.2769914837387102,0.0983611523379059,-0.1294926670655132,-0.1897866769009321,-0.1002178571632338
2004-05-08 12:00:00,0.425431568323744,0.1578658385026189,-0.0255313895967131,-0.2133830279226443,-0.1058442770026196
2004-05-08 13:00:00,0.0895543035248491,-0.1342128633117882,-0.2230578167874333,-0.5370297009047936,-0.3340809538935818
2004-05-08 14:00:00,-0.6961589646054374,-0.7380406450297737,-0.7324680763845536,-0.6601278403083547,-0.5737792867294812
2004-05-08 15:00:00,-0.5112524069219043,-0.5254418375742186,-0.5037532659531934,-0.6089175913486604,-0.4427802778451252
2004-05-08 16:00:00,-0.6934137427519991,-0.6560558603325486,-0.6181106711688734,-0.5948995680716785,-0.4076088462034036
2004-05-08 17:00:00,-0.4129200979824813,-0.4749971709576646,-0.4413764994719134,-0.444406526645107,-0.075993012409286
2004-05-08 18:00:00,0.094889962471501,-0.1243251599790683,-0.1918694335467932,-0.5795231483787242,-0.0916771390845247
2004-05-08 19:00:00,1.1883978080474713,1.2318140724241868,0.5878401474692073,-0.1586082805480477,0.6534440349564762
2004-05-08 20:00:00,1.049606362283341,1.0726956878092757,0.4215021035191272,-0.1207119120226012,0.5462037690173296
2004-05-08 21:00:00,0.2027706083742867,0.0769051968840995,-0.1502849225592731,-0.5894417868611715,-0.0981225569026553
2004-05-08 22:00:00,0.1192856401809931,-0.1248192612846873,-0.2126616890405531,-0.5222529637147657,-0.0544442692794408
2004-05-08 23:00:00,-0.2485780036177087,-0.45548978403306,-0.4621687549656733,-0.5647791088855956,-0.2621983611308449
2004-05-09 00:00:00,-0.1648786860228766,-0.516879032646058,-0.4413764994719134,-0.5666647509822684,-0.3159648978736757
2004-05-09 01:00:00,0.079502957744351,-0.2021781644385626,-0.2438500722811932,-0.3804501311453226,-0.0941565417615635
2004-05-09 02:00:00,-0.1285887408613615,-0.354424823241728,-0.3166229665093532,-0.442435675773582,-0.2931604353054026
2004-05-09 03:00:00,-0.1617340061902789,-0.3448126482315818,-0.2750384555218333,-0.4612334431396871,-0.4395582328987504
2004-05-09 04:00:00,-0.2178177398498657,-0.3900930588373308,-0.3062268387624732,-0.4760875611336027,-0.5369972475912539
2004-05-09 05:00:00,-0.2941869410467314,-0.4662430803313131,-0.3374152220031133,-0.418283201723736,-0.4807201019249302
2004-05-09 06:00:00,-0.8010374692788249,-0.738166917398278,-0.6389029266626335,-0.4317371990928066,-0.5782137275487281
2004-05-09 07:00:00,-0.8705972656728722,-0.7740530850004362,-0.7116758208907935,-0.5611450201833634,-0.6199977296159163
2004-05-09 08:00:00,-1.1366237420607848,-0.903088336880184,-0.9092022480815136,-0.600527279924605,-0.5258079823400985
2004-05-09 09:00:00,-0.7013528347136057,-0.7128233479653457,-0.6804874376501535,-0.6842379908788235,-0.6402889274099346
2004-05-09 10:00:00,-0.6892685435597135,-0.7335814631578248,-0.7116758208907935,-0.6912942512511501,-0.6964849036373434
2004-05-09 11:00:00,-0.6222477420686543,-0.6993213613423943,-0.6700913099032735,-0.6848030280557111,-0.5928555987905381
2004-05-09 12:00:00,-0.5461665338298602,-0.5389908444011055,-0.5765261601813535,-0.6583641497593383,-0.5923074975895216
2004-05-09 13:00:00,-0.6585793408254936,-0.7465949341274261,-0.7532603318783136,-0.7188006175879891,-0.8280378233962578
2004-05-09 14:00:00,-0.5387042922275254,-0.6519016459176723,-0.6804874376501535,-0.6486498999733166,-0.6754884114753302
2004-05-09 15:00:00,-0.3051155948519483,-0.4157770783544535,-0.4517726272187933,-0.7087476676037309,-0.60155948570044
2004-05-09 16:00:00,-0.6536937906299153,-0.6938085972572405,-0.6804874376501535,-0.6427298190230293,-0.5020500693482522
2004-05-09 17:00:00,-0.5375665659248395,-0.6271623341785466,-0.6181106711688734,-0.577851333488922,-0.3215262493693916
2004-05-09 18:00:00,-0.3808008440135901,-0.5112148149731552,-0.5245455214469534,-0.6704546569131486,-0.4128094999674996
2004-05-09 19:00:00,0.2742638397024986,0.1143874875141017,-0.1294926670655132,-0.5836959438100545,-0.1038988663194239
2004-05-09 20:00:00,0.3181504009648646,0.1090934795481333,-0.1190965393186332,-0.563600605984179,-0.0442184138922161
2004-05-09 21:00:00,0.0307995747186916,-0.1972281777115139,-0.3062268387624732,-0.6357145712258514,-0.2244321632946083
2004-05-09 22:00:00,0.1390626006265538,-0.0108203106084978,-0.2542462000280732,-0.5769498059237832,-0.2105352581915512
2004-05-09 23:00:00,0.0677571437060635,-0.1555379679935914,-0.2646423277749531,-0.6596351275904734,-0.3430222074653413
2004-05-10 00:00:00,-0.3263069447803384,-0.5513632473127678,-0.5037532659531934,-0.5702600743737436,-0.3013870990315001
2004-05-10 01:00:00,-0.9106598186164978,-0.8375547632038676,-0.8676177370939936,-0.6007081472537307,-0.4061864721296576
2004-05-10 02:00:00,-1.1145181373686233,-0.9225866814578778,-0.9923712700565536,-0.6059992563551863,-0.5390495562676217
2004-05-10 03:00:00,-1.2029043175093372,-0.9252536701721352,-1.0443519087909536,-0.6292964215775494,-0.7414383316076832
2004-05-10 04:00:00,-1.197151497805513,-0.9225866814578778,-0.9923712700565536,-0.6222334943208607,-0.6845149842528203
2004-05-10 05:00:00,-1.1154107322628262,-0.9041280465307864,-0.9092022480815136,-0.6529613890720215,-0.7707053090333676
2004-05-10 06:00:00,-0.0667361508637508,-0.1573269333768159,-0.1606810503061531,-0.4882046609160482,-0.6842445854471099
2004-05-10 07:00:00,2.136739541630892,2.7990999342611644,2.0952786707668083,1.4054880357136552,0.4672844996605625
2004-05-10 08:00:00,2.665792519164276,3.0147581225028643,2.479935397401369,1.7152464649374437,0.5475589168686614
2004-05-10 09:00:00,1.6034101727413894,2.0209837773425368,0.9205162353693674,0.0925516809386585,0.1526511715829769
2004-05-10 10:00:00,0.2756305774722771,0.4062702336587488,0.213579548581527,-0.2952770128882022,-0.0649161228434995
2004-05-10 11:00:00,-0.0039019689001675,0.1247738705559397,0.0368453768845668,-0.4572814039804352,-0.3259968761552713
2004-05-10 12:00:00,0.2057474408791658,0.4139993113097298,0.213579548581527,-0.4965551957603705,-0.3695103350405666
2004-05-10 13:00:00,0.0659811676929437,0.1462535421398713,0.161598909847127,-0.4867367478153867,-0.1301863111714425
2004-05-10 14:00:00,0.0659811676929437,0.2109616754493412,0.213579548581527,-0.5309197635678139,-0.1736997700567378
2004-05-10 15:00:00,0.1358643042860546,0.3978289395594535,0.244767931822167,-0.4425537320629595,-0.0214026639582042
2004-05-10 16:00:00,-0.0039019689001675,0.255274119987318,0.296748570556567,-0.5800120032927331,-0.282483417269976
2004-05-10 17:00:00,0.2756305774722771,0.5100553155369452,0.6710091694442474,-0.5211013156228301,-0.1301863111714425
2004-05-10 18:00:00,1.0443450799965,1.457105221627919,1.1076465348132076,-0.2461847731632831,0.3049482776815104
2004-05-10 19:00:00,1.323877626368945,1.7153059351829278,1.3571536007383276,-0.1676371896034126,0.5442723015506346
2004-05-10 20:00:00,0.625046260437833,1.047334262602697,0.5150672532410473,-0.3492784765856133,0.2614348187962151
2004-05-10 21:00:00,-0.0039019689001675,0.1106734865956605,0.109618271112727,-0.5407382115127978,-0.0214026639582042
2004-05-10 22:00:00,-0.2834345152726122,-0.2127546427936818,-0.1814733057999132,-0.6487411389076198,-0.3259968761552713
2004-05-10 23:00:00,-0.7027333348312792,-0.57702460373257,-0.5141493937000734,-0.7371071704124741,-0.5218074411391002
2004-05-11 00:00:00,-0.8424996080175017,-0.6459369934071609,-0.5557339046875934,-0.7911086341098851,-0.6958612766802814
2004-05-11 01:00:00,-1.1919152909830577,-0.8589585248577848,-0.8884099925877535,-0.9923868169820534,-1.2397795127464726
2004-05-11 02:00:00,-1.33168156416928,-0.925042582878811,-1.0131635255503135,-1.0316606087619886,-1.457346807172949
2004-05-11 03:00:00,-1.33168156416928,-0.9240218278186946,-1.0131635255503135,-0.5882898016795771,-0.6410355534554136
2004-05-11 04:00:00,-1.1867833347789791,-0.924146680882114,-0.9923712700565536,-0.9432945772571344,-1.2397795127464726
2004-05-11 05:00:00,-1.0521490177968351,-0.8186093753087732,-0.8052409706127136,-0.8991115615047072,-1.3485631599597108
2004-05-11 06:00:00,-0.4930839250519458,-0.43121243320699,-0.3062268387624732,-0.5063736437053543,-1.0004554888773485
2004-05-11 07:00:00,1.7431764459276111,2.475031744062653,1.679433560891608,0.4361973590130922,-0.3259968761552713
2004-05-11 08:00:00,2.372124675265612,2.913201807448013,2.0432980320324083,0.7111139014726392,0.2179213599109198
2004-05-11 09:00:00,1.8829427191138337,2.58404902545958,1.523491644688408,0.6276570939402767,0.9358934315182922
2004-05-11 10:00:00,1.6732933093345004,2.241091441240768,1.1700233012944878,0.4116512391506327,1.153460725944769
2004-05-11 11:00:00,0.625046260437833,1.1055211926723092,0.7229898081786474,-0.2461847731632831,0.1961646304682722
2004-05-11 12:00:00,0.2756305774722771,0.4380941669723271,0.2655601873159271,-0.4621906279529272,-0.3042401467126237
2004-05-11 13:00:00,0.1358643042860546,0.4411796446584167,0.3175408260503271,-0.5211013156228301,-0.347753605597919
2004-05-11 14:00:00,-0.0737851054932787,0.0194421124076894,0.0264492491376868,-0.5947396752102088,-0.5218074411391002
2004-05-11 15:00:00,-0.1436682420863899,0.0119089904264684,0.0888260156189668,-0.5751027793202411,-0.4130237939258619
2004-05-11 16:00:00,-0.1436682420863899,0.0120665790749062,0.109618271112727,-0.5603751074027654,-0.282483417269976
2004-05-11 17:00:00,0.9744619434033888,1.4056619136401491,1.0140813850912878,-0.2461847731632831,0.326705007124158
2004-05-11 18:00:00,1.7431764459276111,2.586461660967448,1.928940626816728,-0.0596342622085906,0.6530559487638729
2004-05-11 19:00:00,2.931189768010501,3.239820717803924,2.386370247679448,0.1367346966910857,1.0446770787315305
2004-05-11 20:00:00,2.022708992300056,2.7328185699413456,1.533887772435288,0.1514623686085615,1.0664338081741782
2004-05-11 21:00:00,0.8346956702171663,0.9460030218638592,0.7021975526848875,-0.2707308930257427,0.391975195452101
2004-05-11 22:00:00,0.4153968506584996,0.4497363145258886,0.296748570556567,-0.3492784765856133,0.0873809832550339
2004-05-11 23:00:00,0.0659811676929437,0.0892575463884358,0.109618271112727,-0.4916459717878786,-0.2172132289420331
2004-05-12 00:00:00,-0.2834345152726122,-0.3868709615908292,-0.2750384555218333,-0.6536503628801117,-0.4782939822538049
2004-05-12 01:00:00,-0.9123827446106128,-0.7421856110695819,-0.6389029266626335,-0.904020785477199,-0.9351853005494056
2004-05-12 02:00:00,-0.9123827446106128,-0.7749996241398329,-0.7012796931439136,-0.8843838895872314,-0.9786987594347007
2004-05-12 03:00:00,-1.0521490177968351,-0.8259291894709728,-0.8572216093471137,-0.6277403782583265,-0.6640305733158633
2004-05-12 04:00:00,-1.126047894207964,-0.8836357076614281,-0.8988061203346337,-0.9874775930095616,-1.3703198894023585
2004-05-12 05:00:00,-0.9123827446106128,-0.7543021727937165,-0.6908835653970335,-0.7567440663024417,-1.152752594975882
2004-05-12 06:00:00,-0.4232007884588346,-0.3119795432187398,-0.1814733057999132,-0.5112828676778463,-0.8046449238935196
2004-05-12 07:00:00,1.3937607629620554,1.7440533644812746,1.2739845787632875,0.2005546083334806,-0.3259968761552713
2004-05-12 08:00:00,2.651657221638057,3.09588560114489,2.7086502078327284,0.4656527028480437,0.0003540654844433
2004-05-12 09:00:00,2.092592128893167,2.5965751711607408,1.585868411169688,0.4803803747655194,0.2396780893535675
2004-05-12 10:00:00,1.2539944897758333,1.6227427034170787,1.1076465348132076,0.2054638323059725,-0.0431593934008519
2004-05-12 11:00:00,0.9045788068102776,1.132574795812142,0.6814052971911272,0.1809177124435129,0.326705007124158
2004-05-12 12:00:00,0.8346956702171663,1.069889309600489,1.1804194290413677,-0.1529095176859368,0.1526511715829769
2004-05-12 13:00:00,2.092592128893167,2.85501908950962,1.866563860335448,0.3281944316182702,0.457245383780044
2004-05-12 14:00:00,0.6949293970309441,0.9782095265738192,0.348729209290967,-0.0105420224836715,0.3484617365668057
2004-05-12 15:00:00,0.2756305774722771,0.3273539407706318,0.1304105266064869,-0.2707308930257427,0.0873809832550339
2004-05-12 16:00:00,0.2057474408791658,0.3228859683639646,0.1408066543533669,-0.3738245964480728,0.2831915482388628
2004-05-12 17:00:00,0.4852799872516105,0.4577327709412149,0.171995037594007,-0.3983707163105323,0.1308944421403292
2004-05-12 18:00:00,0.5551631238447217,0.5019074055338698,0.213579548581527,-0.5014644197328625,-0.0649161228434995
2004-05-12 19:00:00,0.9045788068102776,0.99817704305008,0.3591253370378472,-0.3541877005581051,0.2831915482388628
2004-05-12 20:00:00,0.0659811676929437,-0.0929471631662989,-0.2022655612936731,-0.5014644197328625,0.0438675243697386
2004-05-12 21:00:00,-0.3533176518657233,-0.4664856441486935,-0.4621687549656733,-0.6192857950726682,-0.1954564994993854
2004-05-12 22:00:00,-0.5629670616450568,-0.6369633225489942,-0.6389029266626335,-0.742016394384966,-0.4130237939258619
2004-05-12 23:00:00,-0.5629670616450568,-0.5256781747628403,-0.5869222879282334,-0.746925618357458,-0.4782939822538049
2004-05-13 00:00:00,-0.3533176518657233,-0.5379677085711695,-0.5037532659531934,-0.688014930687555,-0.3042401467126237
2004-05-13 01:00:00,-0.6328501982381681,-0.7273697142104689,-0.6908835653970335,-0.8647469936972637,-0.7611314650082243
2004-05-13 02:00:00,-1.0521490177968351,-0.9131480508323636,-0.9195983758283937,-1.012023712872021,-1.3703198894023585
2004-05-13 03:00:00,-1.1919152909830577,-0.9248400343080124,-1.0339557810440738,-0.6001198508903889,-0.6226245320102484
2004-05-13 04:00:00,-1.2587914045453985,-0.9270926546135873,-1.0755402920315935,-1.066025176569432,-1.8489679371406067
2004-05-13 05:00:00,-1.1919152909830577,-0.925042582878811,-1.0027673978034335,-0.967840697119594,-1.3268064305170633
2004-05-13 06:00:00,-0.7726164714243904,-0.76806370911103,-0.7116758208907935,-0.746925618357458,-0.5435641705817479
2004-05-13 07:00:00,-0.0737851054932787,-0.2408420494436034,-0.2022655612936731,-0.3149139087781699,-0.0866728522861472
2004-05-13 08:00:00,1.0443450799965,1.3143194673832908,0.6814052971911272,0.1269162487461019,0.5660290309932822
2004-05-13 09:00:00,0.2057474408791658,0.1636691480738232,-0.0775120283311131,-0.1332726217959692,0.1961646304682722
2004-05-13 10:00:00,0.2057474408791658,0.1841439516577802,-0.0359275173435931,-0.1480002937134449,0.2614348187962151
2004-05-13 11:00:00,-0.3533176518657233,-0.4445874149168774,-0.4309803717250333,-0.4867367478153867,-0.4347805233685096
2004-05-13 12:00:00,-0.1436682420863899,-0.2111801298303535,-0.2750384555218333,-0.4916459717878786,-0.282483417269976
2004-05-13 13:00:00,0.2057474408791658,0.197707929864109,-0.0255313895967131,-0.472009075897911,-0.2607266878273284
2004-05-13 14:00:00,-0.2834345152726122,-0.3536336751170896,-0.3582074774968732,-0.526010539595322,-0.3695103350405666
2004-05-13 15:00:00,-0.0039019689001675,-0.0417929355754599,-0.1606810503061531,-0.5211013156228301,-0.2607266878273284
2004-05-13 16:00:00,0.6949293970309441,1.0118219674302722,0.5254633809879271,-0.2952770128882022,0.2831915482388628
2004-05-13 17:00:00,1.7431764459276111,2.402322301230148,1.1700233012944878,-0.0498158142636067,0.827109784305054
2004-05-13 18:00:00,1.6732933093345004,2.1204245037085405,0.9205162353693674,-0.0301789183736391,0.827109784305054
2004-05-13 19:00:00,1.2539944897758333,1.588268240749822,1.0764581515725675,-0.1676371896034126,0.5007588426653393
2004-05-13 20:00:00,1.7431764459276111,2.3551636463729424,1.0244775128381676,0.0581871131312152,0.6748126782065205
2004-05-13 21:00:00,0.8346956702171663,0.8946152041264981,0.4734827422535272,-0.1480002937134449,0.457245383780044
2004-05-13 22:00:00,0.4153968506584996,0.3301639817022177,0.0680337601252069,-0.3934614923380404,0.2396780893535675
2004-05-13 23:00:00,0.8346956702171663,0.8604420004094797,0.6294246584567271,-0.202001757410856,0.2831915482388628
2004-05-14 00:00:00,0.2756305774722771,0.3677171460183854,0.3799175925316071,-0.4229168361729919,-0.0649161228434995
2004-05-14 01:00:00,-0.0039019689001675,-0.0901288811084147,-0.0255313895967131,-0.6192857950726682,-0.1301863111714425
2004-05-14 02:00:00,-0.5629670616450568,-0.5705056896944618,-0.4621687549656733,-0.800927082054869,-0.4130237939258619
2004-05-14 03:00:00,-0.7726164714243904,-0.740012380280681,-0.6492990544095135,-0.5994294538148507,-0.4086610610771901
2004-05-14 04:00:00,-0.6823844538604787,-0.633616189102933,-0.5453377769407135,-0.8058363060273609,-0.5000507116964525
2004-05-14 05:00:00,-0.6328501982381681,-0.6259231434874898,-0.5037532659531934,-0.5996488991827007,-0.1736997700567378
2004-05-14 06:00:00,-0.4232007884588346,-0.4104289536591262,-0.3062268387624732,-0.5898304512377168,-0.3259968761552713
2004-05-14 07:00:00,1.1142282165896111,1.5241923849635728,1.1908155567882477,0.1661900405260372,0.6530559487638729
2004-05-14 08:00:00,2.110215865043476,2.8789743954335654,1.845771604841688,1.1620367903610005,0.926833992587622
2004-05-14 09:00:00,0.8346956702171663,0.898462345018692,0.234371804075287,0.0974609049111504,0.6095424898785775
2004-05-14 10:00:00,0.2756305774722771,0.1335811622309503,-0.0255313895967131,-0.256003221108267,0.0656242538123863
2004-05-14 11:00:00,-0.1436682420863899,-0.1471437398822664,-0.1398887948123932,-0.5309197635678139,-0.1954564994993854
2004-05-14 12:00:00,-0.0737851054932787,-0.1287479893272347,-0.0879081560779931,-0.5112828676778463,-0.282483417269976
2004-05-14 13:00:00,0.2756305774722771,0.3470498663513278,0.171995037594007,-0.4425537320629595,0.0873809832550339
2004-05-14 14:00:00,-0.0039019689001675,0.0689671608974212,0.1200143988596069,-0.4474629560354514,0.0003540654844433
2004-05-14 15:00:00,-0.0039019689001675,0.0505856949613066,0.0056569936439269,-0.5652843313752572,-0.1519430406140901
2004-05-14 16:00:00,0.1358643042860546,0.3410343935619768,0.1823911653408869,-0.4916459717878786,0.1961646304682722
2004-05-14 17:00:00,0.625046260437833,0.8667332762256145,0.3695214647847272,-0.3738245964480728,0.3484617365668057
2004-05-14 18:00:00,1.3937607629620554,1.55357602921215,0.8061588301536876,-0.1185449498784935,0.7400828665344634
2004-05-14 19:00:00,1.6732933093345004,2.272181364905376,1.0868542793194476,-0.0399973663186229,1.1752174553874164
2004-05-14 20:00:00,0.9744619434033888,1.100568458903161,0.4942749977472873,-0.2314571012458074,0.827109784305054
2004-05-14 21:00:00,-0.0039019689001675,0.0948915465982448,0.0264492491376868,-0.5407382115127978,0.1961646304682722
2004-05-14 22:00:00,0.1358643042860546,0.220654155656861,0.109618271112727,-0.4916459717878786,0.022110794927091
2004-05-14 23:00:00,-0.1436682420863899,-0.1209708384395136,-0.0983042838248731,-0.5505566594577815,0.1091377126976816
2004-05-15 00:00:00,-0.1436682420863899,-0.2180732825704752,-0.1710771780530332,-0.6438319149351278,-0.1519430406140901
2004-05-15 01:00:00,-0.6328501982381681,-0.6329125800531968,-0.5869222879282334,-0.8402008738348042,-0.6305910883523385
2004-05-15 02:00:00,-0.7726164714243904,-0.7195019567175013,-0.6181106711688734,-0.8991115615047072,-0.848158382778815
2004-05-15 03:00:00,-0.7027333348312792,-0.6516336261768371,-0.5973184156751135,-0.5819976486548367,-0.4069294463803388
2004-05-15 04:00:00,-1.0107437862000903,-0.7828670153605205,-0.7220719486376735,-0.9334761293121504,-1.1309958655332344
2004-05-15 05:00:00,-1.1220321543899463,-0.8622704503809381,-0.8884099925877535,-1.0071144888995291,-1.4355900777303017
2004-05-15 06:00:00,-1.0521490177968351,-0.793603692054072,-0.7740525873720735,-0.967840697119594,-1.3268064305170633
2004-05-15 07:00:00,-0.4930839250519458,-0.3829730919878655,-0.2334539445343132,-0.6487411389076198,-0.913428571106758
2004-05-15 08:00:00,0.3455137140653883,0.3563233310706132,0.234371804075287,-0.1480002937134449,-0.0431593934008519
2004-05-15 09:00:00,0.4852799872516105,0.497555175167659,0.4630866145066473,-0.2216386533008236,0.1526511715829769
2004-05-15 10:00:00,0.3455137140653883,0.2898524208459335,0.1408066543533669,-0.2314571012458074,0.3702184660094534
2004-05-15 11:00:00,-0.3533176518657233,-0.3272100602987281,-0.2854345832687133,-0.6143765711001764,-0.3695103350405666
2004-05-15 12:00:00,-0.2834345152726122,-0.2819191193649312,-0.2022655612936731,-0.6241950190451602,-0.347753605597919
2004-05-15 13:00:00,-0.2834345152726122,-0.2867743331395493,-0.2230578167874333,-0.6487411389076198,-0.5000507116964525
2004-05-15 14:00:00,-0.5629670616450568,-0.5343493047177887,-0.5141493937000734,-0.7665625142474256,-0.7611314650082243
2004-05-15 15:00:00,-0.4930839250519458,-0.3981436319820161,-0.3166229665093532,-0.7812901861649013,-0.6305910883523385
2004-05-15 16:00:00,-0.4930839250519458,-0.4209842797900797,-0.3374152220031133,-0.7272887224674903,-0.5218074411391002
2004-05-15 17:00:00,-0.2834345152726122,-0.3273147226027167,-0.2958307110155933,-0.6585595868526035,-0.282483417269976
2004-05-15 18:00:00,0.1358643042860546,0.1257602418057782,-0.0359275173435931,-0.4425537320629595,0.1526511715829769
2004-05-15 19:00:00,0.2756305774722771,0.2750420180710193,0.0784298878720869,-0.3934614923380404,0.2179213599109198
2004-05-15 20:00:00,0.8346956702171663,0.9286093006986328,0.3799175925316071,-0.0203604704286553,0.8488665137477016
2004-05-15 21:00:00,0.0659811676929437,-0.0293582663762104,-0.1190965393186332,-0.3689153724755809,0.3049482776815104
2004-05-15 22:00:00,-0.3533176518657233,-0.2146794951927585,-0.1502849225592731,-0.7027426026050307,-0.282483417269976
2004-05-15 23:00:00,0.3455137140653883,0.2551017888796132,0.0680337601252069,-0.4523721800079434,0.0438675243697386
2004-05-16 00:00:00,0.1358643042860546,0.0449460175311588,-0.0879081560779931,-0.6683780347975874,-0.3259968761552713
2004-05-16 01:00:00,-0.4232007884588346,-0.5514111374133679,-0.4413764994719134,-0.7272887224674903,-0.4782939822538049
2004-05-16 02:00:00,-0.8424996080175017,-0.7708719186812162,-0.7012796931439136,-0.967840697119594,-1.2180227833038249
2004-05-16 03:00:00,-0.9123827446106128,-0.7887217861870544,-0.7428642041314335,-0.558173799567871,-0.4064696522171603
2004-05-16 04:00:00,-1.1925327388879865,-0.9044251391338408,-0.9092022480815136,-1.021842160817005,-1.457346807172949
2004-05-16 05:00:00,-1.1919152909830577,-0.9145103090094752,-0.9507867590690338,-1.012023712872021,-1.4138333482876535
2004-05-16 06:00:00,-1.1919152909830577,-0.920302813548422,-0.9715790145627936,-1.0022052649270372,-1.3703198894023585
2004-05-16 07:00:00,-0.9123827446106128,-0.7888742928076082,-0.7428642041314335,-0.8892931135597233,-1.1309958655332344
2004-05-16 08:00:00,-0.8424996080175017,-0.7352842629871968,-0.6389029266626335,-0.8107455299998527,-0.8916718416641102
2004-05-16 09:00:00,-0.3533176518657233,-0.3917332261068357,-0.3270190942562334,-0.5849212272652249,-0.4565372528111572
2004-05-16 10:00:00,-0.0737851054932787,-0.1492358871451989,-0.1606810503061531,-0.4916459717878786,-0.1084295817287948
2004-05-16 11:00:00,-0.3533176518657233,-0.3793929635877369,-0.3582074774968732,-0.6978333786325388,-0.3912670644832143
2004-05-16 12:00:00,-0.4930839250519458,-0.4211659508409225,-0.3789997329906333,-0.7763809621924094,-0.6088343589096907
2004-05-16 13:00:00,-0.8424996080175017,-0.7121337488303167,-0.6804874376501535,-0.9482038012296262,-1.1745093244185296
2004-05-16 14:00:00,-0.8424996080175017,-0.6908809371397637,-0.6285067989157536,-0.9482038012296262,-1.087482406647939
2004-05-16 15:00:00,-0.6328501982381681,-0.5491130535610474,-0.4413764994719134,-0.904020785477199,-1.0004554888773485
2004-05-16 16:00:00,-0.4930839250519458,-0.363313427362882,-0.2230578167874333,-0.8451100978072961,-0.5435641705817479
2004-05-16 17:00:00,-0.1436682420863899,-0.1418036731770973,-0.1294926670655132,-0.7027426026050307,-0.0649161228434995
2004-05-16 18:00:00,-0.213551378679501,-0.2012264059191771,-0.1502849225592731,-0.6831057067150631,-0.0866728522861472
2004-05-16 19:00:00,0.4153968506584996,0.3929710703108059,0.3903137202784871,-0.4474629560354514,0.326705007124158
2004-05-16 20:00:00,0.2057474408791658,0.1090885348723543,-0.0775120283311131,-0.5358289875403058,0.1744079010256245
2004-05-16 21:00:00,-0.3533176518657233,-0.4588149869263607,-0.4517726272187933,-0.6978333786325388,-0.3259968761552713
2004-05-16 22:00:00,-0.4930839250519458,-0.5347756456516216,-0.5661300324344735,-0.7174702745225064,-0.282483417269976
2004-05-16 23:00:00,-0.4930839250519458,-0.5383120502983342,-0.5973184156751135,-0.7371071704124741,-0.3695103350405666
2004-05-17 00:00:00,-0.4930839250519458,-0.6711563507531635,-0.6181106711688734,-0.7321979464399822,-0.5435641705817479
2004-05-17 01:00:00,-0.8424996080175017,-0.8059584223282279,-0.7948448428658336,-0.9138392334221828,-0.9351853005494056
2004-05-17 02:00:00,-1.1220321543899463,-0.92688232275684,-0.9923712700565536,-1.0463882806794644,-1.5878871838288349
2004-05-17 03:00:00,-1.1919152909830577,-0.9265651996384774,-1.0339557810440738,-0.5256990687506318,-0.4706957592142755
2004-05-17 04:00:00,-1.266949990127566,-0.92688232275684,-1.0339557810440738,-1.0316606087619886,-1.522616995500892
2004-05-17 05:00:00,-1.1220321543899463,-0.8230513881676007,-0.8156370983595936,-0.850019321779788,-0.7611314650082243
2004-05-17 06:00:00,-0.5629670616450568,-0.5626355056476398,-0.4517726272187933,-0.5211013156228301,-0.1736997700567378
2004-05-17 07:00:00,0.3455137140653883,0.4718256463197556,0.3175408260503271,-0.1087265019335097,0.0656242538123863
2004-05-17 08:00:00,-0.0737851054932787,-0.2209453150854384,-0.2542462000280732,-0.2854585649432184,0.6965694076491681
2004-05-17 09:00:00,-0.213551378679501,-0.3233211643666226,-0.2854345832687133,-0.4818275238428948,-0.4347805233685096
2004-05-17 10:00:00,-0.2834345152726122,-0.3366294845215636,-0.2958307110155933,-0.4769182998704029,-0.347753605597919
2004-05-17 11:00:00,-0.4232007884588346,-0.3796749016752093,-0.3166229665093532,-0.5652843313752572,-0.3912670644832143
2004-05-17 12:00:00,-0.1436682420863899,-0.1123551071669038,-0.1294926670655132,-0.5358289875403058,-0.282483417269976
2004-05-17 13:00:00,-0.2834345152726122,-0.2780428598264832,-0.2334539445343132,-0.6045581231551925,-0.4782939822538049
2004-05-17 14:00:00,-0.4232007884588346,-0.3491542567016748,-0.2958307110155933,-0.6585595868526035,-0.5218074411391002
2004-05-17 15:00:00,-0.2834345152726122,-0.3774877067556362,-0.3789997329906333,-0.5358289875403058,-0.2389699583846807
2004-05-17 16:00:00,-0.2834345152726122,-0.2897314323915251,-0.2438500722811932,-0.4916459717878786,-0.3259968761552713
2004-05-17 17:00:00,0.2057474408791658,0.3940068883184343,0.213579548581527,-0.5063736437053543,-0.1084295817287948
2004-05-17 18:00:00,0.6949293970309441,1.0213260005497704,0.4422943590128871,-0.3689153724755809,0.2396780893535675
2004-05-17 19:00:00,0.9045788068102776,1.141360019582287,0.6710091694442474,-0.2854585649432184,0.326705007124158
2004-05-17 20:00:00,0.625046260437833,0.7501619953275104,0.1408066543533669,-0.3345508046681375,0.2614348187962151
2004-05-17 21:00:00,-0.6328501982381681,-0.5690785555397684,-0.5141493937000734,-0.8156547539723447,-0.6305910883523385
2004-05-17 22:00:00,-0.6328501982381681,-0.541968775389002,-0.4413764994719134,-0.8303824258898204,-0.8046449238935196
2004-05-17 23:00:00,-0.5629670616450568,-0.497128898767933,-0.4101881162312733,-0.7812901861649013,-0.6523478177949861
2004-05-18 00:00:00,-0.7726164714243904,-0.72785365146032,-0.6389029266626335,-0.9089300094496908,-0.9786987594347007
2004-05-18 01:00:00,-1.1919152909830577,-0.9125557885557246,-0.9299945035752736,-0.9923868169820534,-1.1092391360905869
2004-05-18 02:00:00,-1.2617984275761684,-0.920302813548422,-0.9715790145627936,-1.021842160817005,-1.3050497010744155
2004-05-18 03:00:00,-1.33168156416928,-0.926775508603207,-1.054748036537834,-0.4892206491475379,-0.4034428123017956
2004-05-18 04:00:00,-1.297404037489383,-0.9258608122601464,-1.0235596532971938,-1.0954805204043836,-1.892481396025902
2004-05-18 05:00:00,-1.1220321543899463,-0.8317311713051624,-0.8572216093471137,-0.9825683690370696,-1.5878871838288349
2004-05-18 06:00:00,-0.8424996080175017,-0.6433391156937217,-0.5245455214469534,-0.8352916498623123,-1.2180227833038249
2004-05-18 07:00:00,0.4153968506584996,0.390621433635086,0.8269510856474475,-0.2265478772733155,-0.347753605597919
2004-05-18 08:00:00,3.070956041196724,3.318901100673447,2.8645921240359287,0.5294726144904385,0.6312992193212251
2004-05-18 09:00:00,0.7648125336240554,0.9516648587669424,0.3383330815440871,-0.0645434861810825,0.1091377126976816
2004-05-18 10:00:00,0.2057474408791658,0.3147854906211396,0.099222143365847,-0.1921833094658721,0.1961646304682722
2004-05-18 11:00:00,-0.1436682420863899,-0.1118790447710711,-0.0359275173435931,-0.4818275238428948,-0.1519430406140901
2004-05-18 12:00:00,0.4153968506584996,0.5333852115429187,0.4215021035191272,-0.3738245964480728,0.2831915482388628
2004-05-18 13:00:00,0.5551631238447217,0.6609192049153231,0.5878401474692073,-0.3198231327506618,0.3484617365668057
2004-05-18 14:00:00,-0.0737851054932787,0.0075762640591636,0.1200143988596069,-0.5751027793202411,-0.0866728522861472
2004-05-18 15:00:00,0.1358643042860546,0.4221582094812029,0.2551640595690471,-0.5161920916503382,0.3702184660094534
2004-05-18 16:00:00,-0.1436682420863899,-0.1043011460036293,-0.1294926670655132,-0.6978333786325388,-0.1084295817287948
2004-05-18 17:00:00,0.625046260437833,1.170111661011853,0.8269510856474475,-0.4769182998704029,0.4354886543373963
2004-05-18 18:00:00,1.6034101727413894,2.103729446917271,1.1804194290413677,-0.0841803820710501,1.0881905376168255
2004-05-18 19:00:00,1.813059582520723,2.5948511275391333,1.4715110059540075,-0.0301789183736391,1.131703996502121
2004-05-18 20:00:00,0.9045788068102776,1.0836214067833032,0.4630866145066473,-0.3149139087781699,0.5442723015506346
2004-05-18 21:00:00,0.2057474408791658,0.3214765526308126,0.099222143365847,-0.4916459717878786,0.2614348187962151
2004-05-18 22:00:00,-0.6328501982381681,-0.4089174395279449,-0.2750384555218333,-0.850019321779788,-0.7611314650082243
2004-05-18 23:00:00,-0.2834345152726122,-0.3622677200036956,-0.3166229665093532,-0.6438319149351278,-0.3042401467126237
2004-05-19 00:00:00,-0.6328501982381681,-0.547812741183278,-0.3789997329906333,-0.8254732019173285,-0.5653209000243955
2004-05-19 01:00:00,-0.982265881203724,-0.7877017178874628,-0.7428642041314335,-0.9531130252021182,-0.913428571106758
2004-05-19 02:00:00,-1.1220321543899463,-0.8391343581950799,-0.8676177370939936,-0.967840697119594,-0.9786987594347007
2004-05-19 03:00:00,-1.2617984275761684,-0.9246477413610515,-0.9923712700565536,-0.6143052204557398,-0.4937516976515795
2004-05-19 04:00:00,-1.1918633656111262,-0.9136921025201574,-0.9507867590690338,-1.0071144888995291,-1.2615362421891203
2004-05-19 05:00:00,-1.2617984275761684,-0.9136921025201574,-0.9507867590690338,-1.012023712872021,-1.392076618845006
2004-05-19 06:00:00,-0.982265881203724,-0.6463695151857175,-0.5869222879282334,-0.9432945772571344,-1.2180227833038249
2004-05-19 07:00:00,0.6949293970309441,0.9951386313519608,0.9932891295975274,-0.3198231327506618,-0.347753605597919
2004-05-19 08:00:00,2.8613066314173903,3.261171461545321,2.635877313604569,0.4018327912056488,0.9794068904035876
2004-05-19 09:00:00,1.7431764459276111,2.44043842604056,1.1076465348132076,0.2741929679208592,1.196974184830064
2004-05-19 10:00:00,0.3455137140653883,0.4327236996679243,0.213579548581527,-0.2756401169982346,0.5225155721079869
2004-05-19 11:00:00,-0.0039019689001675,0.1060163345564119,0.0160531213908069,-0.4130983882280081,0.2614348187962151
2004-05-19 12:00:00,-0.0737851054932787,0.0869555251091061,0.213579548581527,-0.5898304512377168,0.0656242538123863
2004-05-19 13:00:00,0.0659811676929437,0.2833036556170115,0.4007098480253671,-0.5996488991827007,0.1091377126976816
2004-05-19 14:00:00,-0.0039019689001675,0.1740709145514181,0.171995037594007,-0.5751027793202411,0.1744079010256245
2004-05-19 15:00:00,0.1358643042860546,0.48732024571357,0.2759563150628071,-0.5996488991827007,0.326705007124158
2004-05-19 16:00:00,0.2756305774722771,0.5227129529865991,0.4318982312660072,-0.4621906279529272,0.5442723015506346
2004-05-19 17:00:00,0.9045788068102776,1.1761945279007102,0.8269510856474475,-0.305095460833186,0.8488665137477016
2004-05-19 18:00:00,1.533527036148278,1.817505973769748,1.0972504070663274,-0.1185449498784935,1.131703996502121
2004-05-19 19:00:00,1.184111353182722,1.5331407830344246,1.0140813850912878,-0.2314571012458074,0.892379972632997
2004-05-19 20:00:00,1.184111353182722,1.4379614515092105,0.7333859359255273,-0.1627279656309207,0.95765016096094
2004-05-19 21:00:00,-0.0737851054932787,-0.1862575903831952,-0.2126616890405531,-0.6291042430176521,0.1744079010256245
2004-05-19 22:00:00,-0.2834345152726122,-0.3062213767060361,-0.2438500722811932,-0.7027426026050307,-0.1519430406140901
2004-05-19 23:00:00,-0.0737851054932787,-0.1586292144680898,-0.1814733057999132,-0.5505566594577815,0.2614348187962151
2004-05-20 00:00:00,-0.4232007884588346,-0.4593435178262927,-0.3270190942562334,-0.7272887224674903,-0.1736997700567378
2004-05-20 01:00:00,-0.9123827446106128,-0.6485194419008083,-0.5765261601813535,-0.9334761293121504,-0.8046449238935196
2004-05-20 02:00:00,-1.1220321543899463,-0.8262578730581707,-0.8572216093471137,-0.9825683690370696,-1.1092391360905869
2004-05-20 03:00:00,-1.2617984275761684,-0.9238676729728812,-1.0027673978034335,-0.6071531891659201,-0.4509687637165184
2004-05-20 04:00:00,-1.188573877054384,-0.9241848189832612,-1.0131635255503135,-1.100389744376875,-1.827211207697959
2004-05-20 05:00:00,-1.2617984275761684,-0.9122950942604878,-0.9403906313221536,-1.0414790567069725,-1.6314006427141303
2004-05-20 06:00:00,-0.8424996080175017,-0.6420003447265602,-0.4933571382063134,-0.7616532902749337,-0.913428571106758
2004-05-20 07:00:00,0.4852799872516105,0.3761077114069112,0.8581394688880876,-0.2461847731632831,-0.282483417269976
2004-05-20 08:00:00,2.3022415386725013,3.139611552194636,2.2408244592231283,0.0729147850486909,0.7835963254197587
2004-05-20 09:00:00,1.323877626368945,1.3346010623395872,0.7021975526848875,-0.4376445080904676,-0.5870776294670431
2004-05-20 10:00:00,0.0659811676929437,0.1190722015424146,0.109618271112727,-0.4081891642555161,0.1526511715829769
2004-05-20 11:00:00,0.0659811676929437,0.10954994637699,0.1200143988596069,-0.4523721800079434,0.1526511715829769
2004-05-20 12:00:00,-0.0737851054932787,-0.0105105358277511,0.0680337601252069,-0.5751027793202411,-0.0431593934008519
2004-05-20 13:00:00,-0.0737851054932787,0.0734148967606225,0.2031834208346471,-0.6241950190451602,-0.0649161228434995
2004-05-20 14:00:00,-0.1436682420863899,0.0297448938016345,0.099222143365847,-0.5996488991827007,0.2179213599109198
2004-05-20 15:00:00,0.4153968506584996,0.5663810330161176,0.4838788700004072,-0.3492784765856133,0.8706232431903492
2004-05-20 16:00:00,0.0659811676929437,0.2155267100101885,0.244767931822167,-0.4572814039804352,0.6095424898785775
2004-05-20 17:00:00,0.9744619434033888,1.3850623943448777,1.0764581515725675,-0.2265478772733155,0.827109784305054
2004-05-20 18:00:00,1.3937607629620554,1.8786045853286253,1.2843807065101676,-0.035088142346131,1.2622443731580069
2004-05-20 19:00:00,1.6034101727413894,2.1628868153925453,1.1180426625600877,0.0483686651862314,1.3492712909285975
2004-05-20 20:00:00,1.6732933093345004,2.161182184201773,0.9621007463568876,0.1416439206635776,1.501568397027131
2004-05-20 21:00:00,0.5551631238447217,0.473585950897076,0.213579548581527,-0.2805493409707265,0.7183261370918157
2004-05-20 22:00:00,0.3455137140653883,0.3104197081805715,0.151202782100247,-0.3689153724755809,0.5877857604359299
2004-05-20 23:00:00,-0.0039019689001675,0.0715743785539986,0.099222143365847,-0.4769182998704029,0.1526511715829769
2004-05-21 00:00:00,-0.6328501982381681,-0.6263490723650078,-0.4725648827125534,-0.7861994101373933,-0.3695103350405666
2004-05-21 01:00:00,-1.0521490177968351,-0.8039135241894056,-0.7844487151189536,-0.962931473147102,-1.0004554888773485
2004-05-21 02:00:00,-1.2617984275761684,-0.9094876172348616,-0.9195983758283937,-0.9972960409545452,-1.1309958655332344
2004-05-21 03:00:00,-1.2617984275761684,-0.8866372632113799,-0.8988061203346337,-0.5906164694131221,-0.4264046340277198
2004-05-21 04:00:00,-1.1434634498542016,-0.8592800661355241,-0.8884099925877535,-1.0071144888995291,-1.3703198894023585
2004-05-21 05:00:00,-1.2617984275761684,-0.9081489836198048,-0.9092022480815136,-0.9825683690370696,-1.3703198894023585
2004-05-21 06:00:00,-0.982265881203724,-0.6163080840831392,-0.4517726272187933,-0.850019321779788,-1.0439689477626437
2004-05-21 07:00:00,1.463643899555167,1.796780823082462,1.5442839001821678,0.284011415865843,0.0656242538123863
2004-05-21 08:00:00,1.8829427191138337,2.778897087845052,1.752206455119768,0.3183759836732864,0.3484617365668057
2004-05-21 09:00:00,0.9045788068102776,1.180115472657309,0.9205162353693674,0.0287317692962637,0.6312992193212251
2004-05-21 10:00:00,0.4852799872516105,0.508734903967815,0.5982362752160875,-0.1087265019335097,0.827109784305054
2004-05-21 11:00:00,-0.213551378679501,-0.1212174312519732,-0.0151352618498331,-0.4965551957603705,0.1526511715829769
2004-05-21 12:00:00,-0.1436682420863899,-0.0283840736796794,0.0264492491376868,-0.5800120032927331,-0.0866728522861472
2004-05-21 13:00:00,-0.0737851054932787,0.0574227164745298,0.1927872930877669,-0.6781964827425712,-0.2607266878273284
2004-05-21 14:00:00,-0.1436682420863899,-0.0397017955612972,0.1408066543533669,-0.6634688108250955,-0.2607266878273284
2004-05-21 15:00:00,-0.0737851054932787,0.0013318710948594,0.171995037594007,-0.5652843313752572,0.0003540654844433
2004-05-21 16:00:00,0.1358643042860546,0.3518919858919386,0.223975676328407,-0.5014644197328625,0.0873809832550339
2004-05-21 17:00:00,0.4153968506584996,0.1501193629183415,-0.1190965393186332,-0.3934614923380404,0.2614348187962151
2004-05-21 18:00:00,1.0443450799965,1.3640167554126574,0.9101201076224876,-0.1087265019335097,0.9794068904035876
2004-05-21 19:00:00,1.184111353182722,1.4840910643959655,0.8061588301536876,-0.1332726217959692,0.761839595977111
2004-05-21 20:00:00,0.9744619434033888,1.1865532573854138,0.6398207862036073,-0.1774556375483964,0.7835963254197587
2004-05-21 21:00:00,0.2756305774722771,0.383852172493649,0.2551640595690471,-0.4474629560354514,0.4354886543373963
2004-05-21 22:00:00,0.2756305774722771,0.3292102086852925,0.2031834208346471,-0.3836430443930566,0.3484617365668057
2004-05-21 23:00:00,0.625046260437833,0.7055119393155126,0.3591253370378472,-0.3738245964480728,0.3702184660094534
2004-05-22 00:00:00,1.1142282165896111,1.241823011881562,0.6918014249380073,-0.2167294293283317,0.3484617365668057
2004-05-22 01:00:00,0.8346956702171663,1.0302423497961288,0.4838788700004072,-0.3492784765856133,0.3049482776815104
2004-05-22 02:00:00,-0.4232007884588346,-0.3263517012107235,-0.1710771780530332,-0.7223794984949984,-0.3695103350405666
2004-05-22 03:00:00,-0.982265881203724,-0.6539958076781445,-0.5349416491938335,-0.676444215787546,-0.5916418749922848
2004-05-22 04:00:00,-1.0098833062278825,-0.7911688512892344,-0.7636564596251936,-0.962931473147102,-1.1309958655332344
2004-05-22 05:00:00,-1.1220321543899463,-0.8183871853869636,-0.8052409706127136,-0.9236576813671666,-1.1092391360905869
2004-05-22 06:00:00,-1.1220321543899463,-0.7703270886648275,-0.7012796931439136,-0.8696562176697556,-0.9569420299920532
2004-05-22 07:00:00,-0.6328501982381681,-0.4394134526906545,-0.2230578167874333,-0.6438319149351278,-0.6523478177949861
2004-05-22 08:00:00,0.0659811676929437,0.199543411826884,0.3383330815440871,-0.4867367478153867,-0.347753605597919
2004-05-22 09:00:00,0.0659811676929437,-0.0306823406681399,0.0368453768845668,-0.3590969245305971,-0.1736997700567378
2004-05-22 10:00:00,-0.0039019689001675,-0.1648919210463903,-0.0359275173435931,-0.4867367478153867,-0.3042401467126237
2004-05-22 11:00:00,-0.213551378679501,-0.1123645386781119,0.0264492491376868,-0.6143765711001764,-0.4130237939258619
2004-05-22 12:00:00,0.0659811676929437,0.0640439120468071,0.161598909847127,-0.4916459717878786,-0.1301863111714425
2004-05-22 13:00:00,-0.0737851054932787,0.0062084202297831,0.1304105266064869,-0.6585595868526035,-0.5653209000243955
2004-05-22 14:00:00,-0.4930839250519458,-0.4001839517173392,-0.3166229665093532,-0.7861994101373933,-0.7393747355655766
2004-05-22 15:00:00,-0.213551378679501,-0.1867906081185563,-0.0879081560779931,-0.692924154660047,-0.5000507116964525
2004-05-22 16:00:00,-0.0039019689001675,0.0179330706143977,0.0368453768845668,-0.6045581231551925,-0.1954564994993854
2004-05-22 17:00:00,0.4852799872516105,0.3233899590211416,0.4630866145066473,-0.4229168361729919,0.1091377126976816
2004-05-22 18:00:00,0.4852799872516105,0.3211848167598521,0.2655601873159271,-0.3983707163105323,0.0003540654844433
2004-05-22 19:00:00,0.4153968506584996,0.3417370869310133,0.4526904867597671,-0.5211013156228301,-0.1519430406140901
2004-05-22 20:00:00,-0.213551378679501,-0.1708767185322976,-0.046323645090473,-0.688014930687555,-0.4347805233685096
2004-05-22 21:00:00,-0.6328501982381681,-0.5681939621997141,-0.5141493937000734,-0.850019321779788,-0.913428571106758
2004-05-22 22:00:00,0.3455137140653883,0.1814111026091885,0.1408066543533669,-0.6732872587700793,-0.5435641705817479
2004-05-22 23:00:00,0.6949293970309441,0.5164427378265602,0.4111059757722472,-0.5112828676778463,-0.2172132289420331
2004-05-23 00:00:00,1.3937607629620554,1.4052599298129314,0.9517046186100075,-0.3001862368606942,0.0873809832550339
2004-05-23 01:00:00,1.0443450799965,0.9693200983400356,0.4734827422535272,-0.2903677889157103,-0.0431593934008519
2004-05-23 02:00:00,-0.1436682420863899,-0.1520271566224386,-0.0983042838248731,-0.6536503628801117,-0.6958612766802814
2004-05-23 03:00:00,-0.1436682420863899,-0.0370151883880461,0.1304105266064869,-0.6237070255825016,-0.6090302279033913
2004-05-23 04:00:00,-0.8845059843019655,-0.7508607700196096,-0.6700913099032735,-0.9285669053396586,-1.1962660538611771
2004-05-23 05:00:00,-1.2617984275761684,-0.9155509343407776,-0.9611828868159136,-1.0365698327344806,-1.5878871838288349
2004-05-23 06:00:00,-1.1919152909830577,-0.9111432137241582,-0.9507867590690338,-0.967840697119594,-1.2397795127464726
2004-05-23 07:00:00,-0.9123827446106128,-0.7894514921367353,-0.7636564596251936,-0.7861994101373933,-0.6741045472376337
2004-05-23 08:00:00,-0.9123827446106128,-0.7759763349582883,-0.7324680763845536,-0.8352916498623123,-0.9786987594347007
2004-05-23 09:00:00,-0.9123827446106128,-0.794195633842466,-0.7844487151189536,-0.85492854575228,-1.0004554888773485
2004-05-23 10:00:00,-0.9123827446106128,-0.7709520407424498,-0.7532603318783136,-0.8402008738348042,-0.9569420299920532
2004-05-23 11:00:00,-0.8424996080175017,-0.7459454418070488,-0.7116758208907935,-0.904020785477199,-1.2397795127464726
2004-05-23 12:00:00,-0.6328501982381681,-0.6774890153369297,-0.6285067989157536,-0.8402008738348042,-0.8916718416641102
2004-05-23 13:00:00,-0.7726164714243904,-0.7599375465245751,-0.7428642041314335,-0.9187484573946748,-1.152752594975882
2004-05-23 14:00:00,-0.9123827446106128,-0.802556348040178,-0.8364293538533536,-1.0316606087619886,-1.6096439132714826
2004-05-23 15:00:00,-0.7027333348312792,-0.6948437742883791,-0.6700913099032735,-0.9187484573946748,-1.152752594975882
2004-05-23 16:00:00,-0.4232007884588346,-0.5093790583061703,-0.5453377769407135,-0.7911086341098851,-0.8046449238935196
2004-05-23 17:00:00,-0.4232007884588346,-0.4793984818093854,-0.4621687549656733,-0.7125610505500146,-0.6305910883523385
2004-05-23 18:00:00,-0.4930839250519458,-0.5016279127503238,-0.4725648827125534,-0.7076518265775227,-0.4130237939258619
2004-05-23 19:00:00,-0.7027333348312792,-0.5820764599374729,-0.5765261601813535,-0.8303824258898204,-0.9786987594347007
2004-05-23 20:00:00,-0.8424996080175017,-0.5917872079749539,-0.6077145434219935,-0.8892931135597233,-1.1745093244185296
2004-05-23 21:00:00,-0.7726164714243904,-0.5888733288520093,-0.5453377769407135,-0.8058363060273609,-0.8916718416641102
2004-05-23 22:00:00,-0.7027333348312792,-0.5796689980255597,-0.5557339046875934,-0.800927082054869,-0.8046449238935196
2004-05-23 23:00:00,-0.7726164714243904,-0.7587059559833268,-0.7428642041314335,-0.8107455299998527,-0.7393747355655766
2004-05-24 00:00:00,-0.982265881203724,-0.7835674653118424,-0.7532603318783136,-0.8942023375322152,-0.9351853005494056
2004-05-24 01:00:00,-1.1220321543899463,-0.9120117368679308,-0.9299945035752736,-1.016932936844513,-1.4355900777303017
2004-05-24 02:00:00,-1.33168156416928,-0.928114165110281,-1.0755402920315935,-1.1052989683493673,-1.9359948549111967
2004-05-24 03:00:00,-1.2829437211242087,-0.927093432942182,-1.117124803019114,-0.5200409064651977,-0.5540946188532442
2004-05-24 04:00:00,-1.326825565116904,-0.928114165110281,-1.127520930765994,-1.100389744376875,-1.9795083137964928
2004-05-24 05:00:00,-1.4015647007623908,-0.928114165110281,-1.1067286752722338,-1.0562067286244483,-1.761941019370016
2004-05-24 06:00:00,-1.1220321543899463,-0.8599352356762402,-0.8884099925877535,-0.8156547539723447,-0.8916718416641102
2004-05-24 07:00:00,-0.3533176518657233,-0.4321072363868471,-0.3686036052437533,-0.3590969245305971,0.022110794927091
2004-05-24 08:00:00,-0.0737851054932787,-0.1688273335580463,-0.1710771780530332,-0.5898304512377168,-0.6305910883523385
2004-05-24 09:00:00,-0.5629670616450568,-0.5166113791775027,-0.4621687549656733,-0.7518348423299498,-1.1745093244185296
2004-05-24 10:00:00,-0.7726164714243904,-0.5892487579389325,-0.5765261601813535,-0.5996488991827007,-0.4347805233685096
2004-05-24 11:00:00,-0.8424996080175017,-0.6048675236356416,-0.6077145434219935,-0.6192857950726682,-0.5435641705817479
2004-05-24 12:00:00,-0.6328501982381681,-0.5431262873616356,-0.4725648827125534,-0.6781964827425712,-0.5870776294670431
2004-05-24 13:00:00,-0.5629670616450568,-0.4872386315292536,-0.4309803717250333,-0.634013466990144,-0.5435641705817479
2004-05-24 14:00:00,-0.7027333348312792,-0.5415978331375079,-0.4621687549656733,-0.6241950190451602,-0.5435641705817479
2004-05-24 15:00:00,-0.6328501982381681,-0.5253133675720348,-0.3997919884843933,-0.634013466990144,-0.6305910883523385
2004-05-24 16:00:00,-0.4930839250519458,-0.4370867996004998,-0.3789997329906333,-0.6094673471276845,-0.3912670644832143
2004-05-24 17:00:00,-0.0737851054932787,0.0004060263392785,0.0680337601252069,-0.4867367478153867,-0.0431593934008519
2004-05-24 18:00:00,0.2057474408791658,0.3798964318704572,0.223975676328407,-0.3983707163105323,-0.0866728522861472
2004-05-24 19:00:00,-0.0039019689001675,0.120680503123566,0.0680337601252069,-0.4474629560354514,0.0873809832550339
2004-05-24 20:00:00,-0.6328501982381681,-0.5603445641047778,-0.4829610104594334,-0.6683780347975874,-0.3042401467126237
2004-05-24 21:00:00,-0.982265881203724,-0.7118897199238166,-0.6804874376501535,-0.8107455299998527,-0.717618006122929
2004-05-24 22:00:00,-0.982265881203724,-0.7084249672918643,-0.6804874376501535,-0.850019321779788,-0.8046449238935196
2004-05-24 23:00:00,-0.9123827446106128,-0.710800334595249,-0.6596951821563936,-0.796017858082377,-0.5218074411391002
2004-05-25 00:00:00,-1.1220321543899463,-0.7793991494141891,-0.7324680763845536,-0.850019321779788,-0.5653209000243955
2004-05-25 01:00:00,-1.33168156416928,-0.8865841079467557,-0.8988061203346337,-0.967840697119594,-1.1745093244185296
2004-05-25 02:00:00,-1.2554539518736405,-0.928114165110281,-1.0859364197784738,-1.0856620724593995,-1.7184275604847208
2004-05-25 03:00:00,-1.2586753992824204,-0.9277970190999008,-1.054748036537834,-0.5274299866939357,-0.4984588611459536
2004-05-25 04:00:00,-1.307668170661595,-0.928114165110281,-1.0859364197784738,-1.0758436245144158,-1.7401842899273685
2004-05-25 05:00:00,-1.4015647007623908,-0.92688232275684,-1.0027673978034335,-0.9482038012296262,-1.2832929716317678
2004-05-25 06:00:00,-1.33168156416928,-0.905446672522552,-0.9092022480815136,-0.9727499210920858,-1.4138333482876535
2004-05-25 07:00:00,-0.7027333348312792,-0.434868471537133,-0.2646423277749531,-0.6732872587700793,-0.6088343589096907
2004-05-25 08:00:00,0.625046260437833,1.1925132399243563,1.1284387903069677,-0.2707308930257427,-0.2172132289420331
2004-05-25 09:00:00,-0.0039019689001675,0.2193284331396718,0.4111059757722472,-0.4376445080904676,-0.4130237939258619
2004-05-25 10:00:00,0.3455137140653883,0.499581759692485,0.2759563150628071,-0.1529095176859368,0.4354886543373963
2004-05-25 11:00:00,0.7648125336240554,1.170037490875168,0.7437820636724074,0.2496468480583996,0.9794068904035876
2004-05-25 12:00:00,-0.0039019689001675,0.1968933403135554,0.223975676328407,-0.3885522683655485,0.0873809832550339
2004-05-25 13:00:00,0.0659811676929437,0.2848658068908923,0.4630866145066473,-0.3738245964480728,0.3702184660094534
2004-05-25 14:00:00,0.2057474408791658,0.5574936192798733,0.7437820636724074,-0.3198231327506618,0.6095424898785775
2004-05-25 15:00:00,-0.0176608845390367,0.0074889081204015,0.1304105266064869,-0.0993957852703388,0.5399545521742448
2004-05-25 16:00:00,-0.0362670457272241,0.0312521042335266,0.0680337601252069,-0.3459381427937834,0.298880322652935
2004-05-25 17:00:00,0.4756703028730543,0.5632450097553983,0.4215021035191272,-0.0444418560149103,0.7454583084768363
2004-05-25 18:00:00,1.723788130187864,2.370148577889241,1.4091342394727275,0.2059198771598624,1.3566306533902155
2004-05-25 19:00:00,1.5612524689451124,1.6758417452462504,3.284026448791514,1.1611229028417072,1.3595623806501649
2004-05-25 20:00:00,1.5412867344055423,1.6740786936268306,3.289785991762856,1.1864450780074354,1.32715070993155
2004-05-25 21:00:00,1.4092764939601958,1.4636259670274268,3.289559940706348,1.2660926225782323,1.460815363027633
2004-05-25 22:00:00,1.2138055015089608,1.2596551609658588,3.289559940706348,0.9036144194484352,1.296907873341488
2004-05-25 23:00:00,1.1765888471586723,1.111002823613669,3.290961853837498,0.9364111457985992,1.1862993246733815
2004-05-26 00:00:00,1.1077287895124766,1.1561402048941074,3.2255565584121326,0.7436032020540181,0.7777431623215635
2004-05-26 01:00:00,1.0867785305938231,1.1715837093048722,3.2298876173386644,0.8211558467588679,0.878489209184827
2004-05-26 02:00:00,0.9809279143127588,1.1151173432702086,3.232736257231465,0.7688981104117936,0.8118764882966719
2004-05-26 03:00:00,0.868403392374466,0.9449203210044004,3.2327489478170937,0.6414352217434441,0.5412499433834308
2004-05-26 04:00:00,0.9086144403854224,0.9415174683877556,3.2327489478170937,0.7499052804964885,0.6302335592029559
2004-05-26 05:00:00,0.8976612109589641,0.9449203210044004,3.2327489478170937,0.6516027447572728,0.5041158380285603
2004-05-26 06:00:00,0.942478646769636,0.9618232373145272,3.224167335866611,0.6156694365867934,0.4244240480813843
2004-05-26 07:00:00,0.9636644984234431,0.9537421720025382,3.225458999535113,0.6176919745393277,0.4031782379290844
2004-05-26 08:00:00,1.1573347226416213,1.240844149213462,3.224167335866611,0.6569464398454943,0.5823352907095293
2004-05-26 09:00:00,1.323877626368945,1.7381301923064647,2.999741784745369,1.9000201388464284,1.19817230550509
2004-05-26 10:00:00,0.0659811676929437,0.2751238799255826,0.3695214647847272,-0.2461847731632831,0.5660290309932822
2004-05-26 11:00:00,-0.213551378679501,-0.0262995265665553,0.2551640595690471,-0.3885522683655485,0.5442723015506346
2004-05-26 12:00:00,-0.3533176518657233,-0.1311293085551682,0.099222143365847,-0.4523721800079434,0.1091377126976816
2004-05-26 13:00:00,-0.213551378679501,0.0257108624786087,0.2759563150628071,-0.5456474354852896,0.0438675243697386
2004-05-26 14:00:00,-0.3533176518657233,-0.1325883541822501,0.047241504631447,-0.5407382115127978,0.0438675243697386
2004-05-26 15:00:00,-0.3533176518657233,-0.1424364085406681,0.0680337601252069,-0.5800120032927331,-0.0214026639582042
2004-05-26 16:00:00,-0.5629670616450568,-0.2752045243612731,-0.1710771780530332,-0.6045581231551925,0.0438675243697386
2004-05-26 17:00:00,0.6965694823546783,1.1143527498858647,0.6918014249380073,0.3511539828201863,1.0272118721389971
2004-05-26 18:00:00,1.3292922605323312,1.7164633555874913,1.1700233012944878,0.5126864483901613,1.2853718535752134
2004-05-26 19:00:00,1.4178048176812588,1.810770959086484,1.1804194290413677,0.3128889131168741,1.0780090017391928
2004-05-26 20:00:00,1.3292206163483735,1.6417881294286278,0.9309123631162476,0.1862644038842567,0.9949771474774036
2004-05-26 21:00:00,0.3865780942915948,0.3841534314438874,0.1823911653408869,-0.238251105863622,0.5519862200889855
2004-05-26 22:00:00,0.0005360717286854,-0.0203527298296903,-0.046323645090473,-0.4016444561675547,0.276004484095432
2004-05-26 23:00:00,0.3451340998590414,0.3917109105317234,0.2031834208346471,-0.3160121468863959,0.3102339186699918
2004-05-27 00:00:00,-0.1771550002512134,-0.3179386100769823,-0.1918694335467932,-0.326122289749423,0.357780618918793
2004-05-27 01:00:00,-0.6427286482751944,-0.6208243128626866,-0.4933571382063134,-0.3938424036524344,0.1537462120503013
2004-05-27 02:00:00,-1.0466124468984963,-0.8219981264426409,-0.8052409706127136,-0.5704335257303768,-0.2873791461684551
2004-05-27 03:00:00,-1.2340735154492757,-0.914193162999095,-0.9403906313221536,-0.5190435705281592,-0.3908271892007511
2004-05-27 04:00:00,-1.2845496130115412,-0.9177431197201648,-0.9715790145627936,-0.5361487732632454,-0.4572259481118892
2004-05-27 05:00:00,-1.0689871338164525,-0.7906667377774921,-0.7532603318783136,-0.5854336784553467,-0.4703929922274027
2004-05-27 06:00:00,-0.6975433634996333,-0.6211281815029195,-0.5037532659531934,-0.522224423456991,-0.3443727075778396
2004-05-27 07:00:00,1.4496478250059597,1.8627482920583849,1.398738111725848,0.4878682597186793,0.315677416788142
2004-05-27 08:00:00,2.0232928090921205,2.882140453021239,2.396766375426328,0.4335959257532549,0.5704052090864369
2004-05-27 09:00:00,1.5615050563471586,1.9213093692619403,1.3675497284852078,0.4760543908114879,0.9516363188916412
2004-05-27 10:00:00,-0.1931987988694358,-0.2875900215069426,-0.2438500722811932,-0.56290957218373,-0.1719185241487708
2004-05-27 11:00:00,-0.3121562187624114,-0.3464818425792708,-0.3062268387624732,-0.5485348331389713,-0.1567775189543696
2004-05-27 12:00:00,0.0252481501482602,0.1106698238728612,0.0160531213908069,-0.3755901222630091,0.2369648058187964
2004-05-27 13:00:00,0.1029582638858034,0.1385936899497963,0.0784298878720869,-0.4244741154876302,0.1611719707809706
2004-05-27 14:00:00,-0.1588991457997028,-0.1801388288109053,-0.1294926670655132,-0.6123164663778942,-0.0757968114342401
2004-05-27 15:00:00,-0.009027260528994,0.0307971940618595,0.0576376323783269,-0.5010525710786761,0.1708693118665489
2004-05-27 16:00:00,-0.0662964555115082,0.0085442301269359,-0.004739134102953,-0.482688600648983,0.140272417171772
2004-05-27 17:00:00,1.0895151718066247,1.5032870283145638,0.9205162353693674,0.0857257651664817,1.1978436439732876
2004-05-27 18:00:00,1.7459091883638909,2.5182577334503016,1.398738111725848,0.294751541846678,1.3691948193827457
2004-05-27 19:00:00,1.3684016542541526,1.6631820932990569,0.9309123631162476,-0.0072781705899727,0.9050712874807596
2004-05-27 20:00:00,0.9195036898894624,1.0625332802666116,0.5046711254941671,-0.2325232034732321,0.6568743981969987
2004-05-27 21:00:00,0.4560499599459127,0.4270406189726054,0.2031834208346471,-0.4033403167863481,0.3137137471309573
2004-05-27 22:00:00,-0.0007976763935962,-0.0136599280266876,-0.108700411571753,-0.4594763820206263,0.1643262915329133
2004-05-27 23:00:00,0.0273853128171556,-0.0618013829790021,-0.1814733057999132,-0.4808698895767764,0.1618517025853807
2004-05-28 00:00:00,-0.347957650557964,-0.4597653719246965,-0.3686036052437533,-0.5019818149046459,-0.0056952985887976
2004-05-28 01:00:00,-0.7394542114285807,-0.634365536403625,-0.5453377769407135,-0.5111475823614656,-0.1420217781111372
2004-05-28 02:00:00,-0.7863693222997804,-0.6487779385623655,-0.5349416491938335,-0.5372074595181775,-0.2644224701533824
2004-05-28 03:00:00,-1.0418020397888827,-0.8072836412210321,-0.7844487151189536,-0.5874904497354478,-0.4010809310209772
2004-05-28 04:00:00,-1.1735762709631223,-0.8611351436652751,-0.8884099925877535,-0.5913613626501592,-0.4688316839606673
2004-05-28 05:00:00,-1.084495267198805,-0.8263332335797652,-0.8260332261064736,-0.5844307243573289,-0.503038875785095
2004-05-28 06:00:00,-0.4162798769813333,-0.4472917862957049,-0.3270190942562334,-0.416354524513962,-0.2181670113469514
2004-05-28 07:00:00,0.7767903082039843,1.15627554250154,0.8165549579005673,0.066562068248594,0.0622871773298806
2004-05-28 08:00:00,1.1839175473343977,1.5776196067555577,1.1700233012944878,0.0878779702744173,0.5476694666566315
2004-05-28 09:00:00,0.983888818482786,1.401653246672508,0.8373472133943273,0.0383215955437981,0.5287754123541197
2004-05-28 10:00:00,-0.0691707202032611,-0.1528100636207787,-0.1814733057999132,-0.4880442811472936,-0.1525920641440641
2004-05-28 11:00:00,-0.1013232970484116,-0.1331004943976554,-0.1606810503061531,-0.512716847086193,-0.1248045615835097
2004-05-28 12:00:00,0.3506465366642493,0.4747175491059048,0.3175408260503271,-0.4052194792706915,0.3075906831990695
2004-05-28 13:00:00,0.0483608971217662,0.1007875230562702,0.0784298878720869,-0.5390364330977728,0.0663476411636974
2004-05-28 14:00:00,0.2369288891414893,0.4029221387479529,0.223975676328407,-0.430441800988615,0.3482341633546332
2004-05-28 15:00:00,-0.2834345152726122,-0.1167506492302158,0.099222143365847,-0.5161920916503382,0.1091377126976816
2004-05-28 16:00:00,-0.2834345152726122,-0.1131664002669381,0.0888260156189668,-0.526010539595322,0.1526511715829769
2004-05-28 17:00:00,-0.0039019689001675,0.0954628397868581,0.1200143988596069,-0.5161920916503382,-0.1084295817287948
2004-05-28 18:00:00,0.0659811676929437,0.2559097855291281,0.2655601873159271,-0.4769182998704029,0.0873809832550339
2004-05-28 19:00:00,-0.213551378679501,-0.0883272793315328,0.0056569936439269,-0.6192857950726682,-0.1519430406140901
2004-05-28 20:00:00,-0.213551378679501,-0.149509400970233,-0.0983042838248731,-0.4474629560354514,0.1961646304682722
2004-05-28 21:00:00,-0.8424996080175017,-0.5635065011293018,-0.4517726272187933,-0.6585595868526035,-0.1736997700567378
2004-05-28 22:00:00,-0.7726164714243904,-0.5543815140354911,-0.4517726272187933,-0.692924154660047,-0.3042401467126237
2004-05-28 23:00:00,-0.0737851054932787,-0.010633328609596,-0.004739134102953,-0.5407382115127978,-0.0214026639582042
2004-05-29 00:00:00,-0.213551378679501,-0.3054765620248083,-0.2230578167874333,-0.4916459717878786,0.1961646304682722
2004-05-29 01:00:00,-0.7027333348312792,-0.596270197545098,-0.4725648827125534,-0.7125610505500146,-0.1519430406140901
2004-05-29 02:00:00,-1.0521490177968351,-0.7383053683200896,-0.6492990544095135,-0.8205639779448366,-0.5653209000243955
2004-05-29 03:00:00,-1.2617984275761684,-0.8251584152419053,-0.8260332261064736,-0.618270406111683,-0.5555550047910219
2004-05-29 04:00:00,-1.0681538952955865,-0.7784403401534149,-0.7324680763845536,-0.9531130252021182,-1.1092391360905869
2004-05-29 05:00:00,-1.2631971678032343,-0.9258608122601464,-1.0235596532971938,-1.0807528484869078,-1.761941019370016
2004-05-29 06:00:00,-1.4015647007623908,-0.920302813548422,-0.9715790145627936,-0.967840697119594,-1.4138333482876535
2004-05-29 07:00:00,-1.1220321543899463,-0.7909448300060252,-0.7636564596251936,-0.7567440663024417,-0.6523478177949861
2004-05-29 08:00:00,-1.0521490177968351,-0.7856257323888819,-0.7636564596251936,-0.7911086341098851,-0.717618006122929
2004-05-29 09:00:00,-1.1220321543899463,-0.7796286647815972,-0.7636564596251936,-0.8107455299998527,-0.913428571106758
2004-05-29 10:00:00,-0.982265881203724,-0.7721268590803098,-0.7428642041314335,-0.8156547539723447,-0.9569420299920532
2004-05-29 11:00:00,-0.982265881203724,-0.7489491492066451,-0.7116758208907935,-0.7911086341098851,-0.8699151122214626
2004-05-29 12:00:00,-0.8424996080175017,-0.5938527089295219,-0.5557339046875934,-0.7665625142474256,-0.782888194450872
2004-05-29 13:00:00,-0.982265881203724,-0.715137456229913,-0.6804874376501535,-0.8402008738348042,-1.0004554888773485
2004-05-29 14:00:00,-1.1919152909830577,-0.7854388877420851,-0.7844487151189536,-0.8794746656147395,-1.087482406647939
2004-05-29 15:00:00,-1.1220321543899463,-0.7654606120176017,-0.7428642041314335,-0.8696562176697556,-1.022212218319996
2004-05-29 16:00:00,-1.0521490177968351,-0.7027096546359121,-0.6492990544095135,-0.796017858082377,-0.7611314650082243
2004-05-29 17:00:00,-1.0521490177968351,-0.6096106580926025,-0.5973184156751135,-0.8107455299998527,-0.6741045472376337
2004-05-29 18:00:00,-0.9123827446106128,-0.5955302359715792,-0.5765261601813535,-0.742016394384966,-0.5870776294670431
2004-05-29 19:00:00,-0.7726164714243904,-0.5589619778161302,-0.4517726272187933,-0.688014930687555,-0.3695103350405666
2004-05-29 20:00:00,-0.6328501982381681,-0.4735508532923101,-0.3582074774968732,-0.5652843313752572,0.0438675243697386
2004-05-29 21:00:00,-0.7726164714243904,-0.581566517355747,-0.5037532659531934,-0.6683780347975874,-0.1519430406140901
2004-05-29 22:00:00,-0.5629670616450568,-0.3762057537758981,-0.2958307110155933,-0.6683780347975874,-0.3695103350405666
2004-05-29 23:00:00,0.4153968506584996,0.400190480084271,0.244767931822167,-0.472009075897911,0.0438675243697386
2004-05-30 00:00:00,0.4153968506584996,0.4075825872377208,0.2551640595690471,-0.4425537320629595,0.326705007124158
2004-05-30 01:00:00,-0.3533176518657233,-0.3493631234693021,-0.2334539445343132,-0.6438319149351278,-0.0649161228434995
2004-05-30 02:00:00,-1.0521490177968351,-0.6402404064215197,-0.5037532659531934,-0.8696562176697556,-0.7393747355655766
2004-05-30 03:00:00,-1.2617984275761684,-0.6414032293422122,-0.5349416491938335,-0.5841506403053094,-0.4251565501602327
2004-05-30 04:00:00,-0.9902266413656182,-0.7379021025398921,-0.6389029266626335,-0.95802224917461,-1.1962660538611771
2004-05-30 05:00:00,-1.4015647007623908,-0.8291086159968633,-0.8572216093471137,-1.0463882806794644,-1.5878871838288349
2004-05-30 06:00:00,-1.4015647007623908,-0.8601378300310738,-0.8780138648408736,-1.012023712872021,-1.4138333482876535
2004-05-30 07:00:00,-1.33168156416928,-0.8172032560261405,-0.8052409706127136,-0.9334761293121504,-1.0657256772052914
2004-05-30 08:00:00,-1.2617984275761684,-0.8555338332564494,-0.8988061203346337,-0.8745654416422476,-0.9351853005494056
2004-05-30 09:00:00,-1.2617984275761684,-0.828106266118813,-0.8676177370939936,-0.9138392334221828,-1.087482406647939
2004-05-30 10:00:00,-1.1919152909830577,-0.7908734526954748,-0.7948448428658336,-0.8843838895872314,-1.0004554888773485
2004-05-30 11:00:00,-1.2617984275761684,-0.7873445108464657,-0.7844487151189536,-0.904020785477199,-1.0004554888773485
2004-05-30 12:00:00,-1.2617984275761684,-0.7680183829163892,-0.7428642041314335,-0.9138392334221828,-1.1092391360905869
2004-05-30 13:00:00,-1.4015647007623908,-0.8781451946172798,-0.9092022480815136,-1.0022052649270372,-1.5008602660582444
2004-05-30 14:00:00,-1.4015647007623908,-0.8347342377282688,-0.8884099925877535,-0.967840697119594,-1.392076618845006
2004-05-30 15:00:00,-1.33168156416928,-0.7654606120176017,-0.7428642041314335,-0.967840697119594,-1.392076618845006
2004-05-30 16:00:00,-1.0521490177968351,-0.5928634532854791,-0.5349416491938335,-0.850019321779788,-0.717618006122929
2004-05-30 17:00:00,-1.1220321543899463,-0.7028597347026113,-0.6389029266626335,-0.850019321779788,-0.5870776294670431
2004-05-30 18:00:00,-0.8424996080175017,-0.510564406972078,-0.3789997329906333,-0.7567440663024417,-0.4347805233685096
2004-05-30 19:00:00,-0.7027333348312792,-0.4034795781240359,-0.2646423277749531,-0.7321979464399822,-0.3259968761552713
2004-05-30 20:00:00,-0.5629670616450568,-0.2338303160528559,-0.1294926670655132,-0.6094673471276845,0.0656242538123863
2004-05-30 21:00:00,-0.4232007884588346,-0.2336748334700277,-0.1606810503061531,-0.5456474354852896,0.391975195452101
2004-05-30 22:00:00,-0.6328501982381681,-0.4251359760830314,-0.3062268387624732,-0.5947396752102088,0.1526511715829769
2004-05-30 23:00:00,-1.1919152909830577,-0.6909247982452847,-0.6181106711688734,-0.9432945772571344,-1.0004554888773485
2004-05-31 00:00:00,-1.33168156416928,-0.7734811508353331,-0.7324680763845536,-1.0905712964318917,-1.7836977488126635
2004-05-31 01:00:00,-1.2617984275761684,-0.7477540027572492,-0.6804874376501535,-1.0365698327344806,-1.392076618845006
2004-05-31 02:00:00,-1.2125550390100068,-0.918060265730545,-0.9611828868159136,-1.1494819841017945,-2.2188323376656167
2004-05-31 03:00:00,-1.2612587760912266,-0.9248400343080124,-1.0339557810440738,-0.5366024959439306,-0.5138286014872356
2004-05-31 04:00:00,-1.2806765992379017,-0.9270926546135873,-1.0443519087909536,-1.0758436245144158,-1.6966708310420733
2004-05-31 05:00:00,-1.176478964233684,-0.912671347460041,-0.9403906313221536,-0.9334761293121504,-1.152752594975882
2004-05-31 06:00:00,-1.1220321543899463,-0.6252830826783206,-0.5037532659531934,-0.7665625142474256,-1.087482406647939
2004-05-31 07:00:00,-0.3533176518657233,0.0009370295771001,0.296748570556567,-0.3492784765856133,-0.5870776294670431
2004-05-31 08:00:00,1.0443450799965,1.55215507590218,1.1804194290413677,0.0483686651862314,0.4137319248947487
2004-05-31 09:00:00,0.0659811676929437,0.2663033108804247,0.5150672532410473,-0.1234541738509854,0.5877857604359299
2004-05-31 10:00:00,-0.3533176518657233,0.0497364926803001,0.286352442809687,-0.3787338204205647,0.2396780893535675
2004-05-31 11:00:00,-0.4930839250519458,-0.1451372087647663,0.1304105266064869,-0.4621906279529272,0.2831915482388628
2004-05-31 12:00:00,-0.4930839250519458,-0.0986632083668111,0.1823911653408869,-0.5456474354852896,0.2179213599109198
2004-05-31 13:00:00,-0.4232007884588346,0.0276408426896044,0.296748570556567,-0.5996488991827007,0.1961646304682722
2004-05-31 14:00:00,-0.5629670616450568,-0.0648019770642191,0.2551640595690471,-0.5603751074027654,0.2396780893535675
2004-05-31 15:00:00,-0.6328501982381681,-0.2079692038883895,0.0784298878720869,-0.6045581231551925,0.022110794927091
2004-05-31 16:00:00,-0.213551378679501,0.1025758474630048,0.4526904867597671,-0.4327352841179757,0.391975195452101
2004-05-31 17:00:00,0.625046260437833,1.1337997934523516,1.0452697683319274,-0.0841803820710501,1.0664338081741782
2004-05-31 18:00:00,0.9744619434033888,1.486806423943191,1.4195303672196078,-0.0547250382360987,1.1099472670594734
2004-05-31 19:00:00,0.2057474408791658,0.4848528524998541,0.5462556364816874,-0.4032799402830243,0.1308944421403292
2004-05-31 20:00:00,-0.7027333348312792,-0.2710579558802402,-0.0671159005842332,-0.692924154660047,-0.3042401467126237
2004-05-31 21:00:00,-0.9123827446106128,-0.5356816201360165,-0.3997919884843933,-0.7861994101373933,-0.8916718416641102
2004-05-31 22:00:00,-1.1919152909830577,-0.6724317566158979,-0.6285067989157536,-0.8745654416422476,-1.1309958655332344
2004-05-31 23:00:00,-1.0521490177968351,-0.5513779439879997,-0.5037532659531934,-0.8696562176697556,-1.1092391360905869
2004-06-01 00:00:00,-1.2617984275761684,-0.7490493704592396,-0.6908835653970335,-0.9432945772571344,-1.4138333482876535
2004-06-01 01:00:00,-1.127499292910239,-0.8543253636528714,-0.8780138648408736,-1.0856620724593995,-1.892481396025902
2004-06-01 02:00:00,-1.2167888145727497,-0.9156267069186872,-0.9715790145627936,-1.0807528484869078,-1.827211207697959
2004-06-01 03:00:00,-1.2852321279977263,-0.9213956784636486,-1.0651441642847137,-0.6139843111006044,-0.8214523094504295
2004-06-01 04:00:00,-1.316297046161771,-0.9224164564157824,-1.0443519087909536,-1.0905712964318917,-1.8707246665832544
2004-06-01 05:00:00,-1.4015647007623908,-0.9098341565957055,-0.9299945035752736,-0.9776591450645776,-1.5008602660582444
2004-06-01 06:00:00,-1.2617984275761684,-0.6438560174487661,-0.5453377769407135,-0.6438319149351278,-0.9786987594347007
2004-06-01 07:00:00,-0.4930839250519458,-0.2325419533082192,0.1200143988596069,-0.2363663252182993,-0.347753605597919
2004-06-01 08:00:00,0.4153968506584996,0.5853011939079321,0.8477433411412074,-0.0105420224836715,-0.2172132289420331
2004-06-01 09:00:00,0.1358643042860546,0.3946617831549405,0.4007098480253671,-0.0547250382360987,-0.1519430406140901
2004-06-01 10:00:00,-0.213551378679501,-0.1016711278976266,0.0680337601252069,-0.1332726217959692,-0.4565372528111572
2004-06-01 11:00:00,-0.3533176518657233,-0.1315226849838078,0.109618271112727,-0.1823648615208883,-0.5218074411391002
2004-06-01 12:00:00,-0.1436682420863899,0.116388066707053,0.4734827422535272,-0.2314571012458074,-0.4565372528111572
2004-06-01 13:00:00,0.2756305774722771,0.3901315444606861,0.4526904867597671,-0.2265478772733155,-0.4782939822538049
2004-06-01 14:00:00,-0.3533176518657233,-0.0596664734273883,0.223975676328407,-0.4670998519254191,-0.8046449238935196
2004-06-01 15:00:00,-0.4232007884588346,-0.1616820023531961,0.109618271112727,-0.4425537320629595,-0.6958612766802814
2004-06-01 16:00:00,0.2756305774722771,0.4170168454878933,0.5982362752160875,-0.2707308930257427,-0.3259968761552713
2004-06-01 17:00:00,1.0443450799965,1.357880962179351,1.1076465348132076,-0.1087265019335097,-0.0214026639582042
2004-06-01 18:00:00,0.9744619434033888,1.2256438495965676,0.8893278521287273,-0.2658216690532508,-0.3259968761552713
2004-06-01 19:00:00,1.8829427191138337,2.6494575629363366,1.721018071879128,0.0483686651862314,-0.1954564994993854
2004-06-01 20:00:00,1.1142282165896111,1.3529936080121694,0.8685355966349674,-0.0841803820710501,-0.4782939822538049
2004-06-01 21:00:00,-0.0039019689001675,0.1563289600160529,0.4526904867597671,-0.3885522683655485,-0.717618006122929
2004-06-01 22:00:00,-0.3533176518657233,-0.1294320028099949,0.0680337601252069,-0.5014644197328625,-0.7611314650082243
2004-06-01 23:00:00,0.0659811676929437,0.1218019372766269,0.1823911653408869,-0.3443692526131213,-0.6305910883523385
2004-06-02 00:00:00,-0.9123827446106128,-0.4257027824362157,-0.2230578167874333,-0.7027426026050307,-1.152752594975882
2004-06-02 01:00:00,-0.6963080011695074,-0.5846714532567077,-0.3997919884843933,-0.8254732019173285,-1.3268064305170633
2004-06-02 02:00:00,-0.9634175126894452,-0.7543417301999484,-0.6700913099032735,-0.95802224917461,-1.5661304543861874
2004-06-02 03:00:00,-0.8862071587886021,-0.7431225813456656,-0.6389029266626335,-0.6365427256086011,-0.87233758009779
2004-06-02 04:00:00,-1.157015384612545,-0.8283339959088565,-0.8468254816002337,-1.021842160817005,-1.7184275604847208
2004-06-02 05:00:00,-1.2127673057317792,-0.9098341565957055,-0.9299945035752736,-1.06111595259694,-1.892481396025902
2004-06-02 06:00:00,-1.222888192189671,-0.856279884106622,-0.8884099925877535,-1.0463882806794644,-1.9142381254685497
2004-06-02 07:00:00,-1.082524385682444,-0.7901460817315784,-0.7740525873720735,-0.9334761293121504,-1.6749141015994256
2004-06-02 08:00:00,-0.7414598320434421,-0.5752343106123308,-0.4621687549656733,-0.8107455299998527,-1.457346807172949
2004-06-02 09:00:00,-0.4637049111664922,-0.3547142699109389,-0.2958307110155933,-0.7027426026050307,-1.2397795127464726
2004-06-02 10:00:00,-0.4029852156545098,-0.2952293624493419,-0.2542462000280732,-0.746925618357458,-1.2180227833038249
2004-06-02 11:00:00,-0.4122024898422355,-0.3009843240795961,-0.2646423277749531,-0.6683780347975874,-1.0439689477626437
2004-06-02 12:00:00,-0.5158955331926957,-0.452577644703445,-0.4101881162312733,-0.7763809621924094,-1.2397795127464726
2004-06-02 13:00:00,-0.8190482339754478,-0.7034449462378618,-0.6908835653970335,-0.9923868169820534,-1.6531573721567778
2004-06-02 14:00:00,-0.8206190327087197,-0.7099009987959278,-0.6804874376501535,-1.012023712872021,-1.7401842899273685
2004-06-02 15:00:00,-0.6320728255193512,-0.5166062513655837,-0.4725648827125534,-0.9432945772571344,-1.5878871838288349
2004-06-02 16:00:00,-0.4347676586516092,-0.3267049708247113,-0.2542462000280732,-0.8696562176697556,-1.3703198894023585
2004-06-02 17:00:00,-0.5031524487751555,-0.3933135078585729,-0.3374152220031133,-0.8794746656147395,-1.4355900777303017
2004-06-02 18:00:00,-0.2830780937881419,-0.1543540844168033,-0.0879081560779931,-0.796017858082377,-1.2397795127464726
2004-06-02 19:00:00,0.2920329302390503,0.3726156714901046,0.3591253370378472,-0.4572814039804352,-0.4782939822538049
2004-06-02 20:00:00,0.0149585458025076,0.0794068365559884,0.047241504631447,-0.4818275238428948,-0.3259968761552713
2004-06-02 21:00:00,-0.4014626101310281,-0.2931175280513634,-0.2750384555218333,-0.6683780347975874,-0.6088343589096907
2004-06-02 22:00:00,-0.4451466516129276,-0.3175167559785785,-0.2750384555218333,-0.7321979464399822,-1.1092391360905869
2004-06-02 23:00:00,-0.6567766565270517,-0.5135193085903744,-0.4621687549656733,-0.8647469936972637,-1.457346807172949
2004-06-03 00:00:00,-0.6178241302452215,-0.5782910817084812,-0.4205842439781533,-0.8303824258898204,-1.2832929716317678
2004-06-03 01:00:00,-0.6045809527622188,-0.5804982384673103,-0.4621687549656733,-0.8598377697247719,-1.3268064305170633
2004-06-03 02:00:00,-0.9336749295625636,-0.7744584110622085,-0.7012796931439136,-1.016932936844513,-1.6096439132714826
2004-06-03 03:00:00,-1.2167086938821432,-0.9247144258080155,-1.0443519087909536,-0.6138643071820873,-0.8238326156959096
2004-06-03 04:00:00,-1.2166835351105674,-0.9211846140623418,-1.0027673978034335,-1.0856620724593995,-1.8707246665832544
2004-06-03 05:00:00,-1.0708229327231769,-0.8260948818936039,-0.8468254816002337,-0.8696562176697556,-1.1309958655332344
2004-06-03 06:00:00,-0.330195724439808,-0.2243336999470261,-0.1294926670655132,-0.2658216690532508,-0.8046449238935196
2004-06-03 07:00:00,0.7515623916599142,1.12093521216454,0.8893278521287273,0.0483686651862314,-0.782888194450872
2004-06-03 08:00:00,0.8931757852000703,1.0958523370268445,0.9205162353693674,-0.089089606043542,-0.282483417269976
2004-06-03 09:00:00,0.8948166036270822,1.1660464049769634,0.9828930018506477,0.0238225453237718,-0.0431593934008519
2004-06-03 10:00:00,0.149593295982043,0.2022782753730152,0.3903137202784871,-0.364006148503089,-0.3695103350405666
2004-06-03 11:00:00,-0.0913470943538784,-0.1126125965796912,-0.046323645090473,-0.4756999829348468,-0.0639726318602841
2004-06-03 12:00:00,-0.0526020862839535,-0.0945273533499661,-0.0255313895967131,-0.470212238199117,-0.1700914648151585
2004-06-03 13:00:00,0.0443799797094393,0.1209170234483277,0.0784298878720869,-0.4477974987945632,-0.1736458230881338
2004-06-03 14:00:00,-0.2142925127703859,-0.2981637528199624,-0.2854345832687133,-0.5467227140423138,-0.21416248636981
2004-06-03 15:00:00,-0.1138493662343125,-0.1527611662714087,-0.1710771780530332,-0.4896903274054042,-0.0481269962605787
2004-06-03 16:00:00,-0.0100324450913582,-0.0758747543586369,-0.0359275173435931,-0.4398385123160889,0.1331535751947911
2004-06-03 17:00:00,0.7914800317454068,1.0644155535131472,0.5462556364816874,-0.1783960427875117,0.6669148420028982
2004-06-03 18:00:00,0.6530594695940433,0.9532837822442118,0.348729209290967,-0.3385686886740663,0.3872985742414904
2004-06-03 19:00:00,1.1764417266599871,1.4289603102300492,0.8477433411412074,-0.1748551031943158,0.4937301336235952
2004-06-03 20:00:00,0.7970917707218677,0.9511275373322924,0.3279369537972071,-0.2901885321260654,0.3471887540984245
2004-06-03 21:00:00,-0.1731225989950659,-0.3369629754324355,-0.3686036052437533,-0.6383688526533003,-0.2542940512909902
2004-06-03 22:00:00,-0.255747503752105,-0.3577467296845093,-0.3686036052437533,-0.5688689053520589,-0.2263462017406775
2004-06-03 23:00:00,-0.2715618743672815,-0.3464924644753886,-0.3686036052437533,-0.5833120735975448,-0.2689822339304631
2004-06-04 00:00:00,-0.2662353792116009,-0.384429115868638,-0.2958307110155933,-0.4973883315791885,-0.1471093922271738
2004-06-04 01:00:00,-0.745461576253431,-0.634365536403625,-0.5869222879282334,-0.6504092832655821,-0.4584531171546253
2004-06-04 02:00:00,-0.8864256318960777,-0.7710350014138528,-0.7116758208907935,-0.6596062876974466,-0.5184784981995533
2004-06-04 03:00:00,-0.8223992240656864,-0.6631025727260289,-0.5973184156751135,-0.6104068534610432,-0.5491376393965655
2004-06-04 04:00:00,-0.9554393496554244,-0.7700885080584913,-0.7012796931439136,-0.6288214247939561,-0.567187963110111
2004-06-04 05:00:00,-1.2726702992002394,-0.9252536701721352,-1.054748036537834,-0.6216182682392251,-0.6493657953612308
2004-06-04 06:00:00,-1.0419414960260285,-0.8251584152419053,-0.8260332261064736,-0.6444328334334697,-0.7067552445248322
2004-06-04 07:00:00,0.4835363344284623,0.4041200322394482,0.5878401474692073,-0.4224655105743246,-0.444548244499282
2004-06-04 08:00:00,-0.2386006346225064,-0.2210840407114601,-0.1398887948123932,-0.55854613382317,-0.3495693775657925
2004-06-04 09:00:00,-0.6347346568749503,-0.5913396690329203,-0.5557339046875934,-0.6460239715316096,-0.5386287699125107
2004-06-04 10:00:00,-0.6981045207358413,-0.5812475857680022,-0.5869222879282334,-0.6200813641217383,-0.4361703632704207
2004-06-04 11:00:00,-0.4934649054962192,-0.5042181903139547,-0.4621687549656733,-0.5469990151992739,-0.2929805014162742
2004-06-04 12:00:00,-0.1135409630145319,-0.1934215099062516,-0.1918694335467932,-0.5310310031552034,-0.1556089446190712
2004-06-04 13:00:00,0.0004694259761666,-0.0282660424374735,-0.0255313895967131,-0.509915407295494,-0.1406787475789071
2004-06-04 14:00:00,-0.2707657075462543,-0.3548809237983048,-0.3374152220031133,-0.52165489175132,-0.2711186998778533
2004-06-04 15:00:00,-0.0478482447567903,-0.1124007080657545,-0.1190965393186332,-0.5793679373180705,-0.1753005841035586
2004-06-04 16:00:00,0.4153968506584996,0.4521742228210705,0.2031834208346471,-0.3987743999040956,0.1089078156160923
2004-06-04 17:00:00,1.0443450799965,1.1904454497680388,0.5462556364816874,-0.1028123013250474,0.8870612995006627
2004-06-04 18:00:00,0.8346956702171663,1.0631227955011513,0.5774440197223271,-0.1880231736239485,0.6782702639173538
2004-06-04 19:00:00,1.0443450799965,1.2025088104435142,0.6398207862036073,-0.3211398049577615,0.4147501116806465
2004-06-04 20:00:00,0.5551631238447217,0.446538024977582,0.1823911653408869,-0.5950769895954036,0.0648623566250255
2004-06-04 21:00:00,-0.1436682420863899,-0.1919823345503556,-0.2230578167874333,-0.6504805215467991,-0.151832988798138
2004-06-04 22:00:00,-0.0737851054932787,-0.1240291204088188,-0.1398887948123932,-0.6993646645890464,-0.2090531274756592
2004-06-04 23:00:00,0.5551631238447217,0.4053391695231791,0.1823911653408869,-0.5418731923938281,-0.0725126859763027
2004-06-05 00:00:00,0.4153968506584996,0.2963261002574709,0.161598909847127,-0.4440987263322565,-0.0814039763556012
2004-06-05 01:00:00,-0.4232007884588346,-0.4638559923149708,-0.3686036052437533,-0.585309592006518,-0.3065226844519261
2004-06-05 02:00:00,-0.3533176518657233,-0.3390025626231988,-0.2230578167874333,-0.6048634514772122,-0.3700194284335155
2004-06-05 03:00:00,-0.5629670616450568,-0.5581072356668899,-0.4621687549656733,-0.6271374372220322,-0.6069596602530344
2004-06-05 04:00:00,-0.982265881203724,-0.7768781430954991,-0.7116758208907935,-0.9874775930095616,-1.022212218319996
2004-06-05 05:00:00,-0.982265881203724,-0.7539544430479626,-0.6700913099032735,-0.8892931135597233,-0.848158382778815
2004-06-05 06:00:00,-0.6328501982381681,-0.5404646782714894,-0.3582074774968732,-0.526010539595322,-0.4130237939258619
2004-06-05 07:00:00,-0.4232007884588346,-0.5174180023059679,-0.4101881162312733,-0.3296415806956456,-0.3259968761552713
2004-06-05 08:00:00,-0.4232007884588346,-0.440233353189267,-0.3478113497499933,-0.251093997135775,-0.3042401467126237
2004-06-05 09:00:00,-0.3533176518657233,-0.4192311175222178,-0.3893958607375133,-0.5161920916503382,-0.6305910883523385
2004-06-05 10:00:00,-0.7027333348312792,-0.6704719252140883,-0.6285067989157536,-0.742016394384966,-0.913428571106758
2004-06-05 11:00:00,-0.7027333348312792,-0.6681343755236059,-0.6285067989157536,-0.8696562176697556,-1.152752594975882
2004-06-05 12:00:00,-0.4930839250519458,-0.3974261961537126,-0.3478113497499933,-0.746925618357458,-0.913428571106758
2004-06-05 13:00:00,-0.4930839250519458,-0.3579318803220115,-0.3062268387624732,-0.7616532902749337,-0.8264016533361672
2004-06-05 14:00:00,-0.7726164714243904,-0.5879769690149623,-0.5557339046875934,-0.8696562176697556,-1.0439689477626437
2004-06-05 15:00:00,-0.5629670616450568,-0.4637112231963303,-0.4205842439781533,-0.7763809621924094,-0.7611314650082243
2004-06-05 16:00:00,-0.1436682420863899,-0.1072158492392038,-0.1190965393186332,-0.6291042430176521,-0.3912670644832143
2004-06-05 17:00:00,-0.2834345152726122,-0.25378070930003,-0.2438500722811932,-0.6389226909626359,-0.4565372528111572
2004-06-05 18:00:00,0.1358643042860546,0.3394011854657905,0.2759563150628071,-0.5112828676778463,-0.1084295817287948
2004-06-05 19:00:00,0.2057474408791658,0.3425934315214783,0.4942749977472873,-0.5161920916503382,0.022110794927091
2004-06-05 20:00:00,-0.213551378679501,-0.3386305215548649,-0.3270190942562334,-0.5898304512377168,-0.1736997700567378
2004-06-05 21:00:00,-1.0521490177968351,-0.7842073887689067,-0.7844487151189536,-1.0856620724593995,-1.7401842899273685
2004-06-05 22:00:00,-0.9123827446106128,-0.5864706284797351,-0.5973184156751135,-1.0414790567069725,-1.457346807172949
2004-06-05 23:00:00,-0.2834345152726122,-0.3455379589139036,-0.3478113497499933,-0.8991115615047072,-0.9351853005494056
2004-06-06 00:00:00,-0.7027333348312792,-0.6332082533511665,-0.5973184156751135,-0.9776591450645776,-1.1309958655332344
2004-06-06 01:00:00,-1.0521490177968351,-0.7933389229797211,-0.7844487151189536,-1.0954805204043836,-1.8707246665832544
2004-06-06 02:00:00,-0.7027333348312792,-0.6068052871325856,-0.4933571382063134,-0.9383853532846425,-1.1309958655332344
2004-06-06 03:00:00,-0.7027333348312792,-0.5853369699893317,-0.4517726272187933,-0.6609374173054663,-0.9023199773224996
2004-06-06 04:00:00,-0.7726164714243904,-0.731343997367832,-0.6389029266626335,-0.9285669053396586,-1.0439689477626437
2004-06-06 05:00:00,-1.1220321543899463,-0.9092901049079118,-0.9299945035752736,-1.066025176569432,-1.6531573721567778
2004-06-06 06:00:00,-0.982265881203724,-0.8304221141767099,-0.8572216093471137,-1.0071144888995291,-1.392076618845006
2004-06-06 07:00:00,-0.7726164714243904,-0.7246980784166597,-0.6389029266626335,-0.8598377697247719,-1.0439689477626437
2004-06-06 08:00:00,-0.6328501982381681,-0.5965801554619847,-0.5661300324344735,-0.8107455299998527,-0.8699151122214626
2004-06-06 09:00:00,-0.982265881203724,-0.8441852987192829,-0.8884099925877535,-0.9187484573946748,-1.2180227833038249
2004-06-06 10:00:00,-0.8424996080175017,-0.8046344853884033,-0.8260332261064736,-0.8696562176697556,-1.0657256772052914
2004-06-06 11:00:00,-0.9123827446106128,-0.8167028823077277,-0.8676177370939936,-0.9138392334221828,-1.2397795127464726
2004-06-06 12:00:00,-0.9123827446106128,-0.803882436829647,-0.8260332261064736,-0.9285669053396586,-1.3268064305170633
2004-06-06 13:00:00,-1.1220321543899463,-0.886974050572771,-0.9403906313221536,-0.9727499210920858,-1.3485631599597108
2004-06-06 14:00:00,-1.1220321543899463,-0.8347342377282688,-0.8988061203346337,-0.9923868169820534,-1.4138333482876535
2004-06-06 15:00:00,-0.982265881203724,-0.7964304441584295,-0.8052409706127136,-0.9187484573946748,-1.087482406647939
2004-06-06 16:00:00,-0.8424996080175017,-0.7624569046180054,-0.7428642041314335,-0.8942023375322152,-1.1092391360905869
2004-06-06 17:00:00,-0.7726164714243904,-0.7071512096543896,-0.6700913099032735,-0.8205639779448366,-0.9351853005494056
2004-06-06 18:00:00,-0.6328501982381681,-0.5764701590688333,-0.5661300324344735,-0.7812901861649013,-0.8264016533361672
2004-06-06 19:00:00,-0.5629670616450568,-0.5144725321988797,-0.4933571382063134,-0.5947396752102088,-0.4782939822538049
2004-06-06 20:00:00,-0.3533176518657233,-0.4065697257816946,-0.3893958607375133,-0.5456474354852896,-0.347753605597919
2004-06-06 21:00:00,-0.4930839250519458,-0.4896534646708003,-0.4517726272187933,-0.5898304512377168,-0.4565372528111572
2004-06-06 22:00:00,-0.2834345152726122,-0.4235344505390586,-0.3997919884843933,-0.5309197635678139,-0.3042401467126237
2004-06-06 23:00:00,-0.2834345152726122,-0.3144538040377043,-0.3062268387624732,-0.526010539595322,-0.2607266878273284
2004-06-07 00:00:00,-0.4930839250519458,-0.5554312046057216,-0.4517726272187933,-0.6683780347975874,-0.3259968761552713
2004-06-07 01:00:00,-0.9123827446106128,-0.7903113620978947,-0.7740525873720735,-0.9334761293121504,-1.0004554888773485
2004-06-07 02:00:00,-1.1919152909830577,-0.9010053006402144,-0.9092022480815136,-1.06111595259694,-1.5661304543861874
2004-06-07 03:00:00,-1.2617984275761684,-0.9123633582566588,-0.9715790145627936,-0.6041330156410951,-0.614479369704411
2004-06-07 04:00:00,-1.2077404873676587,-0.9133841133167754,-0.9611828868159136,-1.06111595259694,-1.6531573721567778
2004-06-07 05:00:00,-1.1220321543899463,-0.9098341565957055,-0.9299945035752736,-0.9531130252021182,-1.522616995500892
2004-06-07 06:00:00,-0.4232007884588346,-0.295341441766999,-0.1814733057999132,-0.3492784765856133,-0.7393747355655766
2004-06-07 07:00:00,0.3455137140653883,0.4123853325082395,0.4215021035191272,-0.089089606043542,-0.4347805233685096
2004-06-07 08:00:00,1.533527036148278,1.969896119738574,1.4195303672196078,0.230009952168432,0.1744079010256245
2004-06-07 09:00:00,0.6949293970309441,1.0235531191478555,0.3903137202784871,0.1661900405260372,0.1744079010256245
2004-06-07 10:00:00,0.5551631238447217,0.6360626860466214,0.6294246584567271,-0.0007235745386876,0.2614348187962151
2004-06-07 11:00:00,0.2756305774722771,0.5174111617346824,0.286352442809687,-0.1529095176859368,0.2179213599109198
2004-06-07 12:00:00,-0.1436682420863899,0.0595591826833333,0.047241504631447,-0.4229168361729919,0.4790021132226916
2004-06-07 13:00:00,0.2756305774722771,0.5115284626468042,0.3695214647847272,-0.2609124450807589,0.1091377126976816
2004-06-07 14:00:00,0.2756305774722771,0.5387247288396679,0.4838788700004072,-0.2658216690532508,0.3702184660094534
2004-06-07 15:00:00,0.4852799872516105,0.592942366211731,0.5358595087348073,-0.1627279656309207,0.3484617365668057
2004-06-07 16:00:00,0.1358643042860546,0.4747113224771461,0.4007098480253671,-0.3247323567231537,0.0656242538123863
2004-06-07 17:00:00,0.8346956702171663,1.2281295564242798,0.7853665746599272,-0.0547250382360987,0.3049482776815104
2004-06-07 18:00:00,0.4852799872516105,0.5447535705672362,0.7957627024068074,-0.251093997135775,-0.0431593934008519
2004-06-07 19:00:00,1.8829427191138337,2.717851585766764,1.824979349347928,0.2545560720308916,0.6965694076491681
2004-06-07 20:00:00,0.2756305774722771,0.45163854961168,0.213579548581527,-0.4081891642555161,0.326705007124158
2004-06-07 21:00:00,-0.0737851054932787,-0.0562864212601689,-0.046323645090473,-0.6389226909626359,0.1308944421403292
2004-06-07 22:00:00,-0.213551378679501,-0.2434555852970095,-0.2542462000280732,-0.7076518265775227,-0.1954564994993854
2004-06-07 23:00:00,-0.2834345152726122,-0.3042429569860204,-0.2958307110155933,-0.6634688108250955,-0.1954564994993854
2004-06-08 00:00:00,-0.5629670616450568,-0.5752192934488538,-0.4829610104594334,-0.7861994101373933,-0.3912670644832143
2004-06-08 01:00:00,-0.982265881203724,-0.7860752858284551,-0.7428642041314335,-0.9825683690370696,-1.1962660538611771
2004-06-08 02:00:00,-1.1220321543899463,-0.9064874352059594,-0.9195983758283937,-1.0414790567069725,-1.479103536615597
2004-06-08 03:00:00,-1.1919152909830577,-0.9201638590022252,-1.0027673978034335,-0.6220672716646877,-0.6349159753276511
2004-06-08 04:00:00,-1.2617984275761684,-0.9211846140623418,-1.0339557810440738,-1.0758436245144158,-1.7401842899273685
2004-06-08 05:00:00,-1.1220321543899463,-0.856279884106622,-0.8884099925877535,-0.9972960409545452,-1.522616995500892
2004-06-08 06:00:00,-0.4930839250519458,-0.3756098287764598,-0.2646423277749531,-0.5505566594577815,-0.8916718416641102
2004-06-08 07:00:00,0.8346956702171663,1.1531558183572772,0.8373472133943273,0.3478313275082378,-0.2172132289420331
2004-06-08 08:00:00,2.581774085044945,3.006248152351083,2.573500547123289,0.6767493336651959,0.326705007124158
2004-06-08 09:00:00,2.022708992300056,2.704002830862793,1.637849049904088,0.99584889187717,1.3927847498138928
2004-06-08 10:00:00,0.9744619434033888,1.289451777210051,0.7957627024068074,0.3478313275082378,1.3275145614859498
2004-06-08 11:00:00,0.5551631238447217,0.6044607137346778,0.5774440197223271,-0.089089606043542,0.8488665137477016
2004-06-08 12:00:00,0.2756305774722771,0.4629114947070769,0.4526904867597671,-0.3443692526131213,0.3049482776815104
2004-06-08 13:00:00,0.1358643042860546,0.4976809896958133,0.286352442809687,-0.4376445080904676,0.1961646304682722
2004-06-08 14:00:00,0.2057474408791658,0.4859317075003737,0.5358595087348073,-0.3836430443930566,0.4354886543373963
2004-06-08 15:00:00,0.3455137140653883,0.5347774124789143,0.3591253370378472,-0.3001862368606942,0.7183261370918157
2004-06-08 16:00:00,0.0659811676929437,0.2176249923338098,0.171995037594007,-0.5338173113656649,0.3951884428928265
2004-06-08 17:00:00,0.9744619434033888,1.3253279638925817,1.0452697683319274,-0.305095460833186,1.5885953147977216
2004-06-08 18:00:00,1.2539944897758333,1.601723252952873,1.2739845787632875,-0.1774556375483964,1.1099472670594734
2004-06-08 19:00:00,1.6732933093345004,2.3702383145978225,1.4195303672196078,0.0827332329936747,1.3057578320433023
2004-06-08 20:00:00,1.184111353182722,1.5159860545318495,1.0660620238256877,-0.1381818457684611,0.7183261370918157
2004-06-08 21:00:00,0.4852799872516105,0.4871759344352795,0.4526904867597671,-0.3983707163105323,0.2831915482388628
2004-06-08 22:00:00,-0.2834345152726122,-0.1844562633105232,-0.046323645090473,-0.6978333786325388,-0.4565372528111572
2004-06-08 23:00:00,-0.6328501982381681,-0.4556225577345329,-0.3374152220031133,-0.8794746656147395,-0.9351853005494056
2004-06-09 00:00:00,-0.3533176518657233,-0.2250521430240994,-0.1190965393186332,-0.7714717382199174,-0.6305910883523385
2004-06-09 01:00:00,-0.7726164714243904,-0.5953186221618525,-0.3997919884843933,-0.9727499210920858,-1.2180227833038249
2004-06-09 02:00:00,-0.8424996080175017,-0.646156573638976,-0.5765261601813535,-0.962931473147102,-1.152752594975882
2004-06-09 03:00:00,-1.1220321543899463,-0.8054052138334359,-0.7844487151189536,-0.640897586910066,-0.605429558232753
2004-06-09 04:00:00,-1.1220321543899463,-0.8263739355868719,-0.8364293538533536,-1.016932936844513,-1.2832929716317678
2004-06-09 05:00:00,-1.1220321543899463,-0.7918136736380427,-0.7636564596251936,-0.904020785477199,-1.1309958655332344
2004-06-09 06:00:00,-0.7726164714243904,-0.5464480564523119,-0.3374152220031133,-0.7371071704124741,-0.8916718416641102
2004-06-09 07:00:00,0.9744619434033888,1.4170756904271773,1.1388349180538475,0.1121885768286262,-0.0649161228434995
2004-06-09 08:00:00,3.0010729046036126,3.231406344717202,2.6566695690983284,0.5834740781878496,0.892379972632997
2004-06-09 09:00:00,0.5551631238447217,0.6080783850434986,0.6398207862036073,0.1318254727185938,0.7835963254197587
2004-06-09 10:00:00,0.9045788068102776,1.129555064000299,0.8269510856474475,0.0434594412137394,1.196974184830064
2004-06-09 11:00:00,0.4852799872516105,0.5345953751557916,0.6502169139504874,-0.2412755491907912,1.0664338081741782
2004-06-09 12:00:00,0.4852799872516105,0.571102465840493,0.7541781914192875,-0.3443692526131213,1.3927847498138928
2004-06-09 13:00:00,0.4852799872516105,0.5776395103564574,0.6918014249380073,-0.2707308930257427,1.2404876437153594
2004-06-09 14:00:00,0.1358643042860546,0.4998960213086608,0.2759563150628071,-0.3983707163105323,0.5877857604359299
2004-06-09 15:00:00,-0.213551378679501,-0.1409306631978957,-0.046323645090473,-0.6143765711001764,0.1308944421403292
2004-06-09 16:00:00,-0.0737851054932787,-0.0691339708869641,-0.0255313895967131,-0.4818275238428948,0.326705007124158
2004-06-09 17:00:00,0.9744619434033888,1.4756153407023571,1.0660620238256877,-0.0399973663186229,1.8279193386668453
2004-06-09 18:00:00,1.952825855706945,2.7308890475707,1.689829688638488,0.1907361603884967,2.43710776306098
2004-06-09 19:00:00,1.7431764459276111,2.5463585090384404,1.481907133700888,0.2791021918933511,2.0890000919786176
2004-06-09 20:00:00,0.9045788068102776,1.0166272766067506,0.7541781914192875,-0.1283633978234773,1.131703996502121
2004-06-09 21:00:00,0.4153968506584996,0.4671243584707761,0.4007098480253671,-0.4278260601454838,0.4790021132226916
2004-06-09 22:00:00,-0.1436682420863899,0.0306461067463904,0.0368453768845668,-0.6291042430176521,-0.0649161228434995
2004-06-09 23:00:00,-0.4232007884588346,-0.3104909211050539,-0.2750384555218333,-0.7616532902749337,-0.5653209000243955
2004-06-10 00:00:00,-0.7726164714243904,-0.5727770356703478,-0.3893958607375133,-0.9334761293121504,-1.0657256772052914
2004-06-10 01:00:00,-0.982265881203724,-0.7320788769134667,-0.6389029266626335,-1.0365698327344806,-1.479103536615597
2004-06-10 02:00:00,-0.7726164714243904,-0.6307520314419882,-0.5661300324344735,-0.9334761293121504,-0.9569420299920532
2004-06-10 03:00:00,-1.0521490177968351,-0.7908217625199704,-0.7636564596251936,-0.6887856300106902,-0.7582126850207402
2004-06-10 04:00:00,-1.0986287486282678,-0.8263739355868719,-0.8364293538533536,-1.0071144888995291,-1.3050497010744155
2004-06-10 05:00:00,-0.8424996080175017,-0.7377786687815573,-0.6181106711688734,-0.800927082054869,-0.7393747355655766
2004-06-10 06:00:00,-0.6328501982381681,-0.4480490542344502,-0.2750384555218333,-0.6732872587700793,-0.6958612766802814
2004-06-10 07:00:00,0.5551631238447217,0.5884888615601209,0.8893278521287273,-0.1185449498784935,-0.1301863111714425
2004-06-10 08:00:00,1.8829427191138337,2.7666720179579896,1.980921265551128,0.2545560720308916,0.6312992193212251
2004-06-10 09:00:00,1.533527036148278,1.959769057470923,1.377945856232088,0.3576497754532217,1.2187309142727116
2004-06-10 10:00:00,0.6949293970309441,0.9686967029196027,0.5774440197223271,-0.0203604704286553,0.892379972632997
2004-06-10 11:00:00,0.2057474408791658,0.4164262314365139,0.234371804075287,-0.3983707163105323,0.5225155721079869
2004-06-10 12:00:00,0.4852799872516105,0.4981582424765558,0.4111059757722472,-0.3590969245305971,0.827109784305054
2004-06-10 13:00:00,0.2756305774722771,0.4538004717439383,0.286352442809687,-0.4965551957603705,0.3484617365668057
2004-06-10 14:00:00,0.3455137140653883,0.4930168784832462,0.5878401474692073,-0.4376445080904676,0.7400828665344634
2004-06-10 15:00:00,0.1358643042860546,0.4365638813867998,0.2551640595690471,-0.4818275238428948,0.5007588426653393
2004-06-10 16:00:00,0.2057474408791658,0.4530891709763236,0.234371804075287,-0.4867367478153867,0.6312992193212251
2004-06-10 17:00:00,0.9744619434033888,1.408575426490814,1.0244775128381676,-0.0841803820710501,1.4798116675844837
2004-06-10 18:00:00,1.8829427191138337,2.6203147427118108,1.5130955169415277,0.392014343260665,2.0890000919786176
2004-06-10 19:00:00,2.092592128893167,2.663671491303393,1.4611148782071277,0.612929422022801,2.197783739191856
2004-06-10 20:00:00,1.813059582520723,2.399042332963418,1.2739845787632875,0.504926494627979,1.5233251264697787
2004-06-10 21:00:00,0.2057474408791658,0.3212577049435573,0.0680337601252069,-0.3689153724755809,0.1308944421403292
2004-06-10 22:00:00,0.2756305774722771,0.4525659510244504,0.296748570556567,-0.3983707163105323,0.1744079010256245
2004-06-10 23:00:00,0.4153968506584996,0.4841933792598489,0.296748570556567,-0.1774556375483964,0.1091377126976816
2004-06-11 00:00:00,-0.4232007884588346,-0.2875080680843094,-0.0983042838248731,-0.6683780347975874,-0.3042401467126237
2004-06-11 01:00:00,-0.7027333348312792,-0.5879134665584304,-0.3997919884843933,-0.8254732019173285,-0.5218074411391002
2004-06-11 02:00:00,-1.0521490177968351,-0.8254870988291031,-0.8156370983595936,-0.967840697119594,-0.9786987594347007
2004-06-11 03:00:00,-1.1220321543899463,-0.9089729588975316,-0.9195983758283937,-0.5863294754962867,-0.4534528141323907
2004-06-11 04:00:00,-1.1919152909830577,-0.9051488015909028,-0.9092022480815136,-0.9923868169820534,-1.2397795127464726
2004-06-11 05:00:00,-1.0521490177968351,-0.7918136736380427,-0.7636564596251936,-0.8352916498623123,-0.782888194450872
2004-06-11 06:00:00,-0.7726164714243904,-0.6081035850128155,-0.4517726272187933,-0.7174702745225064,-0.8916718416641102
2004-06-11 07:00:00,1.7431764459276111,2.394719953788021,1.398738111725848,0.4607434788755518,0.457245383780044
2004-06-11 08:00:00,1.8829427191138337,2.685460296691581,1.824979349347928,0.4656527028480437,0.5225155721079869
2004-06-11 09:00:00,1.323877626368945,1.7141283698029683,1.0556658960788077,0.2938298638108269,0.827109784305054
2004-06-11 10:00:00,0.2321158995089658,0.2967868707856168,0.161598909847127,-0.4475773417929892,0.1311915654443327
2004-06-11 11:00:00,-0.0737851054932787,0.0280275346491354,0.0888260156189668,-0.4523721800079434,0.1416909734600476
2004-06-11 12:00:00,-0.0737851054932787,0.0654947165475907,0.1823911653408869,-0.5800120032927331,0.022110794927091
2004-06-11 13:00:00,-0.0737851054932787,0.1001771303017749,0.2031834208346471,-0.6389226909626359,0.0003540654844433
2004-06-11 14:00:00,-0.1436682420863899,0.0134825877090969,0.1200143988596069,-0.634013466990144,0.0003540654844433
2004-06-11 15:00:00,-0.1436682420863899,0.068762506261013,0.171995037594007,-0.5603751074027654,0.1308944421403292
2004-06-11 16:00:00,-0.1436682420863899,0.02922854145501,0.099222143365847,-0.5456474354852896,0.2179213599109198
2004-06-11 17:00:00,0.3455137140653883,0.4964589222338429,0.4007098480253671,-0.2609124450807589,0.6965694076491681
2004-06-11 18:00:00,0.7648125336240554,1.201148108923592,0.8061588301536876,-0.0399973663186229,0.7835963254197587
2004-06-11 19:00:00,0.9045788068102776,1.25627281959689,0.8685355966349674,0.1318254727185938,0.9358934315182922
2004-06-11 20:00:00,0.9045788068102776,1.172578687953289,0.7541781914192875,0.1121885768286262,1.0446770787315305
2004-06-11 21:00:00,0.5551631238447217,0.5486585824796584,0.4942749977472873,-0.0939988300160339,0.6530559487638729
2004-06-11 22:00:00,0.4153968506584996,0.4507646239517785,0.3799175925316071,-0.2854585649432184,0.3702184660094534
2004-06-11 23:00:00,-0.5629670616450568,-0.4999377493146091,-0.4205842439781533,-0.6389226909626359,-0.282483417269976
2004-06-12 00:00:00,-0.5629670616450568,-0.4068033159282169,-0.2542462000280732,-0.688014930687555,-0.4130237939258619
2004-06-12 01:00:00,-0.8424996080175017,-0.6352820870001028,-0.4933571382063134,-0.8892931135597233,-0.913428571106758
2004-06-12 02:00:00,-1.0521490177968351,-0.779075914127155,-0.7324680763845536,-0.9923868169820534,-1.2615362421891203
2004-06-12 03:00:00,-1.1220321543899463,-0.8281261363899989,-0.8468254816002337,-0.5198507129888464,-0.3229869672885146
2004-06-12 04:00:00,-1.1220321543899463,-0.7880298062822058,-0.7532603318783136,-0.9482038012296262,-1.1309958655332344
2004-06-12 05:00:00,-0.8424996080175017,-0.6474338108631101,-0.5557339046875934,-0.742016394384966,-0.6958612766802814
2004-06-12 06:00:00,-0.982265881203724,-0.6625263348616366,-0.5973184156751135,-0.8647469936972637,-1.0657256772052914
2004-06-12 07:00:00,-1.0521490177968351,-0.7525636156330167,-0.6804874376501535,-0.850019321779788,-1.0004554888773485
2004-06-12 08:00:00,-0.5629670616450568,-0.3748644646868121,-0.2542462000280732,-0.5554658834302735,-0.6305910883523385
2004-06-12 09:00:00,-0.1436682420863899,0.0485030707776521,0.1823911653408869,-0.3983707163105323,-0.3912670644832143
2004-06-12 10:00:00,-0.0039019689001675,0.2254842797803042,0.286352442809687,-0.3296415806956456,-0.1954564994993854
2004-06-12 11:00:00,-0.213551378679501,-0.143102749385922,-0.0151352618498331,-0.5849212272652249,-0.3042401467126237
2004-06-12 12:00:00,-0.213551378679501,-0.175480577954817,-0.1398887948123932,-0.6291042430176521,-0.1954564994993854
2004-06-12 13:00:00,-0.3533176518657233,-0.2165170832211431,-0.1814733057999132,-0.7027426026050307,-0.4130237939258619
2004-06-12 14:00:00,-0.6328501982381681,-0.5188817179046188,-0.4309803717250333,-0.8843838895872314,-0.913428571106758
2004-06-12 15:00:00,-0.6328501982381681,-0.4005732991508997,-0.2854345832687133,-0.8303824258898204,-0.7393747355655766
2004-06-12 16:00:00,-0.4930839250519458,-0.334508493316587,-0.2438500722811932,-0.796017858082377,-0.5653209000243955
2004-06-12 17:00:00,-0.5629670616450568,-0.3993232118595151,-0.3582074774968732,-0.8598377697247719,-0.7393747355655766
2004-06-12 18:00:00,-0.7027333348312792,-0.5504800274937631,-0.5349416491938335,-0.9187484573946748,-1.0657256772052914
2004-06-12 19:00:00,-0.7027333348312792,-0.5504800274937631,-0.5245455214469534,-0.9432945772571344,-1.2615362421891203
2004-06-12 20:00:00,-0.7027333348312792,-0.5504800274937631,-0.5245455214469534,-0.9138392334221828,-1.1092391360905869
2004-06-12 21:00:00,-0.213551378679501,-0.1186355779507807,-0.0151352618498331,-0.7567440663024417,-0.4565372528111572
2004-06-12 22:00:00,0.1358643042860546,0.2469068128885674,0.151202782100247,-0.5309197635678139,0.0656242538123863
2004-06-12 23:00:00,0.3455137140653883,0.3177173170858006,0.1927872930877669,-0.4474629560354514,0.0438675243697386
2004-06-13 00:00:00,-0.0737851054932787,-0.2610288714474692,-0.2230578167874333,-0.5505566594577815,-0.4565372528111572
2004-06-13 01:00:00,-0.7726164714243904,-0.6278055083020952,-0.5765261601813535,-0.9383853532846425,-1.2397795127464726
2004-06-13 02:00:00,-1.0521490177968351,-0.8246293349335534,-0.8260332261064736,-1.0512975046519564,-1.6096439132714826
2004-06-13 03:00:00,-1.0521490177968351,-0.7880617177545942,-0.7532603318783136,-0.7092694074866717,-0.7151030814419479
2004-06-13 04:00:00,-1.1220321543899463,-0.82956435028116,-0.8572216093471137,-1.0463882806794644,-1.5443737249435396
2004-06-13 05:00:00,-1.1919152909830577,-0.9098341565957055,-0.9507867590690338,-1.066025176569432,-1.6749141015994256
2004-06-13 06:00:00,-1.1919152909830577,-0.9245033385146912,-1.0235596532971938,-1.0463882806794644,-1.5878871838288349
2004-06-13 07:00:00,-1.1919152909830577,-0.9258776607850228,-1.0443519087909536,-1.0463882806794644,-1.6096439132714826
2004-06-13 08:00:00,-1.1919152909830577,-0.921376700981145,-1.054748036537834,-1.021842160817005,-1.479103536615597
2004-06-13 09:00:00,-1.1220321543899463,-0.911633560738908,-1.0027673978034335,-0.962931473147102,-1.2615362421891203
2004-06-13 10:00:00,-1.0521490177968351,-0.8898839922687065,-0.9195983758283937,-0.9138392334221828,-1.087482406647939
2004-06-13 11:00:00,-0.982265881203724,-0.8883356219893579,-0.9195983758283937,-0.8647469936972637,-0.782888194450872
2004-06-13 12:00:00,-0.982265881203724,-0.8629594543235123,-0.8988061203346337,-0.8402008738348042,-0.9786987594347007
2004-06-13 13:00:00,-1.0521490177968351,-0.8945892633287302,-0.9819751423096736,-0.9383853532846425,-1.2615362421891203
2004-06-13 14:00:00,-1.1220321543899463,-0.8983245538234421,-0.9923712700565536,-0.9972960409545452,-1.522616995500892
2004-06-13 15:00:00,-1.0521490177968351,-0.8857425515995927,-0.9299945035752736,-0.9482038012296262,-1.3268064305170633
2004-06-13 16:00:00,-0.9123827446106128,-0.8757618151077717,-0.9092022480815136,-0.9089300094496908,-1.1745093244185296
2004-06-13 17:00:00,-0.9123827446106128,-0.8120345131799065,-0.8676177370939936,-0.8892931135597233,-1.1092391360905869
2004-06-13 18:00:00,-0.7726164714243904,-0.825433623076234,-0.8780138648408736,-0.8205639779448366,-0.913428571106758
2004-06-13 19:00:00,-0.7726164714243904,-0.7945701014646546,-0.8156370983595936,-0.8402008738348042,-0.8264016533361672
2004-06-13 20:00:00,-0.7726164714243904,-0.7896757881241545,-0.8052409706127136,-0.800927082054869,-0.6958612766802814
2004-06-13 21:00:00,-0.8424996080175017,-0.7917818079496892,-0.8052409706127136,-0.850019321779788,-0.848158382778815
2004-06-13 22:00:00,-0.982265881203724,-0.8857425515995927,-0.9403906313221536,-0.9482038012296262,-1.2180227833038249
2004-06-13 23:00:00,-0.9123827446106128,-0.8769136956441015,-0.9092022480815136,-0.9432945772571344,-1.152752594975882
2004-06-14 00:00:00,-0.982265881203724,-0.9162652568547016,-0.9715790145627936,-1.0071144888995291,-1.4138333482876535
2004-06-14 01:00:00,-1.1220321543899463,-0.925138111267819,-1.054748036537834,-1.0758436245144158,-1.7401842899273685
2004-06-14 02:00:00,-1.2617984275761684,-0.9270926546135873,-1.1067286752722338,-1.124935864239335,-2.044778502124436
2004-06-14 03:00:00,-1.2617984275761684,-0.9260718995534708,-1.127520930765994,-0.5470541480856838,-0.6110923300294443
2004-06-14 04:00:00,-1.2946683126556786,-0.9270926546135873,-1.127520930765994,-1.1102081923218592,-2.0012650432391403
2004-06-14 05:00:00,-1.2617984275761684,-0.9270926546135873,-1.0963325475253538,-1.066025176569432,-1.7836977488126635
2004-06-14 06:00:00,-0.982265881203724,-0.8210583175563879,-0.8156370983595936,-0.8451100978072961,-1.0439689477626437
2004-06-14 07:00:00,-0.4232007884588346,-0.5073133742154623,-0.4517726272187933,-0.4965551957603705,-0.3912670644832143
2004-06-14 08:00:00,-0.213551378679501,-0.2996271937144034,-0.2750384555218333,-0.4278260601454838,-0.3042401467126237
2004-06-14 09:00:00,-0.4930839250519458,-0.5312417591268336,-0.5245455214469534,-0.6045581231551925,-0.5000507116964525
2004-06-14 10:00:00,-0.4232007884588346,-0.4428582434833507,-0.4517726272187933,-0.5898304512377168,-0.5653209000243955
2004-06-14 11:00:00,-0.6328501982381681,-0.5991797729687536,-0.6077145434219935,-0.7027426026050307,-0.8046449238935196
2004-06-14 12:00:00,-0.6328501982381681,-0.6647047850305265,-0.6285067989157536,-0.746925618357458,-0.8264016533361672
2004-06-14 13:00:00,-0.5629670616450568,-0.5181247246700835,-0.6077145434219935,-0.7518348423299498,-0.913428571106758
2004-06-14 14:00:00,-0.7726164714243904,-0.7779811262824587,-0.7844487151189536,-0.8451100978072961,-1.0439689477626437
2004-06-14 15:00:00,-0.4930839250519458,-0.6148565012537608,-0.6181106711688734,-0.8058363060273609,-0.8699151122214626
2004-06-14 16:00:00,-0.3533176518657233,-0.4512091598975746,-0.4829610104594334,-0.6389226909626359,-0.5870776294670431
2004-06-14 17:00:00,0.4153968506584996,0.3787981644391015,0.0888260156189668,-0.4327352841179757,-0.3912670644832143
2004-06-14 18:00:00,0.1358643042860546,0.1745319597837739,-0.1190965393186332,-0.3983707163105323,-0.1519430406140901
2004-06-14 19:00:00,-0.4232007884588346,-0.4657334124537972,-0.4829610104594334,-0.7125610505500146,-0.6088343589096907
2004-06-14 20:00:00,-0.4930839250519458,-0.5281032635282248,-0.5869222879282334,-0.796017858082377,-0.782888194450872
2004-06-14 21:00:00,-0.7726164714243904,-0.7580027589899054,-0.7532603318783136,-0.8892931135597233,-0.9351853005494056
2004-06-14 22:00:00,-0.7027333348312792,-0.700776103270187,-0.6908835653970335,-0.85492854575228,-0.782888194450872
2004-06-14 23:00:00,-0.6328501982381681,-0.680947678692228,-0.6389029266626335,-0.8794746656147395,-0.8264016533361672
2004-06-15 00:00:00,-0.6328501982381681,-0.716909115247911,-0.6492990544095135,-0.8352916498623123,-0.6741045472376337
2004-06-15 01:00:00,-0.982265881203724,-0.8556398232974528,-0.8884099925877535,-1.016932936844513,-1.457346807172949
2004-06-15 02:00:00,-1.1220321543899463,-0.925042582878811,-1.0339557810440738,-1.066025176569432,-1.6749141015994256
2004-06-15 03:00:00,-1.1919152909830577,-0.9252536701721352,-1.0755402920315935,-0.6023846064899423,-0.5697231386531526
2004-06-15 04:00:00,-1.1919152909830577,-0.9133841133167754,-0.9715790145627936,-1.0512975046519564,-1.5661304543861874
2004-06-15 05:00:00,-1.1220321543899463,-0.8378253010666273,-0.8676177370939936,-0.9825683690370696,-1.2832929716317678
2004-06-15 06:00:00,-0.7726164714243904,-0.596206695088566,-0.3997919884843933,-0.7174702745225064,-0.8916718416641102
2004-06-15 07:00:00,1.6034101727413894,2.10828733916866,1.3883419839789677,0.3576497754532217,0.1308944421403292
2004-06-15 08:00:00,1.323877626368945,1.8345665702963825,1.398738111725848,0.1072793528561343,0.1961646304682722
2004-06-15 09:00:00,0.2057474408791658,0.1819011749197284,-0.046323645090473,-0.2805493409707265,-0.3042401467126237
2004-06-15 10:00:00,-0.0039019689001675,0.1213553597993281,0.0576376323783269,-0.3001862368606942,-0.0214026639582042
2004-06-15 11:00:00,0.4153968506584996,0.4892567272575344,0.4838788700004072,-0.2854585649432184,0.1091377126976816
2004-06-15 12:00:00,0.4852799872516105,0.5598359305099948,0.4526904867597671,-0.3149139087781699,0.1744079010256245
2004-06-15 13:00:00,0.1358643042860546,0.4088511712792416,0.1823911653408869,-0.4818275238428948,0.1744079010256245
2004-06-15 14:00:00,-0.0737851054932787,0.0326651826894779,0.0888260156189668,-0.5701935553477492,0.0438675243697386
2004-06-15 15:00:00,0.3455137140653883,0.5404152585476625,0.4630866145066473,-0.2412755491907912,0.6530559487638729
2004-06-15 16:00:00,0.4153968506584996,0.5724747049372326,0.5462556364816874,-0.3394600286406294,0.5877857604359299
2004-06-15 17:00:00,0.6949293970309441,1.080142003260154,0.7333859359255273,-0.3247323567231537,0.7183261370918157
2004-06-15 18:00:00,0.6949293970309441,1.0445222071735714,0.5566517642285672,-0.4130983882280081,0.827109784305054
2004-06-15 19:00:00,1.0443450799965,1.3521037495080912,0.9828930018506477,-0.2265478772733155,1.0446770787315305
2004-06-15 20:00:00,0.5551631238447217,0.5639835978078674,0.4111059757722472,-0.3836430443930566,0.3702184660094534
2004-06-15 21:00:00,0.0659811676929437,0.1299368446137649,0.0160531213908069,-0.6291042430176521,-0.0214026639582042
2004-06-15 22:00:00,-0.0737851054932787,-0.1017500595739505,-0.1294926670655132,-0.692924154660047,-0.1954564994993854
2004-06-15 23:00:00,-0.0039019689001675,0.0097419404822912,-0.0983042838248731,-0.5603751074027654,0.0873809832550339
2004-06-16 00:00:00,-0.1436682420863899,-0.2283329354034591,-0.2022655612936731,-0.6389226909626359,-0.1301863111714425
2004-06-16 01:00:00,-0.4930839250519458,-0.5432667985650218,-0.4621687549656733,-0.8696562176697556,-0.6305910883523385
2004-06-16 02:00:00,-0.9123827446106128,-0.790984753684537,-0.7636564596251936,-1.0022052649270372,-1.2832929716317678
2004-06-16 03:00:00,-1.0521490177968351,-0.8374966174794295,-0.8676177370939936,-0.6756047501740248,-0.6697227254616097
2004-06-16 04:00:00,-1.0521490177968351,-0.9010053006402144,-0.9092022480815136,-1.0512975046519564,-1.522616995500892
2004-06-16 05:00:00,-1.1220321543899463,-0.9098341565957055,-0.9299945035752736,-1.0365698327344806,-1.6531573721567778
2004-06-16 06:00:00,-0.7726164714243904,-0.6077065916454115,-0.4725648827125534,-0.8254732019173285,-1.0657256772052914
2004-06-16 07:00:00,0.4153968506584996,0.4968312380063869,0.7853665746599272,-0.305095460833186,-0.3259968761552713
2004-06-16 08:00:00,2.022708992300056,2.827780152596145,1.960129010057368,0.3527405514807298,0.6965694076491681
2004-06-16 09:00:00,0.8346956702171663,0.9752634154902412,0.3695214647847272,-0.0841803820710501,0.391975195452101
2004-06-16 10:00:00,0.2057474408791658,0.3132927479443045,0.0888260156189668,-0.3443692526131213,0.1091377126976816
2004-06-16 11:00:00,-0.2834345152726122,-0.325457996847706,-0.3166229665093532,-0.634013466990144,-0.5653209000243955
2004-06-16 12:00:00,-0.2834345152726122,-0.2679984835260253,-0.2438500722811932,-0.6683780347975874,-0.5435641705817479
2004-06-16 13:00:00,0.2057474408791658,0.4266578644400836,0.244767931822167,-0.5358289875403058,0.0003540654844433
2004-06-16 14:00:00,0.0659811676929437,0.274382727967154,0.286352442809687,-0.5947396752102088,-0.0649161228434995
2004-06-16 15:00:00,0.0659811676929437,0.1358242136732121,0.0680337601252069,-0.6192857950726682,-0.0649161228434995
2004-06-16 16:00:00,0.1358643042860546,0.3323672926021075,0.0888260156189668,-0.5701935553477492,0.0656242538123863
2004-06-16 17:00:00,0.3455137140653883,0.3972201950302178,0.1823911653408869,-0.6094673471276845,-0.0649161228434995
2004-06-16 18:00:00,0.1358643042860546,0.3070261955070648,0.1304105266064869,-0.6241950190451602,-0.0866728522861472
2004-06-16 19:00:00,0.8346956702171663,1.0826013384837117,0.7229898081786474,-0.3934614923380404,0.326705007124158
2004-06-16 20:00:00,0.9744619434033888,1.207629113780728,0.6086324029629672,-0.1774556375483964,0.6312992193212251
2004-06-16 21:00:00,0.2756305774722771,0.3437235646411874,0.161598909847127,-0.3541877005581051,0.1526511715829769
2004-06-16 22:00:00,0.2756305774722771,0.3856718131803172,0.244767931822167,-0.4670998519254191,-0.0649161228434995
2004-06-16 23:00:00,0.2057474408791658,0.3694276375656359,0.213579548581527,-0.5701935553477492,-0.2607266878273284
2004-06-17 00:00:00,0.2756305774722771,0.3813444893291413,0.223975676328407,-0.6143765711001764,-0.282483417269976
2004-06-17 01:00:00,-0.0039019689001675,-0.0860085010953965,-0.1502849225592731,-0.634013466990144,-0.3259968761552713
2004-06-17 02:00:00,-0.7726164714243904,-0.7749375409883855,-0.7220719486376735,-0.9089300094496908,-0.913428571106758
2004-06-17 03:00:00,-0.9123827446106128,-0.7823842684955792,-0.7324680763845536,-0.6263160246324576,-0.6729598755591937
2004-06-17 04:00:00,-1.1068213027174223,-0.8271156369537204,-0.8364293538533536,-1.012023712872021,-1.2832929716317678
2004-06-17 05:00:00,-1.1220321543899463,-0.8254870988291031,-0.8260332261064736,-0.9972960409545452,-1.4355900777303017
2004-06-17 06:00:00,-0.5629670616450568,-0.3792738335286912,-0.2126616890405531,-0.5652843313752572,-0.717618006122929
2004-06-17 07:00:00,1.0443450799965,1.4533150360752534,1.2531923232695277,0.0778240090211828,-0.2172132289420331
2004-06-17 08:00:00,1.8829427191138337,2.705978137268429,1.7002258163853678,0.3036483117558107,0.326705007124158
2004-06-17 09:00:00,1.1142282165896111,1.5358195153536571,1.1180426625600877,0.2103730562784644,0.95765016096094
2004-06-17 10:00:00,-0.1436682420863899,-0.0957092224292146,-0.1398887948123932,-0.3394600286406294,0.326705007124158
2004-06-17 11:00:00,-0.2834345152726122,-0.2651285570766716,-0.2542462000280732,-0.4229168361729919,0.1526511715829769
2004-06-17 12:00:00,-0.1436682420863899,-0.1205336009053529,-0.1606810503061531,-0.5456474354852896,-0.1084295817287948
2004-06-17 13:00:00,-0.213551378679501,-0.2367918105721909,-0.2022655612936731,-0.5898304512377168,-0.1519430406140901
2004-06-17 14:00:00,-0.2834345152726122,-0.2036948979497327,-0.1606810503061531,-0.5800120032927331,-0.0866728522861472
2004-06-17 15:00:00,-0.213551378679501,-0.2400127174337828,-0.1918694335467932,-0.5554658834302735,-0.0649161228434995
2004-06-17 16:00:00,-0.2834345152726122,-0.2591369835535857,-0.1918694335467932,-0.5947396752102088,-0.1736997700567378
2004-06-17 17:00:00,0.4852799872516105,0.4851260916206783,0.4215021035191272,-0.3541877005581051,0.3049482776815104
2004-06-17 18:00:00,1.0443450799965,1.365922836357388,0.8373472133943273,-0.2854585649432184,0.5007588426653393
2004-06-17 19:00:00,0.8346956702171663,1.0322791899447927,0.5358595087348073,-0.3247323567231537,0.326705007124158
2004-06-17 20:00:00,0.5551631238447217,0.5481846261494352,0.3071446983034471,-0.3836430443930566,0.3049482776815104
2004-06-17 21:00:00,-0.2834345152726122,-0.3292855421729241,-0.3270190942562334,-0.6634688108250955,-0.282483417269976
2004-06-17 22:00:00,-0.2834345152726122,-0.2748134371343829,-0.2750384555218333,-0.742016394384966,-0.347753605597919
2004-06-17 23:00:00,0.4852799872516105,0.4123628067630241,0.4007098480253671,-0.4474629560354514,0.2179213599109198
2004-06-18 00:00:00,-0.213551378679501,-0.2243505484719027,-0.0775120283311131,-0.5800120032927331,-0.1084295817287948
2004-06-18 01:00:00,-0.7726164714243904,-0.641159429355887,-0.5557339046875934,-0.8598377697247719,-0.6305910883523385
2004-06-18 02:00:00,-1.1220321543899463,-0.8304221141767099,-0.8572216093471137,-1.021842160817005,-1.457346807172949
2004-06-18 03:00:00,-1.1919152909830577,-0.9089729588975316,-0.9195983758283937,-0.603848212333853,-0.4689261326533924
2004-06-18 04:00:00,-1.2617984275761684,-0.9211846140623418,-0.9923712700565536,-1.0758436245144158,-1.6966708310420733
2004-06-18 05:00:00,-1.1919152909830577,-0.9010053006402144,-0.9092022480815136,-1.0365698327344806,-1.6096439132714826
2004-06-18 06:00:00,-0.9123827446106128,-0.6201188724515506,-0.5037532659531934,-0.850019321779788,-1.1092391360905869
2004-06-18 07:00:00,0.0659811676929437,0.1379235032456032,0.3279369537972071,-0.3394600286406294,-0.3912670644832143
2004-06-18 08:00:00,1.6034101727413894,2.288472057099608,1.814583221601048,0.0287317692962637,0.2396780893535675
2004-06-18 09:00:00,1.1142282165896111,1.4852915217934204,1.0348736405850476,0.176008488471021,0.892379972632997
2004-06-18 10:00:00,0.2756305774722771,0.4036709824242599,0.3695214647847272,-0.1774556375483964,0.6965694076491681
2004-06-18 11:00:00,0.2756305774722771,0.3952868268006328,0.4422943590128871,-0.256003221108267,0.6748126782065205
2004-06-18 12:00:00,0.1358643042860546,0.4361109857126723,0.3071446983034471,-0.4180076122005,0.4137319248947487
2004-06-18 13:00:00,-0.0737851054932787,0.03397652901968,0.1304105266064869,-0.6192857950726682,-0.0866728522861472
2004-06-18 14:00:00,-0.0737851054932787,0.1248419972000058,0.213579548581527,-0.5947396752102088,0.326705007124158
2004-06-18 15:00:00,-0.0039019689001675,0.1414702093001886,0.1304105266064869,-0.634013466990144,0.3484617365668057
2004-06-18 16:00:00,0.2057474408791658,0.5022958372867304,0.3591253370378472,-0.5161920916503382,0.8053530548624064
2004-06-18 17:00:00,0.6949293970309441,0.9903104301579873,0.7541781914192875,-0.2609124450807589,1.5233251264697787
2004-06-18 18:00:00,0.5551631238447217,0.6087536079915408,0.5566517642285672,-0.3492784765856133,1.1752174553874164
2004-06-18 19:00:00,0.9744619434033888,1.282234198797986,0.9828930018506477,-0.0989080539885258,1.5233251264697787
2004-06-18 20:00:00,0.5551631238447217,0.5347669737189364,0.4838788700004072,-0.3296415806956456,0.9358934315182922
2004-06-18 21:00:00,-0.4232007884588346,-0.4077120374547112,-0.3893958607375133,-0.7861994101373933,-0.1084295817287948
2004-06-18 22:00:00,-0.2834345152726122,-0.1692265703431647,-0.1190965393186332,-0.7567440663024417,-0.2607266878273284
2004-06-18 23:00:00,0.0659811676929437,0.1209718727222465,0.2551640595690471,-0.6291042430176521,-0.0649161228434995
2004-06-19 00:00:00,-0.3533176518657233,-0.2474944697277443,-0.0983042838248731,-0.742016394384966,-0.5000507116964525
2004-06-19 01:00:00,-0.7726164714243904,-0.6299316731030259,-0.5037532659531934,-0.8843838895872314,-0.6523478177949861
2004-06-19 02:00:00,-1.0521490177968351,-0.7784403401534149,-0.7324680763845536,-0.9776591450645776,-1.0439689477626437
2004-06-19 03:00:00,-1.0521490177968351,-0.8251584152419053,-0.8260332261064736,-0.6628237335814566,-0.5782100757539304
2004-06-19 04:00:00,-1.0521490177968351,-0.7932866376117618,-0.7740525873720735,-0.9825683690370696,-1.2180227833038249
2004-06-19 05:00:00,-1.1220321543899463,-0.8378253010666273,-0.8676177370939936,-0.967840697119594,-1.1745093244185296
2004-06-19 06:00:00,-1.1220321543899463,-0.8260948818936039,-0.8468254816002337,-0.9383853532846425,-1.0439689477626437
2004-06-19 07:00:00,-0.8424996080175017,-0.6537136864545321,-0.5973184156751135,-0.8156547539723447,-0.8264016533361672
2004-06-19 08:00:00,-0.4930839250519458,-0.359040403377205,-0.2334539445343132,-0.6781964827425712,-0.5218074411391002
2004-06-19 09:00:00,-0.3533176518657233,-0.2094843807423699,-0.1710771780530332,-0.6585595868526035,-0.2389699583846807
2004-06-19 10:00:00,-0.3533176518657233,-0.3086640465408571,-0.2854345832687133,-0.634013466990144,-0.2607266878273284
2004-06-19 11:00:00,-0.2834345152726122,-0.2023631319399248,-0.1814733057999132,-0.6634688108250955,-0.1736997700567378
2004-06-19 12:00:00,-0.2834345152726122,-0.195117991538795,-0.1606810503061531,-0.800927082054869,-0.5653209000243955
2004-06-19 13:00:00,-0.4232007884588346,-0.2148905595940654,-0.108700411571753,-0.8156547539723447,-0.5870776294670431
2004-06-19 14:00:00,-0.6328501982381681,-0.2498998713580829,3.2719767377372384,-0.8942023375322152,-0.913428571106758
2004-06-19 15:00:00,-0.6328501982381681,-0.2498998713580829,3.2719767377372384,-0.9187484573946748,-1.022212218319996
2004-06-19 16:00:00,-0.7027333348312792,-0.2520497980731737,3.2719767377372384,-0.9138392334221828,-0.9786987594347007
2004-06-19 17:00:00,-0.7726164714243904,-0.2656188125233514,3.270423727320949,-0.9432945772571344,-1.022212218319996
2004-06-19 18:00:00,-0.7027333348312792,-0.2554380913666914,3.230043077012614,-0.9531130252021182,-1.1745093244185296
2004-06-19 19:00:00,-0.3533176518657233,-0.162617644892265,3.2524804289846303,-0.8156547539723447,-0.717618006122929
2004-06-19 20:00:00,-0.2834345152726122,-0.162617644892265,3.2297662636135915,-0.7371071704124741,-0.4130237939258619
2004-06-19 21:00:00,-0.4930839250519458,-0.2363906508576028,3.2551307784769854,-0.8942023375322152,-0.8699151122214626
2004-06-19 22:00:00,-0.2834345152726122,-0.1785714581570356,3.2297662636135915,-0.7665625142474256,-0.3259968761552713
2004-06-19 23:00:00,0.2057474408791658,0.0450998518887274,3.2349654379132744,-0.5554658834302735,0.0656242538123863
2004-06-20 00:00:00,0.1358643042860546,0.0007978461107285,3.252637871562584,-0.4621906279529272,-0.0214026639582042
2004-06-20 01:00:00,-0.6328501982381681,-0.4761410392878709,3.119076596276873,-0.904020785477199,-0.9786987594347007
2004-06-20 02:00:00,-0.7726164714243904,-0.4401915981493555,3.116121672729433,-0.9334761293121504,-1.087482406647939
2004-06-20 03:00:00,-0.4930839250519458,-0.2738555435543086,3.329562252930633,0.5417100178266533,0.4824304845751425
2004-06-20 04:00:00,0.8236272769303559,0.7541917229512471,3.219224749345105,-0.967840697119594,-1.0439689477626437
2004-06-20 05:00:00,-0.7726164714243904,-0.4366332629498825,3.117080605105988,-0.9727499210920858,-1.087482406647939
2004-06-20 06:00:00,-0.8424996080175017,-0.3440664600293043,3.104644624351645,-0.9334761293121504,-0.9786987594347007
2004-06-20 07:00:00,-0.9123827446106128,-0.2951795494192721,3.104644624351645,-0.9531130252021182,-1.1962660538611771
2004-06-20 08:00:00,-0.7726164714243904,-0.299452848109159,3.1133337096991687,-0.8794746656147395,-0.9569420299920532
2004-06-20 09:00:00,-0.6328501982381681,-0.361257632623732,3.2674533371222743,-0.8794746656147395,-0.9351853005494056
2004-06-20 10:00:00,-0.6328501982381681,-0.3626891162617496,3.2941202233357947,-0.9089300094496908,-1.0004554888773485
2004-06-20 11:00:00,-0.7726164714243904,-0.3709187965513182,3.270183795936409,-0.962931473147102,-1.1092391360905869
2004-06-20 12:00:00,-0.7726164714243904,-0.2960374506669268,3.2644762050499847,-0.95802224917461,-1.1092391360905869
2004-06-20 13:00:00,-1.0521490177968351,-0.2720775663394819,3.2636513169841312,-1.0562067286244483,-1.6096439132714826
2004-06-20 14:00:00,-0.982265881203724,-0.2720775663394819,3.2636180041968563,-1.06111595259694,-1.6314006427141303
2004-06-20 15:00:00,-0.9123827446106128,-0.2640920980925533,3.2617925427703547,-0.9874775930095616,-1.2180227833038249
2004-06-20 16:00:00,-0.7027333348312792,-0.2600350831839622,3.271716580731854,-0.9089300094496908,-0.848158382778815
2004-06-20 17:00:00,-0.4930839250519458,-0.212900419161092,3.2704867836682903,-0.8352916498623123,-0.5218074411391002
2004-06-20 18:00:00,0.4852799872516105,0.24816697266765,3.2034638351560902,-0.5554658834302735,0.0873809832550339
2004-06-20 19:00:00,0.2756305774722771,0.1356447402560487,3.2292237410779725,-0.6978333786325388,-0.1084295817287948
2004-06-20 20:00:00,-0.3533176518657233,-0.2731411294723146,3.260020619751973,-0.800927082054869,-0.5000507116964525
2004-06-20 21:00:00,-0.4930839250519458,-0.3280056952587956,3.260020619751973,-0.8058363060273609,-0.5435641705817479
2004-06-20 22:00:00,0.1358643042860546,0.0054192866026843,3.23470528090789,-0.7174702745225064,-0.4130237939258619
2004-06-20 23:00:00,1.463643899555167,1.1921506303672302,3.161074899672043,-0.5014644197328625,-0.0431593934008519
2004-06-21 00:00:00,0.625046260437833,0.7434542679291009,3.3941010193060506,-0.5849212272652249,-0.2389699583846807
2004-06-21 01:00:00,0.0659811676929437,-0.1438568124422179,3.2210795577508726,-0.796017858082377,-0.5870776294670431
2004-06-21 02:00:00,-1.0521490177968351,-0.4632078735156432,3.2445071719827143,-1.066025176569432,-1.6096439132714826
2004-06-21 03:00:00,-1.2617984275761684,-0.287025412787438,3.433244337515605,0.7006287650914497,0.2459595083871419
2004-06-21 04:00:00,-1.2617984275761684,-0.9233514579783616,-1.0235596532971938,-1.0954805204043836,-1.8707246665832544
2004-06-21 05:00:00,-1.1220321543899463,-0.8244663437689866,-0.8156370983595936,-0.9138392334221828,-1.457346807172949
2004-06-21 06:00:00,-0.5629670616450568,-0.4528789952217534,-0.3166229665093532,-0.7518348423299498,-1.0004554888773485
2004-06-21 07:00:00,0.2756305774722771,0.4447207650607332,0.6190285307098473,-0.3001862368606942,-0.4130237939258619
2004-06-21 08:00:00,1.1142282165896111,1.507471872248849,1.242796195522648,-0.0301789183736391,-0.0214026639582042
2004-06-21 09:00:00,0.2756305774722771,0.4126909867258371,0.2551640595690471,-0.1823648615208883,0.0003540654844433
2004-06-21 10:00:00,-0.213551378679501,-0.1661549194356423,-0.1190965393186332,-0.5112828676778463,0.022110794927091
2004-06-21 11:00:00,-0.4232007884588346,-0.4023339700005,-0.3582074774968732,-0.6585595868526035,-0.0866728522861472
2004-06-21 12:00:00,-0.4232007884588346,-0.3286698384703699,-0.2646423277749531,-0.7321979464399822,-0.1301863111714425
2004-06-21 13:00:00,-0.6328501982381681,-0.5397617559822779,-0.4309803717250333,-0.8451100978072961,-0.7393747355655766
2004-06-21 14:00:00,-0.4930839250519458,-0.3963288444030569,-0.3166229665093532,-0.7518348423299498,-0.5653209000243955
2004-06-21 15:00:00,-0.3533176518657233,-0.2190444535206968,-0.1814733057999132,-0.6536503628801117,-0.1736997700567378
2004-06-21 16:00:00,-0.3533176518657233,-0.2872029632751317,-0.2438500722811932,-0.6831057067150631,-0.1736997700567378
2004-06-21 17:00:00,0.0659811676929437,0.1524558137919842,0.109618271112727,-0.5211013156228301,0.3049482776815104
2004-06-21 18:00:00,0.625046260437833,0.9885596486599448,0.4111059757722472,-0.256003221108267,0.8053530548624064
2004-06-21 19:00:00,0.625046260437833,1.049218184074492,0.4942749977472873,-0.3149139087781699,0.6095424898785775
2004-06-21 20:00:00,0.4153968506584996,0.5659698923819017,0.286352442809687,-0.4376445080904676,0.3484617365668057
2004-06-21 21:00:00,-0.0039019689001675,0.1171640145320744,0.0056569936439269,-0.6094673471276845,0.0438675243697386
2004-06-21 22:00:00,-0.3533176518657233,-0.2536522392978462,-0.1918694335467932,-0.7174702745225064,-0.3259968761552713
2004-06-21 23:00:00,-0.5629670616450568,-0.436875185790773,-0.4101881162312733,-0.800927082054869,-0.6523478177949861
2004-06-22 00:00:00,-0.7027333348312792,-0.6127174711389978,-0.5141493937000734,-0.8058363060273609,-0.6741045472376337
2004-06-22 01:00:00,-0.982265881203724,-0.7860752858284551,-0.7532603318783136,-0.9972960409545452,-1.3268064305170633
2004-06-22 02:00:00,-1.1919152909830577,-0.9196161674836496,-0.9819751423096736,-1.06111595259694,-1.6096439132714826
2004-06-22 03:00:00,-1.33168156416928,-0.9234825834545748,-1.0339557810440738,-0.5810400518431248,-0.5085303452076346
2004-06-22 04:00:00,-1.33168156416928,-0.925735180868132,-1.054748036537834,-1.0512975046519564,-1.522616995500892
2004-06-22 05:00:00,-1.2617984275761684,-0.9098341565957055,-0.9507867590690338,-1.021842160817005,-1.5878871838288349
2004-06-22 06:00:00,-0.8424996080175017,-0.6379422310011292,-0.5141493937000734,-0.7125610505500146,-0.9351853005494056
2004-06-22 07:00:00,0.6949293970309441,1.0751381745079565,0.7437820636724074,0.4607434788755518,-0.0866728522861472
2004-06-22 08:00:00,2.022708992300056,2.7669518499798524,1.960129010057368,0.7307507973626068,0.5225155721079869
2004-06-22 09:00:00,0.4852799872516105,0.6459207213246674,0.296748570556567,0.1416439206635776,0.2831915482388628
2004-06-22 10:00:00,0.4852799872516105,0.6384769697797481,0.3071446983034471,0.1514623686085615,0.5660290309932822
2004-06-22 11:00:00,-0.0039019689001675,0.1259587613814976,0.1304105266064869,-0.2216386533008236,-0.0214026639582042
2004-06-22 12:00:00,0.6949293970309441,1.106558842041337,0.6918014249380073,0.0041856494338042,0.7400828665344634
2004-06-22 13:00:00,0.625046260437833,1.0421996746465658,0.5982362752160875,-0.0301789183736391,0.95765016096094
2004-06-22 14:00:00,-0.0039019689001675,0.2184165067307281,0.171995037594007,-0.4229168361729919,0.3484617365668057
2004-06-22 15:00:00,-0.2834345152726122,-0.131291658743245,-0.0151352618498331,-0.6045581231551925,-0.2607266878273284
2004-06-22 16:00:00,0.0659811676929437,0.2471681481602941,0.234371804075287,-0.3394600286406294,0.2179213599109198
2004-06-22 17:00:00,0.9744619434033888,1.3877834311124415,0.9517046186100075,-0.0596342622085906,0.761839595977111
2004-06-22 18:00:00,1.0443450799965,1.4013126134521776,0.9205162353693674,-0.0989080539885258,0.6312992193212251
2004-06-22 19:00:00,1.3937607629620554,1.8529006955403169,1.2220039400288878,0.0336409932687556,0.827109784305054
2004-06-22 20:00:00,1.323877626368945,1.6794546550154323,0.9309123631162476,-0.0105420224836715,0.6312992193212251
2004-06-22 21:00:00,-0.213551378679501,-0.2347783202813723,-0.2126616890405531,-0.6585595868526035,-0.3695103350405666
2004-06-22 22:00:00,-0.2834345152726122,-0.1779850562368753,-0.0879081560779931,-0.6585595868526035,-0.3042401467126237
2004-06-22 23:00:00,0.2057474408791658,0.3751649265583838,0.234371804075287,-0.4621906279529272,-0.1301863111714425
2004-06-23 00:00:00,-0.6328501982381681,-0.5426848834802908,-0.3478113497499933,-0.7812901861649013,-0.5870776294670431
2004-06-23 01:00:00,-0.9123827446106128,-0.773902867581632,-0.7012796931439136,-0.9187484573946748,-0.9569420299920532
2004-06-23 02:00:00,-1.1220321543899463,-0.8271156369537204,-0.8468254816002337,-0.9825683690370696,-1.1962660538611771
2004-06-23 03:00:00,-1.2617984275761684,-0.9095170105853254,-0.9299945035752736,-0.5949464984430586,-0.474971678941163
2004-06-23 04:00:00,-1.193957229367682,-0.9133841133167754,-0.9611828868159136,-1.0512975046519564,-1.5878871838288349
2004-06-23 05:00:00,-1.1919152909830577,-0.9098341565957055,-0.9507867590690338,-1.021842160817005,-1.522616995500892
2004-06-23 06:00:00,-0.7726164714243904,-0.624782113767453,-0.4829610104594334,-0.8107455299998527,-1.2832929716317678
2004-06-23 07:00:00,1.184111353182722,1.662080163144902,1.2220039400288878,0.3281944316182702,0.1526511715829769
2004-06-23 08:00:00,0.7648125336240554,1.094385416545744,0.7957627024068074,0.2791021918933511,0.0003540654844433
2004-06-23 09:00:00,0.9744619434033888,1.4224716136550348,0.9101201076224876,0.4558342549030599,0.5660290309932822
2004-06-23 10:00:00,0.7648125336240554,1.0309536505637436,0.5254633809879271,0.3232852076457783,0.9141367020756446
2004-06-23 11:00:00,0.1358643042860546,0.376979988841553,0.171995037594007,-0.1381818457684611,0.1961646304682722
2004-06-23 12:00:00,0.0659811676929437,0.1759221462222299,0.1823911653408869,-0.3689153724755809,-0.0866728522861472
2004-06-23 13:00:00,-0.0039019689001675,0.1084493897438848,0.047241504631447,-0.5211013156228301,-0.1954564994993854
2004-06-23 14:00:00,-0.1436682420863899,0.033545609682348,0.1408066543533669,-0.5505566594577815,0.0003540654844433
2004-06-23 15:00:00,0.2057474408791658,0.5143676222246442,0.286352442809687,-0.4327352841179757,0.3049482776815104
2004-06-23 16:00:00,0.2756305774722771,0.5162414712087413,0.3175408260503271,-0.3296415806956456,0.5877857604359299
2004-06-23 17:00:00,1.0443450799965,1.44760540063964,0.9724968741037674,-0.0203604704286553,1.0664338081741782
2004-06-23 18:00:00,1.2539944897758333,1.6943529631375285,1.0660620238256877,0.0630963371037071,0.9141367020756446
2004-06-23 19:00:00,1.6034101727413894,2.1795287627032254,1.3363613452445675,0.2741929679208592,1.2187309142727116
2004-06-23 20:00:00,1.8829427191138337,2.4738098597368223,1.0868542793194476,0.3036483117558107,1.153460725944769
2004-06-23 21:00:00,0.2756305774722771,0.3911479500374784,0.171995037594007,-0.3885522683655485,0.2396780893535675
2004-06-23 22:00:00,0.4852799872516105,0.4629653367322258,0.3903137202784871,-0.305095460833186,0.326705007124158
2004-06-23 23:00:00,0.7648125336240554,0.7671692992374157,0.5462556364816874,-0.2265478772733155,0.2179213599109198
2004-06-24 00:00:00,0.3455137140653883,0.2081765410327902,0.1408066543533669,-0.4229168361729919,-0.1519430406140901
2004-06-24 01:00:00,-0.4232007884588346,-0.3880348833283613,-0.2854345832687133,-0.8598377697247719,-1.0004554888773485
2004-06-24 02:00:00,-0.7726164714243904,-0.726996940597575,-0.6285067989157536,-0.9972960409545452,-1.4355900777303017
2004-06-24 03:00:00,-0.9123827446106128,-0.8173250415592156,-0.8052409706127136,-0.6882876362214884,-0.8149368435684501
2004-06-24 04:00:00,-1.0521490177968351,-0.8554221202110722,-0.8884099925877535,-1.066025176569432,-1.6314006427141303
2004-06-24 05:00:00,-1.0521490177968351,-0.82956435028116,-0.8572216093471137,-0.967840697119594,-1.392076618845006
2004-06-24 06:00:00,-0.982265881203724,-0.8048472895830399,-0.7948448428658336,-0.9334761293121504,-1.2180227833038249
2004-06-24 07:00:00,-0.6328501982381681,-0.597944382352601,-0.4621687549656733,-0.6683780347975874,-0.913428571106758
2004-06-24 08:00:00,-0.4232007884588346,-0.3558891798168688,-0.2854345832687133,-0.6241950190451602,-0.717618006122929
2004-06-24 09:00:00,-0.5629670616450568,-0.4964852668040345,-0.4413764994719134,-0.7125610505500146,-0.782888194450872
2004-06-24 10:00:00,-0.3533176518657233,-0.4620456000033707,-0.4933571382063134,-0.5898304512377168,-0.3912670644832143
2004-06-24 11:00:00,-0.4232007884588346,-0.4392044027868872,-0.4309803717250333,-0.7125610505500146,-0.5870776294670431
2004-06-24 12:00:00,-0.6328501982381681,-0.6794153786091611,-0.6596951821563936,-0.8942023375322152,-1.1309958655332344
2004-06-24 13:00:00,-0.7027333348312792,-0.5489357319935286,-0.5869222879282334,-0.9187484573946748,-1.1962660538611771
2004-06-24 14:00:00,-0.6328501982381681,-0.5502759222657748,-0.5557339046875934,-0.9138392334221828,-1.0657256772052914
2004-06-24 15:00:00,-0.5629670616450568,-0.5105609273854188,-0.5453377769407135,-0.8794746656147395,-0.9786987594347007
2004-06-24 16:00:00,-0.4930839250519458,-0.3959527743396437,-0.3478113497499933,-0.8647469936972637,-0.782888194450872
2004-06-24 17:00:00,-0.3533176518657233,-0.3482644897656666,-0.3686036052437533,-0.7518348423299498,-0.4565372528111572
2004-06-24 18:00:00,-0.0039019689001675,0.00480385760434,-0.0255313895967131,-0.634013466990144,-0.1519430406140901
2004-06-24 19:00:00,0.625046260437833,0.9673579777364764,0.4734827422535272,-0.3443692526131213,0.391975195452101
2004-06-24 20:00:00,0.4852799872516105,0.4552851564306149,0.244767931822167,-0.3541877005581051,0.2614348187962151
2004-06-24 21:00:00,1.184111353182722,1.4127476340314415,1.0660620238256877,-0.4376445080904676,0.326705007124158
2004-06-24 22:00:00,0.7648125336240554,0.822693246695832,0.5670478919754474,-0.5898304512377168,0.1961646304682722
2004-06-24 23:00:00,1.3937607629620554,1.4827213892051856,0.9517046186100075,-0.3836430443930566,0.3484617365668057
2004-06-25 00:00:00,0.3455137140653883,0.4291820298571879,0.286352442809687,-0.5603751074027654,-0.2172132289420331
2004-06-25 01:00:00,-0.0737851054932787,-0.1446202154416519,-0.046323645090473,-0.7027426026050307,-0.347753605597919
2004-06-25 02:00:00,-0.8424996080175017,-0.8149814941601494,-0.8052409706127136,-1.0022052649270372,-1.2615362421891203
2004-06-25 03:00:00,-0.982265881203724,-0.8274905624162587,-0.8364293538533536,-0.6393206065775937,-0.4863443638855719
2004-06-25 04:00:00,-1.0521490177968351,-0.9092901049079118,-0.9299945035752736,-0.9482038012296262,-1.0004554888773485
2004-06-25 05:00:00,-1.0521490177968351,-0.8378253010666273,-0.8676177370939936,-0.9972960409545452,-1.392076618845006
2004-06-25 06:00:00,-0.3533176518657233,-0.3295215130892658,-0.2542462000280732,-0.4769182998704029,-0.4782939822538049
2004-06-25 07:00:00,0.3455137140653883,0.3374253296517341,0.3591253370378472,-0.1921833094658721,-0.1301863111714425
2004-06-25 08:00:00,0.5551631238447217,0.5289395817453271,0.5046711254941671,-0.0694527101535744,0.326705007124158
2004-06-25 09:00:00,0.4852799872516105,0.5266423220056364,0.3383330815440871,0.0336409932687556,0.892379972632997
2004-06-25 10:00:00,-0.1436682420863899,-0.2821048194108533,-0.3478113497499933,-0.4180076122005,0.0656242538123863
2004-06-25 11:00:00,-0.1436682420863899,-0.1956750001084912,-0.2334539445343132,-0.4572814039804352,-0.1736997700567378
2004-06-25 12:00:00,-0.0039019689001675,-0.0590481142508046,-0.1398887948123932,-0.5309197635678139,-0.0431593934008519
2004-06-25 13:00:00,-0.1436682420863899,-0.1198001406648028,-0.1606810503061531,-0.7027426026050307,-0.3695103350405666
2004-06-25 14:00:00,-0.3533176518657233,-0.3261596829679727,-0.3166229665093532,-0.7371071704124741,-0.4565372528111572
2004-06-25 15:00:00,-0.3533176518657233,-0.4231702843247431,-0.3997919884843933,-0.7321979464399822,-0.5653209000243955
2004-06-25 16:00:00,-0.0039019689001675,0.0765621828939495,0.0368453768845668,-0.5456474354852896,0.022110794927091
2004-06-25 17:00:00,0.2057474408791658,0.3899035399664327,0.2031834208346471,-0.4376445080904676,0.1091377126976816
2004-06-25 18:00:00,0.4852799872516105,0.5223540061522725,0.3175408260503271,-0.3345508046681375,0.3702184660094534
2004-06-25 19:00:00,0.9045788068102776,1.080637203382613,0.6814052971911272,-0.1381818457684611,0.4137319248947487
2004-06-25 20:00:00,0.9045788068102776,1.067837269152208,0.4734827422535272,-0.0399973663186229,0.6530559487638729
2004-06-25 21:00:00,0.4153968506584996,0.4682109051891742,0.296748570556567,-0.1725464135759045,0.5877857604359299
2004-06-25 22:00:00,0.3455137140653883,0.380087992272858,0.2551640595690471,-0.3149139087781699,0.4354886543373963
2004-06-25 23:00:00,0.1358643042860546,0.2323194699321277,0.0368453768845668,-0.364006148503089,0.2396780893535675
2004-06-26 00:00:00,-0.6328501982381681,-0.63191851708548,-0.5349416491938335,-0.796017858082377,-0.6741045472376337
2004-06-26 01:00:00,-0.7726164714243904,-0.7312541690911802,-0.6492990544095135,-0.9138392334221828,-0.8916718416641102
2004-06-26 02:00:00,-0.8424996080175017,-0.7685810687064242,-0.7116758208907935,-0.9383853532846425,-1.0657256772052914
2004-06-26 03:00:00,-0.7027333348312792,-0.7351066667154682,-0.6700913099032735,-0.4851006644294127,-0.2590966594221252
2004-06-26 04:00:00,-1.1690446721938117,-0.9103453811304112,-0.9195983758283937,-0.9874775930095616,-1.1309958655332344
2004-06-26 05:00:00,-1.1919152909830577,-0.9136921025201574,-0.9403906313221536,-0.967840697119594,-1.1309958655332344
2004-06-26 06:00:00,-0.8424996080175017,-0.6595226274620403,-0.6077145434219935,-0.8058363060273609,-0.8699151122214626
2004-06-26 07:00:00,-0.213551378679501,-0.2320588401709979,-0.0983042838248731,-0.3443692526131213,-0.1301863111714425
2004-06-26 08:00:00,0.0659811676929437,0.0889713046016743,0.109618271112727,-0.305095460833186,-0.0214026639582042
2004-06-26 09:00:00,0.2057474408791658,0.4649118907638881,0.2759563150628071,-0.2658216690532508,0.4137319248947487
2004-06-26 10:00:00,0.1358643042860546,0.2697812493144541,0.1408066543533669,-0.251093997135775,0.7400828665344634
2004-06-26 11:00:00,-0.3533176518657233,-0.308380551796195,-0.2438500722811932,-0.5898304512377168,-0.1954564994993854
2004-06-26 12:00:00,-0.4930839250519458,-0.3709890292609939,-0.2958307110155933,-0.7321979464399822,-0.4347805233685096
2004-06-26 13:00:00,-0.4930839250519458,-0.3966140789410486,-0.3270190942562334,-0.8254732019173285,-0.5218074411391002
2004-06-26 14:00:00,-0.7726164714243904,-0.5856015559275427,-0.5661300324344735,-0.9187484573946748,-0.8916718416641102
2004-06-26 15:00:00,-0.7726164714243904,-0.6006929353251944,-0.5973184156751135,-0.9138392334221828,-0.9786987594347007
2004-06-26 16:00:00,-0.6328501982381681,-0.5450218837623533,-0.4829610104594334,-0.8254732019173285,-0.8046449238935196
2004-06-26 17:00:00,-0.5629670616450568,-0.5138889688888889,-0.5453377769407135,-0.7763809621924094,-0.8046449238935196
2004-06-26 18:00:00,-0.4232007884588346,-0.471142704619872,-0.4829610104594334,-0.7272887224674903,-0.6958612766802814
2004-06-26 19:00:00,-0.1436682420863899,-0.1878374142945825,-0.2230578167874333,-0.6241950190451602,-0.2607266878273284
2004-06-26 20:00:00,-0.213551378679501,-0.3150942311191534,-0.3270190942562334,-0.6438319149351278,-0.2389699583846807
2004-06-26 21:00:00,-0.4930839250519458,-0.4709722048735669,-0.4517726272187933,-0.8107455299998527,-0.5870776294670431
2004-06-26 22:00:00,-0.2834345152726122,-0.2446550354456944,-0.1918694335467932,-0.800927082054869,-0.4782939822538049
2004-06-26 23:00:00,0.4153968506584996,0.3661297219571897,0.3903137202784871,-0.4621906279529272,0.1526511715829769
2004-06-27 00:00:00,-0.0039019689001675,0.0501265726584204,0.0368453768845668,-0.5800120032927331,-0.282483417269976
2004-06-27 01:00:00,-0.4930839250519458,-0.3707990255157827,-0.2126616890405531,-0.8205639779448366,-0.7611314650082243
2004-06-27 02:00:00,-0.7726164714243904,-0.6434427249649055,-0.5141493937000734,-0.9727499210920858,-1.2397795127464726
2004-06-27 03:00:00,-0.7726164714243904,-0.6359596449339293,-0.4829610104594334,-0.6895165902084986,-0.8451444901359152
2004-06-27 04:00:00,-0.9123827446106128,-0.7896562383412135,-0.7428642041314335,-1.0022052649270372,-1.4138333482876535
2004-06-27 05:00:00,-1.1220321543899463,-0.9010053006402144,-0.9092022480815136,-1.0365698327344806,-1.479103536615597
2004-06-27 06:00:00,-1.0521490177968351,-0.856279884106622,-0.8884099925877535,-1.021842160817005,-1.4355900777303017
2004-06-27 07:00:00,-1.0521490177968351,-0.8267188725064915,-0.8572216093471137,-0.9727499210920858,-1.3050497010744155
2004-06-27 08:00:00,-0.7726164714243904,-0.622118856452047,-0.5349416491938335,-0.8942023375322152,-1.087482406647939
2004-06-27 09:00:00,-0.3533176518657233,-0.3851154185531478,-0.3582074774968732,-0.6585595868526035,-0.2172132289420331
2004-06-27 10:00:00,-0.1436682420863899,-0.1048382843021395,-0.0879081560779931,-0.5751027793202411,0.022110794927091
2004-06-27 11:00:00,-0.2834345152726122,-0.2796028134666845,-0.2438500722811932,-0.6781964827425712,0.0003540654844433
2004-06-27 12:00:00,-0.7027333348312792,-0.5761646879873756,-0.5245455214469534,-0.8794746656147395,-0.782888194450872
2004-06-27 13:00:00,-0.9123827446106128,-0.8009687408428423,-0.8156370983595936,-0.962931473147102,-1.1745093244185296
2004-06-27 14:00:00,-0.982265881203724,-0.7696971003433563,-0.7636564596251936,-0.9825683690370696,-1.3050497010744155
2004-06-27 15:00:00,-0.982265881203724,-0.7654606120176017,-0.7428642041314335,-0.9727499210920858,-1.2180227833038249
2004-06-27 16:00:00,-0.6328501982381681,-0.5453192510696175,-0.4621687549656733,-0.8254732019173285,-0.4347805233685096
2004-06-27 17:00:00,-0.3533176518657233,-0.3827924281857924,-0.3582074774968732,-0.7027426026050307,-0.0214026639582042
2004-06-27 18:00:00,-0.3533176518657233,-0.352579726631605,-0.3582074774968732,-0.7272887224674903,0.0003540654844433
2004-06-27 19:00:00,-0.2834345152726122,-0.1839935698529078,-0.108700411571753,-0.7272887224674903,-0.1519430406140901
2004-06-27 20:00:00,-0.0737851054932787,-0.0806438941474725,-0.0879081560779931,-0.6241950190451602,0.2179213599109198
2004-06-27 21:00:00,0.1358643042860546,0.2794944239057897,0.1408066543533669,-0.5063736437053543,0.5225155721079869
2004-06-27 22:00:00,0.2057474408791658,0.2839308968963833,0.0576376323783269,-0.4523721800079434,0.5877857604359299
2004-06-27 23:00:00,-0.2834345152726122,-0.25940985640213,-0.2126616890405531,-0.6781964827425712,-0.2389699583846807
2004-06-28 00:00:00,-0.6328501982381681,-0.5385152856296576,-0.3582074774968732,-0.8303824258898204,-0.6958612766802814
2004-06-28 01:00:00,-0.7726164714243904,-0.7416050237218655,-0.6596951821563936,-0.9383853532846425,-1.022212218319996
2004-06-28 02:00:00,-1.0521490177968351,-0.8246293349335534,-0.8260332261064736,-1.0414790567069725,-1.5008602660582444
2004-06-28 03:00:00,-1.1220321543899463,-0.8267869533665225,-0.8468254816002337,-0.6407319635243973,-0.5698426519374445
2004-06-28 04:00:00,-1.1919152909830577,-0.8844934715569779,-0.8988061203346337,-1.0512975046519564,-1.5443737249435396
2004-06-28 05:00:00,-1.1220321543899463,-0.8294013591165934,-0.8572216093471137,-0.8991115615047072,-1.087482406647939
2004-06-28 06:00:00,-0.982265881203724,-0.7493222890918189,-0.6596951821563936,-0.9383853532846425,-1.2180227833038249
2004-06-28 07:00:00,0.7648125336240554,1.1046203459998332,0.9724968741037674,-0.143091069740953,0.1961646304682722
2004-06-28 08:00:00,2.442007811858723,3.053707883022387,2.188843820488728,0.5392910624354224,1.0664338081741782
2004-06-28 09:00:00,1.7431764459276111,2.47607415497132,1.3363613452445675,0.4852895987380113,1.566838585355074
2004-06-28 10:00:00,0.8346956702171663,1.080426596821656,0.5462556364816874,0.2054638323059725,1.5885953147977216
2004-06-28 11:00:00,-0.0039019689001675,0.2264080184702754,0.1927872930877669,-0.3394600286406294,0.7400828665344634
2004-06-28 12:00:00,-0.1436682420863899,0.0569255018545314,0.099222143365847,-0.5505566594577815,0.1744079010256245
2004-06-28 13:00:00,-0.1436682420863899,0.0447794552118629,0.0784298878720869,-0.6389226909626359,-0.0866728522861472
2004-06-28 14:00:00,-0.3533176518657233,-0.158006917864497,-0.0255313895967131,-0.7125610505500146,-0.282483417269976
2004-06-28 15:00:00,-0.0737851054932787,0.1098568825475673,0.1823911653408869,-0.6192857950726682,0.4137319248947487
2004-06-28 16:00:00,-0.213551378679501,-0.0616637561698203,0.0264492491376868,-0.6291042430176521,0.4354886543373963
2004-06-28 17:00:00,0.5551631238447217,0.6024279025810931,0.6606130416973672,-0.2461847731632831,1.153460725944769
2004-06-28 18:00:00,0.9045788068102776,1.0866753850533193,0.8477433411412074,-0.1725464135759045,1.0881905376168255
2004-06-28 19:00:00,0.6949293970309441,1.0610412701343366,0.8685355966349674,-0.3492784765856133,0.6530559487638729
2004-06-28 20:00:00,0.2756305774722771,0.4322664087264378,0.3903137202784871,-0.5996488991827007,0.1091377126976816
2004-06-28 21:00:00,-0.213551378679501,-0.1158941215036108,-0.0255313895967131,-0.7321979464399822,-0.3912670644832143
2004-06-28 22:00:00,-0.213551378679501,-0.0661179017979203,0.0368453768845668,-0.6634688108250955,-0.2389699583846807
2004-06-28 23:00:00,-0.0737851054932787,0.032728364657765,0.0368453768845668,-0.6781964827425712,-0.3042401467126237
2004-06-29 00:00:00,-0.4232007884588346,-0.2929909809786492,-0.1710771780530332,-0.746925618357458,-0.6523478177949861
2004-06-29 01:00:00,-0.9123827446106128,-0.6494073316913819,-0.5557339046875934,-0.9138392334221828,-0.9786987594347007
2004-06-29 02:00:00,-1.1919152909830577,-0.7934207848342844,-0.7740525873720735,-1.0365698327344806,-1.392076618845006
2004-06-29 03:00:00,-1.2617984275761684,-0.9041280465307864,-0.9092022480815136,-0.6589032684869083,-0.6017131930632932
2004-06-29 04:00:00,-1.1771396319091216,-0.856279884106622,-0.8884099925877535,-0.9972960409545452,-1.152752594975882
2004-06-29 05:00:00,-1.1220321543899463,-0.8378253010666273,-0.8676177370939936,-0.962931473147102,-1.2180227833038249
2004-06-29 06:00:00,-0.982265881203724,-0.7393396296705284,-0.6181106711688734,-0.8892931135597233,-1.0439689477626437
2004-06-29 07:00:00,0.9045788068102776,1.221922340096388,1.2635884510164077,-0.0498158142636067,-0.1736997700567378
2004-06-29 08:00:00,2.5118909484518346,3.0776294918965794,2.303201225704409,0.5491095103804061,0.6530559487638729
2004-06-29 09:00:00,0.7648125336240554,0.9826769495720666,0.4318982312660072,-0.0301789183736391,0.2396780893535675
2004-06-29 10:00:00,0.4153968506584996,0.479836204217859,0.4111059757722472,-0.1578187416584288,0.4790021132226916
2004-06-29 11:00:00,-0.0039019689001675,0.1212094002957779,0.151202782100247,-0.3885522683655485,0.2614348187962151
2004-06-29 12:00:00,0.4852799872516105,0.5048588275655068,0.4007098480253671,-0.2658216690532508,0.827109784305054
2004-06-29 13:00:00,0.2756305774722771,0.4598479933577827,0.4526904867597671,-0.5014644197328625,0.5007588426653393
2004-06-29 14:00:00,-0.0039019689001675,0.1462007073634921,0.099222143365847,-0.5603751074027654,0.4354886543373963
2004-06-29 15:00:00,0.2756305774722771,0.4651314709957033,0.4111059757722472,-0.5161920916503382,0.6748126782065205
2004-06-29 16:00:00,0.4153968506584996,0.5168073618812257,0.6502169139504874,-0.4032799402830243,1.3492712909285975
2004-06-29 17:00:00,1.1142282165896111,1.419822549390476,1.0556658960788077,-0.1872740854933802,1.9149462564374364
2004-06-29 18:00:00,1.1142282165896111,1.3978837555036585,1.2324000677757676,-0.1774556375483964,1.5450818559124264
2004-06-29 19:00:00,1.7431764459276111,2.557772285825469,1.481907133700888,0.2349191761409239,2.001973174208027
2004-06-29 20:00:00,0.3455137140653883,0.4157638280182693,0.3071446983034471,-0.4769182998704029,0.2179213599109198
2004-06-29 21:00:00,0.2756305774722771,0.3777425677283572,0.3175408260503271,-0.5947396752102088,0.1091377126976816
2004-06-29 22:00:00,0.1358643042860546,0.254177867053502,0.1304105266064869,-0.6291042430176521,0.0438675243697386
2004-06-29 23:00:00,0.0659811676929437,0.1226037072973831,0.244767931822167,-0.6781964827425712,-0.282483417269976
2004-06-30 00:00:00,0.2756305774722771,0.2861574660860484,0.1823911653408869,-0.6192857950726682,-0.2172132289420331
2004-06-30 01:00:00,-0.8424996080175017,-0.6325320689383895,-0.5453377769407135,-0.9972960409545452,-1.3703198894023585
2004-06-30 02:00:00,-0.9123827446106128,-0.6428873646204689,-0.5765261601813535,-1.0071144888995291,-1.4355900777303017
2004-06-30 03:00:00,-0.982265881203724,-0.806065648538176,-0.7948448428658336,-0.7331934096566943,-0.7715216511613503
2004-06-30 04:00:00,-1.1220321543899463,-0.9022236595953506,-0.9092022480815136,-1.0316606087619886,-1.479103536615597
2004-06-30 05:00:00,-0.982265881203724,-0.7762179830949689,-0.7012796931439136,-0.9285669053396586,-1.152752594975882
2004-06-30 06:00:00,-0.8424996080175017,-0.6065862105251555,-0.4101881162312733,-0.7714717382199174,-1.0657256772052914
2004-06-30 07:00:00,0.0659811676929437,0.1563860984917212,0.4007098480253671,-0.2952770128882022,-0.0866728522861472
2004-06-30 08:00:00,0.4852799872516105,0.517853618648832,0.5566517642285672,-0.0743619341260663,0.5660290309932822
2004-06-30 09:00:00,0.5551631238447217,0.581302965700269,0.5878401474692073,0.2545560720308916,1.0229203492888828
2004-06-30 10:00:00,0.5551631238447217,0.6004097423187054,0.6918014249380073,0.176008488471021,1.3275145614859498
2004-06-30 11:00:00,0.625046260437833,1.0031327069974674,0.4942749977472873,0.1956453843609887,1.7408924208962553
2004-06-30 12:00:00,0.2756305774722771,0.4517293851371014,0.213579548581527,-0.4229168361729919,0.9794068904035876
2004-06-30 13:00:00,0.1358643042860546,0.4773125882091746,0.2759563150628071,-0.5898304512377168,0.6312992193212251
2004-06-30 14:00:00,-0.0039019689001675,0.2323928159561827,0.213579548581527,-0.4769182998704029,0.9141367020756446
2004-06-30 15:00:00,-0.1436682420863899,-0.0866274096804001,-0.0983042838248731,-0.526010539595322,0.7183261370918157
2004-06-30 16:00:00,0.1358643042860546,0.3429950490764162,0.1408066543533669,-0.3296415806956456,1.2622443731580069
2004-06-30 17:00:00,1.463643899555167,1.894842168042268,1.3675497284852078,0.2398284001134158,2.5241346808315703
2004-06-30 18:00:00,1.952825855706945,2.813681233724985,1.710621944132248,0.1416439206635776,2.110756821421265
2004-06-30 19:00:00,1.952825855706945,2.517764730961522,1.242796195522648,0.2054638323059725,1.8931895269947887
2004-06-30 20:00:00,0.9744619434033888,1.1445163709545425,0.6502169139504874,-0.0694527101535744,1.0446770787315305
2004-06-30 21:00:00,0.2756305774722771,0.4045615734728979,0.3279369537972071,-0.4965551957603705,0.3049482776815104
2004-06-30 22:00:00,0.2756305774722771,0.3514387239455312,0.3175408260503271,-0.5898304512377168,0.0003540654844433
2004-06-30 23:00:00,0.3455137140653883,0.3829527909102927,0.296748570556567,-0.5407382115127978,0.0438675243697386
2004-07-01 00:00:00,0.1358643042860546,0.2565236578702827,0.161598909847127,-0.6241950190451602,-0.1736997700567378
2004-07-01 01:00:00,-0.4232007884588346,-0.2717723699622342,-0.1502849225592731,-0.8451100978072961,-0.717618006122929
2004-07-01 02:00:00,-0.8424996080175017,-0.7446067624079573,-0.6492990544095135,-0.9923868169820534,-1.3050497010744155
2004-07-01 03:00:00,-1.0521490177968351,-0.8552591290465056,-0.8884099925877535,-0.6988333738324409,-0.5658122324153733
2004-07-01 04:00:00,-1.0521490177968351,-0.8283339959088565,-0.8468254816002337,-1.016932936844513,-1.522616995500892
2004-07-01 05:00:00,-0.9123827446106128,-0.7430602234900082,-0.6181106711688734,-0.800927082054869,-0.9569420299920532
2004-07-01 06:00:00,-0.8424996080175017,-0.6432329425165784,-0.5141493937000734,-0.8451100978072961,-1.087482406647939
2004-07-01 07:00:00,0.2057474408791658,0.3940502915836055,0.5982362752160875,-0.4130983882280081,-0.5435641705817479
2004-07-01 08:00:00,1.2539944897758333,1.7043236271416515,1.1388349180538475,0.0041856494338042,0.2179213599109198
2004-07-01 09:00:00,0.5551631238447217,0.5738504236206315,0.3383330815440871,0.0385502172412475,0.5225155721079869
2004-07-01 10:00:00,0.4153968506584996,0.4460708446845374,0.2031834208346471,0.1121885768286262,0.8488665137477016
2004-07-01 11:00:00,-0.0737851054932787,-0.0771895802754983,-0.0879081560779931,-0.2903677889157103,0.326705007124158
2004-07-01 12:00:00,0.2057474408791658,0.4344076364748803,0.296748570556567,-0.3885522683655485,0.4790021132226916
2004-07-01 13:00:00,-0.0737851054932787,0.0469683899247657,0.0888260156189668,-0.6241950190451602,0.0873809832550339
2004-07-01 14:00:00,-0.213551378679501,-0.1445401849484883,-0.1294926670655132,-0.6732872587700793,0.0003540654844433
2004-07-01 15:00:00,-0.1436682420863899,0.0422029128587293,0.0368453768845668,-0.5898304512377168,0.2396780893535675
2004-07-01 16:00:00,-0.213551378679501,-0.1490747273420319,-0.046323645090473,-0.5800120032927331,0.3702184660094534
2004-07-01 17:00:00,0.5551631238447217,0.5780101779037418,0.6190285307098473,-0.3001862368606942,1.0229203492888828
2004-07-01 18:00:00,0.8346956702171663,1.0022027416787376,0.6918014249380073,-0.256003221108267,1.2840011026006546
2004-07-01 19:00:00,1.6034101727413894,2.1088133061626326,1.2012116845351275,-0.0154512464561634,1.501568397027131
2004-07-01 20:00:00,0.9045788068102776,1.0213452298444663,0.5358595087348073,-0.2118202053558398,0.8488665137477016
2004-07-01 21:00:00,-0.1436682420863899,-0.0986956234635845,-0.1190965393186332,-0.6487411389076198,0.022110794927091
2004-07-01 22:00:00,-0.0039019689001675,0.1130638710625221,0.0264492491376868,-0.6438319149351278,0.0438675243697386
2004-07-01 23:00:00,0.2756305774722771,0.3768636973926768,0.3071446983034471,-0.5112828676778463,0.2179213599109198
2004-07-02 00:00:00,0.1358643042860546,0.3017896007209747,0.2031834208346471,-0.5947396752102088,-0.1084295817287948
2004-07-02 01:00:00,-0.2834345152726122,-0.2701669985593222,-0.1398887948123932,-0.7616532902749337,-0.4347805233685096
2004-07-02 02:00:00,-0.4232007884588346,-0.5104504047249514,-0.3893958607375133,-0.7911086341098851,-0.5000507116964525
2004-07-02 03:00:00,-0.9123827446106128,-0.8250042603960918,-0.8260332261064736,-0.6273753476123006,-0.4570096622654555
2004-07-02 04:00:00,-1.1319302565932463,-0.8262578730581707,-0.8364293538533536,-0.9874775930095616,-1.2180227833038249
2004-07-02 05:00:00,-1.1220321543899463,-0.8544013651509558,-0.8780138648408736,-0.9236576813671666,-1.0657256772052914
2004-07-02 06:00:00,-0.9123827446106128,-0.6463589848576697,-0.5973184156751135,-0.8745654416422476,-1.022212218319996
2004-07-02 07:00:00,0.3455137140653883,0.3597366224472359,0.6398207862036073,-0.2903677889157103,-0.1736997700567378
2004-07-02 08:00:00,1.952825855706945,2.8355476888365176,1.835375477094808,0.3036483117558107,0.8488665137477016
2004-07-02 09:00:00,0.5551631238447217,0.5527364749082052,0.5878401474692073,0.12200702477361,0.8053530548624064
2004-07-02 10:00:00,0.4852799872516105,0.5323977414762405,0.4422943590128871,0.1318254727185938,1.0446770787315305
2004-07-02 11:00:00,-0.213551378679501,-0.1534072705731967,-0.1294926670655132,-0.364006148503089,0.0438675243697386
2004-07-02 12:00:00,-0.213551378679501,-0.0851778871325962,0.0368453768845668,-0.5701935553477492,-0.0431593934008519
2004-07-02 13:00:00,-0.1436682420863899,0.0366179015663603,0.0680337601252069,-0.5554658834302735,0.2179213599109198
2004-07-02 14:00:00,-0.2834345152726122,-0.1727869200401774,-0.0359275173435931,-0.5554658834302735,0.1526511715829769
2004-07-02 15:00:00,-0.2834345152726122,-0.1475416947144051,-0.0151352618498331,-0.6045581231551925,0.1961646304682722
2004-07-02 16:00:00,-0.1436682420863899,-0.0910734973183417,-0.0879081560779931,-0.3738245964480728,0.8488665137477016
2004-07-02 17:00:00,-0.0039019689001675,0.1173292033303207,0.047241504631447,-0.4376445080904676,1.3927847498138928
2004-07-02 18:00:00,0.2057474408791658,0.4198006979514646,0.2551640595690471,-0.3787338204205647,1.153460725944769
2004-07-02 19:00:00,0.625046260437833,0.9895143373575698,0.6190285307098473,-0.1823648615208883,1.1099472670594734
2004-07-02 20:00:00,0.4852799872516105,0.5205612864781788,0.296748570556567,-0.143091069740953,0.95765016096094
2004-07-02 21:00:00,-0.1436682420863899,-0.1029336684465287,-0.0671159005842332,-0.5161920916503382,0.3049482776815104
2004-07-02 22:00:00,-0.0039019689001675,0.1069161739801181,0.1408066543533669,-0.5161920916503382,0.2614348187962151
2004-07-02 23:00:00,-0.213551378679501,-0.1624458631929801,-0.1294926670655132,-0.5112828676778463,0.1961646304682722
2004-07-03 00:00:00,0.2756305774722771,0.3406833215816686,0.1823911653408869,-0.364006148503089,0.457245383780044
2004-07-03 01:00:00,-0.7027333348312792,-0.5984060685614466,-0.4101881162312733,-0.8156547539723447,-0.5653209000243955
2004-07-03 02:00:00,-0.982265881203724,-0.7710191601377461,-0.7012796931439136,-0.9236576813671666,-0.717618006122929
2004-07-03 03:00:00,-0.982265881203724,-0.7549942442666351,-0.6908835653970335,-0.671961260415754,-0.6106624141873388
2004-07-03 04:00:00,-1.1919152909830577,-0.8584467051306243,-0.8884099925877535,-1.0365698327344806,-1.5008602660582444
2004-07-03 05:00:00,-0.982265881203724,-0.7732112081650283,-0.7116758208907935,-0.8058363060273609,-0.913428571106758
2004-07-03 06:00:00,-0.982265881203724,-0.645348760125601,-0.5661300324344735,-0.8303824258898204,-0.8916718416641102
2004-07-03 07:00:00,-0.213551378679501,-0.2014898472565132,-0.0255313895967131,-0.3738245964480728,-0.1954564994993854
2004-07-03 08:00:00,0.1358643042860546,0.3691523839472722,0.3175408260503271,-0.1480002937134449,0.2179213599109198
2004-07-03 09:00:00,-0.1436682420863899,-0.1007073739610735,-0.0255313895967131,-0.3443692526131213,0.3049482776815104
2004-07-03 10:00:00,-0.2834345152726122,-0.1993713283894261,-0.1502849225592731,-0.4867367478153867,0.0656242538123863
2004-07-03 11:00:00,-0.5629670616450568,-0.3589147719851907,-0.2646423277749531,-0.6585595868526035,-0.282483417269976
2004-07-03 12:00:00,-0.4232007884588346,-0.2469392009513777,-0.1502849225592731,-0.6831057067150631,-0.347753605597919
2004-07-03 13:00:00,-0.5629670616450568,-0.4875336638507334,-0.4101881162312733,-0.7321979464399822,-0.5218074411391002
2004-07-03 14:00:00,-0.9123827446106128,-0.5904880859820943,-0.5453377769407135,-0.8892931135597233,-0.8699151122214626
2004-07-03 15:00:00,-0.9123827446106128,-0.5943556923379292,-0.5349416491938335,-0.85492854575228,-0.8699151122214626
2004-07-03 16:00:00,-0.7027333348312792,-0.5448187857831348,-0.4413764994719134,-0.850019321779788,-0.6088343589096907
2004-07-03 17:00:00,-0.6328501982381681,-0.4751062285290123,-0.3478113497499933,-0.7812901861649013,-0.3695103350405666
2004-07-03 18:00:00,-0.6328501982381681,-0.5434122544441872,-0.4205842439781533,-0.7763809621924094,-0.4565372528111572
2004-07-03 19:00:00,-0.4930839250519458,-0.361634526799775,-0.2750384555218333,-0.7714717382199174,-0.4347805233685096
2004-07-03 20:00:00,-0.7027333348312792,-0.5248336424534028,-0.3997919884843933,-0.8794746656147395,-0.9351853005494056
2004-07-03 21:00:00,-0.4232007884588346,-0.3088175146261457,-0.2438500722811932,-0.7272887224674903,-0.347753605597919
2004-07-03 22:00:00,-0.0737851054932787,-0.0079208992406101,0.0264492491376868,-0.5701935553477492,-0.0214026639582042
2004-07-03 23:00:00,-0.1436682420863899,-0.1268007943190825,-0.1190965393186332,-0.5800120032927331,-0.1519430406140901
2004-07-04 00:00:00,0.0659811676929437,0.0573509271076645,0.099222143365847,-0.5505566594577815,-0.1954564994993854
2004-07-04 01:00:00,-0.7027333348312792,-0.6248046852967033,-0.5141493937000734,-0.8352916498623123,-0.848158382778815
2004-07-04 02:00:00,-0.7027333348312792,-0.6019388104853599,-0.4309803717250333,-0.850019321779788,-0.848158382778815
2004-07-04 03:00:00,-0.9123827446106128,-0.6499752368614059,-0.5453377769407135,-0.7123048249549537,-0.7580651193127742
2004-07-04 04:00:00,-1.0521490177968351,-0.7800667722124226,-0.7324680763845536,-0.9825683690370696,-1.3268064305170633
2004-07-04 05:00:00,-1.0521490177968351,-0.7954275906559943,-0.7844487151189536,-1.016932936844513,-1.457346807172949
2004-07-04 06:00:00,-1.0521490177968351,-0.7931950237577455,-0.7636564596251936,-0.9727499210920858,-1.4355900777303017
2004-07-04 07:00:00,-1.0521490177968351,-0.7859100054621388,-0.7428642041314335,-0.9923868169820534,-1.479103536615597
2004-07-04 08:00:00,-0.7027333348312792,-0.6092831648903144,-0.5453377769407135,-0.85492854575228,-0.8916718416641102
2004-07-04 09:00:00,-0.7726164714243904,-0.5849891486755078,-0.5557339046875934,-0.8942023375322152,-0.9786987594347007
2004-07-04 10:00:00,-0.7726164714243904,-0.5685790059339855,-0.5661300324344735,-0.8942023375322152,-0.913428571106758
2004-07-04 11:00:00,-0.7726164714243904,-0.6763380962653348,-0.6181106711688734,-0.95802224917461,-1.1309958655332344
2004-07-04 12:00:00,-0.9123827446106128,-0.716463636587452,-0.6700913099032735,-0.9727499210920858,-1.2615362421891203
2004-07-04 13:00:00,-0.982265881203724,-0.7719490338884062,-0.7740525873720735,-1.0022052649270372,-1.392076618845006
2004-07-04 14:00:00,-1.1919152909830577,-0.802556348040178,-0.8468254816002337,-1.0316606087619886,-1.522616995500892
2004-07-04 15:00:00,-1.1220321543899463,-0.7654606120176017,-0.7532603318783136,-1.012023712872021,-1.3703198894023585
2004-07-04 16:00:00,-1.0521490177968351,-0.7692733233154828,-0.7636564596251936,-0.9776591450645776,-1.1745093244185296
2004-07-04 17:00:00,-0.982265881203724,-0.714995251017232,-0.6804874376501535,-0.9138392334221828,-1.0004554888773485
2004-07-04 18:00:00,-0.8424996080175017,-0.6042315833896215,-0.6077145434219935,-0.8745654416422476,-0.848158382778815
2004-07-04 19:00:00,-0.3533176518657233,-0.2829591495037787,-0.2334539445343132,-0.6585595868526035,-0.1519430406140901
2004-07-04 20:00:00,-0.3533176518657233,-0.2785044544672588,-0.2334539445343132,-0.6683780347975874,-0.282483417269976
2004-07-04 21:00:00,-0.2834345152726122,-0.1956672168225428,-0.1294926670655132,-0.5800120032927331,-0.0431593934008519
2004-07-04 22:00:00,-0.5629670616450568,-0.4642566941892089,-0.4101881162312733,-0.7321979464399822,-0.5000507116964525
2004-07-04 23:00:00,-0.1436682420863899,-0.1409656422006286,-0.1502849225592731,-0.5751027793202411,-0.1301863111714425
2004-07-05 00:00:00,-0.4232007884588346,-0.3852752964033351,-0.2438500722811932,-0.6438319149351278,-0.3695103350405666
2004-07-05 01:00:00,-1.0521490177968351,-0.8069683723560865,-0.7948448428658336,-0.967840697119594,-1.1962660538611771
2004-07-05 02:00:00,-1.1919152909830577,-0.8378253010666273,-0.8676177370939936,-1.0022052649270372,-1.3268064305170633
2004-07-05 03:00:00,-1.2617984275761684,-0.9089729588975316,-0.9195983758283937,-0.5929916031487147,-0.4605002801201417
2004-07-05 04:00:00,-1.1933768906508273,-0.9051488015909028,-0.9092022480815136,-0.967840697119594,-1.1745093244185296
2004-07-05 05:00:00,-1.1919152909830577,-0.9098341565957055,-0.9299945035752736,-0.9825683690370696,-1.457346807172949
2004-07-05 06:00:00,-0.982265881203724,-0.6625263348616366,-0.5973184156751135,-0.8794746656147395,-1.152752594975882
2004-07-05 07:00:00,-0.0737851054932787,0.1417919794981028,0.3071446983034471,-0.3590969245305971,-0.6523478177949861
2004-07-05 08:00:00,1.2539944897758333,1.86169782315956,1.7002258163853678,0.2398284001134158,0.5225155721079869
2004-07-05 09:00:00,1.0443450799965,1.4158897007847795,0.8061588301536876,0.3871051192881731,1.0229203492888828
2004-07-05 10:00:00,0.7648125336240554,1.1069309746777412,0.4734827422535272,0.4509250309305679,1.4145414792565405
2004-07-05 11:00:00,0.0659811676929437,0.1461043777538718,0.099222143365847,-0.1676371896034126,0.8053530548624064
2004-07-05 12:00:00,0.0659811676929437,0.137214400111668,0.0888260156189668,-0.2412755491907912,0.6530559487638729
2004-07-05 13:00:00,-0.0039019689001675,0.1268326870413991,0.0368453768845668,-0.3590969245305971,0.5877857604359299
2004-07-05 14:00:00,-0.213551378679501,-0.1443495402267872,-0.0983042838248731,-0.4867367478153867,0.2831915482388628
2004-07-05 15:00:00,-0.0737851054932787,0.0374379852011128,0.1408066543533669,-0.4032799402830243,0.6095424898785775
2004-07-05 16:00:00,-0.213551378679501,-0.1440556982902173,-0.0255313895967131,-0.5309197635678139,0.4790021132226916
2004-07-05 17:00:00,0.625046260437833,1.0464564910838563,0.7957627024068074,-0.3198231327506618,1.3927847498138928
2004-07-05 18:00:00,1.533527036148278,1.9312250924240744,1.325965217497688,0.3134667597007945,2.0237299036506746
2004-07-05 19:00:00,0.9744619434033888,1.3594597788419684,0.8061588301536876,0.0041856494338042,1.4362982086991882
2004-07-05 20:00:00,0.2756305774722771,0.4575683146875285,0.234371804075287,-0.4867367478153867,0.326705007124158
2004-07-05 21:00:00,-0.213551378679501,-0.1505609686858982,-0.0671159005842332,-0.7174702745225064,-0.2607266878273284
2004-07-05 22:00:00,-0.1436682420863899,0.0222937252430468,-0.004739134102953,-0.6585595868526035,-0.1519430406140901
2004-07-05 23:00:00,-0.1436682420863899,-0.1427292432284683,-0.1814733057999132,-0.6389226909626359,-0.1301863111714425
2004-07-06 00:00:00,-0.1436682420863899,-0.1742351606350015,-0.1606810503061531,-0.6438319149351278,-0.1084295817287948
2004-07-06 01:00:00,-0.8424996080175017,-0.7471443883313488,-0.6700913099032735,-0.8991115615047072,-0.7611314650082243
2004-07-06 02:00:00,-0.982265881203724,-0.7896562383412135,-0.7532603318783136,-0.95802224917461,-1.087482406647939
2004-07-06 03:00:00,-1.0521490177968351,-0.8274905624162587,-0.8364293538533536,-0.6299489897024939,-0.4430564863243775
2004-07-06 04:00:00,-1.1919152909830577,-0.9098341565957055,-0.9507867590690338,-1.0562067286244483,-1.6096439132714826
2004-07-06 05:00:00,-0.982265881203724,-0.7749996241398329,-0.7012796931439136,-0.850019321779788,-0.9569420299920532
2004-07-06 06:00:00,-0.3533176518657233,-0.2328368024935589,-0.1190965393186332,-0.3590969245305971,-0.282483417269976
2004-07-06 07:00:00,1.184111353182722,1.7041412235462488,1.242796195522648,0.176008488471021,0.1091377126976816
2004-07-06 08:00:00,2.092592128893167,2.9131739707547384,2.0432980320324083,0.6423847658577524,0.761839595977111
2004-07-06 09:00:00,0.9045788068102776,1.066129524647057,0.6502169139504874,0.342922103535746,1.131703996502121
2004-07-06 10:00:00,0.3455137140653883,0.5563997471158768,0.3071446983034471,-0.0547250382360987,0.8053530548624064
2004-07-06 11:00:00,0.0659811676929437,0.2471553286304967,0.244767931822167,-0.2952770128882022,0.4790021132226916
2004-07-06 12:00:00,0.9045788068102776,1.1797726418032992,0.8269510856474475,0.1416439206635776,1.501568397027131
2004-07-06 13:00:00,0.9045788068102776,1.2407588077722396,0.8269510856474475,0.1956453843609887,1.3927847498138928
2004-07-06 14:00:00,-0.213551378679501,-0.0757650558107993,-0.004739134102953,-0.3590969245305971,0.4790021132226916
2004-07-06 15:00:00,-0.0737851054932787,0.0477104575638941,0.1408066543533669,-0.3247323567231537,0.892379972632997
2004-07-06 16:00:00,0.2057474408791658,0.5158869196417738,0.4111059757722472,-0.1087265019335097,1.2622443731580069
2004-07-06 17:00:00,1.184111353182722,1.7093388103345268,1.1596271735476076,0.3331036555907621,1.7844058797815503
2004-07-06 18:00:00,1.6034101727413894,2.259398096063708,1.4195303672196078,0.3871051192881731,1.8279193386668453
2004-07-06 19:00:00,1.2539944897758333,1.7018459783040978,1.0140813850912878,0.0630963371037071,0.9794068904035876
2004-07-06 20:00:00,1.323877626368945,1.7550281639408123,1.2947768342570478,-0.0399973663186229,1.0664338081741782
2004-07-06 21:00:00,0.2756305774722771,0.4537572516149071,0.3695214647847272,-0.4130983882280081,0.326705007124158
2004-07-06 22:00:00,-0.0039019689001675,0.1020396248451944,0.151202782100247,-0.4965551957603705,-0.0431593934008519
2004-07-06 23:00:00,0.2057474408791658,0.3753599665474439,0.3071446983034471,-0.5161920916503382,0.0003540654844433
2004-07-07 00:00:00,-0.0039019689001675,0.2056839665998295,0.3071446983034471,-0.5947396752102088,-0.2389699583846807
2004-07-07 01:00:00,-0.3533176518657233,-0.3559299276080105,-0.2230578167874333,-0.6487411389076198,-0.3259968761552713
2004-07-07 02:00:00,-0.9123827446106128,-0.7476492031011557,-0.6492990544095135,-0.8991115615047072,-0.8916718416641102
2004-07-07 03:00:00,-1.1220321543899463,-0.840367047553168,-0.8676177370939936,-0.4953438453444286,-0.3063419206094346
2004-07-07 04:00:00,-1.1919152909830577,-0.9043240022005464,-0.9092022480815136,-1.0365698327344806,-1.4138333482876535
2004-07-07 05:00:00,-1.1220321543899463,-0.7919766648026094,-0.7636564596251936,-0.9432945772571344,-1.2397795127464726
2004-07-07 06:00:00,-0.5629670616450568,-0.327093036305292,-0.1502849225592731,-0.4621906279529272,-0.4782939822538049
2004-07-07 07:00:00,1.3937607629620554,1.9221082091044568,1.658641305397848,0.7552969172250663,0.5660290309932822
2004-07-07 08:00:00,1.3937607629620554,1.9384798474725524,1.721018071879128,0.5883833021603414,0.6748126782065205
2004-07-07 09:00:00,1.323877626368945,1.7763204872535625,1.3675497284852078,0.7012954535276553,1.7191356914536076
2004-07-07 10:00:00,0.0659811676929437,0.3535338013867031,0.296748570556567,0.1121885768286262,1.2187309142727116
2004-07-07 11:00:00,-0.0737851054932787,0.0182704073842088,0.0576376323783269,-0.1529095176859368,0.95765016096094
2004-07-07 12:00:00,-0.0737851054932787,0.0851965940528355,0.1823911653408869,-0.4081891642555161,0.8488665137477016
2004-07-07 13:00:00,0.0659811676929437,0.2879926733446135,0.3903137202784871,-0.2216386533008236,0.6965694076491681
2004-07-07 14:00:00,0.0659811676929437,0.2877313380728868,0.286352442809687,-0.2118202053558398,0.4354886543373963
2004-07-07 15:00:00,-0.213551378679501,-0.0942108025320408,-0.004739134102953,-0.3885522683655485,0.2396780893535675
2004-07-07 16:00:00,-0.213551378679501,-0.1613034599518935,-0.056719772837353,-0.5800120032927331,0.1308944421403292
2004-07-07 17:00:00,0.8346956702171663,1.2741811533154113,1.0556658960788077,-0.0498158142636067,1.4580549381418355
2004-07-07 18:00:00,1.533527036148278,1.841861249023372,1.0868542793194476,0.5392910624354224,2.676431786930104
2004-07-07 19:00:00,2.23235840207939,2.896541180251057,1.918544499069848,0.4852895987380113,2.458864492503628
2004-07-07 20:00:00,1.533527036148278,1.888851418631812,1.1596271735476076,0.2152822802509563,1.6103520442403694
2004-07-07 21:00:00,1.0443450799965,1.2950513478255472,1.0868542793194476,-0.0498158142636067,1.196974184830064
2004-07-07 22:00:00,0.2057474408791658,0.3138538770771499,0.5982362752160875,-0.3443692526131213,0.4790021132226916
2004-07-07 23:00:00,-0.0039019689001675,0.1862534968540092,0.4215021035191272,-0.3198231327506618,0.2614348187962151
2004-07-08 00:00:00,-0.6328501982381681,-0.3641043007833104,-0.1190965393186332,-0.742016394384966,-0.4782939822538049
2004-07-08 01:00:00,-0.8424996080175017,-0.6352883136288615,-0.4309803717250333,-0.850019321779788,-0.6741045472376337
2004-07-08 02:00:00,-1.0521490177968351,-0.6601545387129812,-0.5765261601813535,-0.95802224917461,-1.087482406647939
2004-07-08 03:00:00,-1.1220321543899463,-0.7900311638037519,-0.7428642041314335,-0.5995395697700442,-0.3304558835940671
2004-07-08 04:00:00,-0.9832998150775808,-0.7512819831415235,-0.6492990544095135,-0.95802224917461,-1.087482406647939
2004-07-08 05:00:00,-1.0521490177968351,-0.7436659462729345,-0.6181106711688734,-0.8451100978072961,-0.782888194450872
2004-07-08 06:00:00,-1.0521490177968351,-0.6580324029071297,-0.5349416491938335,-0.8892931135597233,-1.0439689477626437
2004-07-08 07:00:00,0.0659811676929437,0.2562661684574953,0.5774440197223271,-0.035088142346131,0.1091377126976816
2004-07-08 08:00:00,0.7648125336240554,1.051303555300246,1.2324000677757676,-0.0939988300160339,0.1961646304682722
2004-07-08 09:00:00,0.625046260437833,1.0012630701445897,0.6918014249380073,0.2447376240859077,0.9794068904035876
2004-07-08 10:00:00,0.4153968506584996,0.4785987533201319,0.6502169139504874,0.3625589994257136,1.131703996502121
2004-07-08 11:00:00,0.7648125336240554,1.1582283231619608,0.9309123631162476,0.6031109740778172,1.7191356914536076
2004-07-08 12:00:00,-0.4930839250519458,-0.2534862263869702,-0.0775120283311131,-0.4474629560354514,0.1091377126976816
2004-07-08 13:00:00,-0.5629670616450568,-0.2779380143863545,-0.1502849225592731,-0.6241950190451602,-0.0214026639582042
2004-07-08 14:00:00,-0.4930839250519458,-0.2525045251087007,-0.0671159005842332,-0.688014930687555,-0.0431593934008519
2004-07-08 15:00:00,-0.0039019689001675,0.2959089161306361,0.5358595087348073,-0.4032799402830243,0.761839595977111
2004-07-08 16:00:00,0.2057474408791658,0.5437563942851399,0.5774440197223271,-0.1234541738509854,1.2404876437153594
2004-07-08 17:00:00,0.6949293970309441,1.211559032208185,0.9517046186100075,0.0581871131312152,1.958459715322732
2004-07-08 18:00:00,0.9744619434033888,1.2681209953079091,0.8373472133943273,0.0729147850486909,1.4798116675844837
2004-07-08 19:00:00,2.092592128893167,2.9029802469321413,1.939336754563608,0.3871051192881731,2.0890000919786176
2004-07-08 20:00:00,1.6732933093345004,2.3359010208993976,1.377945856232088,0.3478313275082378,1.7844058797815503
2004-07-08 21:00:00,0.5551631238447217,0.5226246813671372,0.5774440197223271,-0.1823648615208883,0.5877857604359299
2004-07-08 22:00:00,0.3455137140653883,0.4662427410929962,0.4630866145066473,-0.3198231327506618,0.391975195452101
2004-07-08 23:00:00,0.4153968506584996,0.3856661359599784,0.5462556364816874,-0.4032799402830243,0.2396780893535675
2004-07-09 00:00:00,0.7648125336240554,1.0129409292454437,0.8477433411412074,-0.2363663252182993,0.5660290309932822
2004-07-09 01:00:00,0.1358643042860546,0.2089485514308025,0.5462556364816874,-0.5358289875403058,-0.0214026639582042
2004-07-09 02:00:00,-0.7726164714243904,-0.650087636667308,-0.5349416491938335,-0.850019321779788,-0.782888194450872
2004-07-09 03:00:00,-1.1220321543899463,-0.8833185616510479,-0.8988061203346337,-0.6643508995532461,-0.4677026154054542
2004-07-09 04:00:00,-1.1919152909830577,-0.9089763927001558,-0.9403906313221536,-1.026751384789497,-1.522616995500892
2004-07-09 05:00:00,-1.0521490177968351,-0.7914081186560956,-0.7740525873720735,-0.8843838895872314,-1.0657256772052914
2004-07-09 06:00:00,-0.7726164714243904,-0.5949208962498888,-0.4309803717250333,-0.7174702745225064,-0.5870776294670431
2004-07-09 07:00:00,0.5551631238447217,0.5813216455865452,0.7021975526848875,-0.0498158142636067,0.4137319248947487
2004-07-09 08:00:00,0.4153968506584996,0.4496936438052773,0.3903137202784871,-0.3247323567231537,0.2050879570473879
2004-07-09 09:00:00,-0.213551378679501,-0.19905853186237,-0.1710771780530332,-0.4130983882280081,0.1091377126976816
2004-07-09 10:00:00,-0.213551378679501,-0.2577677662031554,-0.2022655612936731,-0.3541877005581051,0.4354886543373963
2004-07-09 11:00:00,-0.2834345152726122,-0.2290019317227424,-0.1814733057999132,-0.4376445080904676,0.5877857604359299
2004-07-09 12:00:00,-0.4232007884588346,-0.2917717521268483,-0.1918694335467932,-0.6241950190451602,0.1308944421403292
2004-07-09 13:00:00,-0.2834345152726122,-0.2225646964030576,-0.1814733057999132,-0.4572814039804352,0.4137319248947487
2004-07-09 14:00:00,-0.5629670616450568,-0.2805288413584053,-0.1814733057999132,-0.6536503628801117,0.1526511715829769
2004-07-09 15:00:00,-0.4232007884588346,-0.2158056908854584,-0.108700411571753,-0.6143765711001764,0.6095424898785775
2004-07-09 16:00:00,-0.4232007884588346,-0.2235594003472643,-0.1190965393186332,-0.6045581231551925,0.6312992193212251
2004-07-09 17:00:00,0.1358643042860546,0.4614194845748017,0.2759563150628071,-0.1774556375483964,1.5233251264697787
2004-07-09 18:00:00,0.0659811676929437,0.2861867678684424,0.2759563150628071,-0.2854585649432184,1.131703996502121
2004-07-09 19:00:00,0.4852799872516105,0.5455091902807218,0.5462556364816874,-0.2363663252182993,1.0446770787315305
2004-07-09 20:00:00,0.4153968506584996,0.4375577612183767,0.234371804075287,-0.1529095176859368,1.131703996502121
2004-07-09 21:00:00,-0.2834345152726122,-0.1772065445058944,-0.1190965393186332,-0.6143765711001764,0.0438675243697386
2004-07-09 22:00:00,-0.4232007884588346,-0.2975984115558979,-0.1918694335467932,-0.688014930687555,-0.1301863111714425
2004-07-09 23:00:00,0.1358643042860546,0.2609980400418485,0.047241504631447,-0.4229168361729919,0.326705007124158
2004-07-10 00:00:00,0.1358643042860546,0.3144893594828201,0.171995037594007,-0.3787338204205647,0.3702184660094534
2004-07-10 01:00:00,-0.4232007884588346,-0.3115858005178202,-0.1814733057999132,-0.7223794984949984,-0.3259968761552713
2004-07-10 02:00:00,-0.7726164714243904,-0.6200759270267294,-0.4829610104594334,-0.8892931135597233,-0.8699151122214626
2004-07-10 03:00:00,-1.1220321543899463,-0.8559627380962418,-0.8780138648408736,-0.5979742003035958,-0.4603128766507451
2004-07-10 04:00:00,-1.2617984275761684,-0.9010053006402144,-0.9092022480815136,-1.06111595259694,-1.6749141015994256
2004-07-10 05:00:00,-1.1919152909830577,-0.7901769401711621,-0.7636564596251936,-0.967840697119594,-1.4138333482876535
2004-07-10 06:00:00,-1.1220321543899463,-0.7765618211977487,-0.7324680763845536,-0.9089300094496908,-1.1745093244185296
2004-07-10 07:00:00,-0.8424996080175017,-0.6417004135133365,-0.5661300324344735,-0.7174702745225064,-0.782888194450872
2004-07-10 08:00:00,-0.7027333348312792,-0.5715471849224291,-0.4725648827125534,-0.7223794984949984,-0.5653209000243955
2004-07-10 09:00:00,-0.4930839250519458,-0.3515506846611552,-0.2646423277749531,-0.7321979464399822,-0.3695103350405666
2004-07-10 10:00:00,-0.7027333348312792,-0.5688960145922607,-0.4829610104594334,-0.7714717382199174,-0.282483417269976
2004-07-10 11:00:00,-0.8424996080175017,-0.5864801057749782,-0.5141493937000734,-0.8451100978072961,-0.5870776294670431
2004-07-10 12:00:00,-0.9123827446106128,-0.5926453839268186,-0.5557339046875934,-0.9089300094496908,-0.848158382778815
2004-07-10 13:00:00,-0.9123827446106128,-0.5913191577852446,-0.5557339046875934,-0.8696562176697556,-0.6958612766802814
2004-07-10 14:00:00,-1.0521490177968351,-0.715137456229913,-0.6596951821563936,-0.9334761293121504,-1.0439689477626437
2004-07-10 15:00:00,-1.0521490177968351,-0.7534956870173563,-0.7220719486376735,-0.9776591450645776,-1.2180227833038249
2004-07-10 16:00:00,-1.1220321543899463,-0.7534956870173563,-0.7220719486376735,-0.967840697119594,-1.1092391360905869
2004-07-10 17:00:00,-0.982265881203724,-0.6194627872301347,-0.6077145434219935,-0.9334761293121504,-0.8916718416641102
2004-07-10 18:00:00,-0.9123827446106128,-0.5913191577852446,-0.5765261601813535,-0.9236576813671666,-0.9351853005494056
2004-07-10 19:00:00,-0.8424996080175017,-0.6896493465985153,-0.6285067989157536,-0.9187484573946748,-1.1309958655332344
2004-07-10 20:00:00,-0.5629670616450568,-0.4074905342934264,-0.3478113497499933,-0.8254732019173285,-0.717618006122929
2004-07-10 21:00:00,-0.5629670616450568,-0.4768802683168299,-0.4309803717250333,-0.7321979464399822,-0.347753605597919
2004-07-10 22:00:00,-0.4930839250519458,-0.4054828127910166,-0.3478113497499933,-0.6781964827425712,-0.282483417269976
2004-07-10 23:00:00,-0.1436682420863899,-0.1125517953812236,-0.0983042838248731,-0.4867367478153867,0.0003540654844433
2004-07-11 00:00:00,0.1358643042860546,0.2268977245085354,0.0264492491376868,-0.305095460833186,0.1308944421403292
2004-07-11 01:00:00,-0.7726164714243904,-0.6328244457858399,-0.5141493937000734,-0.8205639779448366,-0.782888194450872
2004-07-11 02:00:00,-1.1220321543899463,-0.7880298062822058,-0.7532603318783136,-0.9874775930095616,-1.2832929716317678
2004-07-11 03:00:00,-0.7726164714243904,-0.6336983714457413,-0.5141493937000734,-0.6699995484194219,-0.6715182465674228
2004-07-11 04:00:00,-1.1919152909830577,-0.8575943437512035,-0.8988061203346337,-1.021842160817005,-1.522616995500892
2004-07-11 05:00:00,-1.2617984275761684,-0.9010053006402144,-0.9092022480815136,-1.026751384789497,-1.6096439132714826
2004-07-11 06:00:00,-1.33168156416928,-0.912000977619708,-0.9403906313221536,-1.0463882806794644,-1.6314006427141303
2004-07-11 07:00:00,-1.1919152909830577,-0.8300253497294809,-0.8572216093471137,-0.9727499210920858,-1.3485631599597108
2004-07-11 08:00:00,-1.2617984275761684,-0.8247062521123376,-0.8572216093471137,-1.012023712872021,-1.5661304543861874
2004-07-11 09:00:00,-1.0521490177968351,-0.7792616599571122,-0.7636564596251936,-0.95802224917461,-1.2180227833038249
2004-07-11 10:00:00,-1.0521490177968351,-0.7536786400211789,-0.7012796931439136,-0.9531130252021182,-1.152752594975882
2004-07-11 11:00:00,-1.0521490177968351,-0.7738546569927868,-0.7740525873720735,-0.9972960409545452,-1.2180227833038249
2004-07-11 12:00:00,-1.1220321543899463,-0.7867649765315542,-0.7844487151189536,-1.012023712872021,-1.392076618845006
2004-07-11 13:00:00,-1.1919152909830577,-0.8347342377282688,-0.8884099925877535,-1.066025176569432,-1.6096439132714826
2004-07-11 14:00:00,-1.33168156416928,-0.8864299988849772,-0.9195983758283937,-1.120026640266843,-1.9795083137964928
2004-07-11 15:00:00,-1.1919152909830577,-0.8135657602301687,-0.8676177370939936,-1.06111595259694,-1.6531573721567778
2004-07-11 16:00:00,-1.0521490177968351,-0.7192776149460471,-0.6908835653970335,-0.9432945772571344,-1.022212218319996
2004-07-11 17:00:00,-0.8424996080175017,-0.7109021582890682,-0.6596951821563936,-0.8451100978072961,-0.5218074411391002
2004-07-11 18:00:00,-0.982265881203724,-0.7510601594919938,-0.7116758208907935,-0.9285669053396586,-0.9786987594347007
2004-07-11 19:00:00,-0.6328501982381681,-0.4971357663731816,-0.3789997329906333,-0.746925618357458,-0.1954564994993854
2004-07-11 20:00:00,-0.3533176518657233,-0.2136879045629311,-0.1710771780530332,-0.6241950190451602,0.1308944421403292
2004-07-11 21:00:00,-0.213551378679501,-0.1484220301392052,-0.0359275173435931,-0.4670998519254191,0.3049482776815104
2004-07-11 22:00:00,0.2057474408791658,0.2750892671951297,0.047241504631447,-0.2658216690532508,0.5660290309932822
2004-07-11 23:00:00,-0.4232007884588346,-0.3224411036460324,-0.2750384555218333,-0.5112828676778463,-0.0431593934008519
2004-07-12 00:00:00,-0.8424996080175017,-0.6016031677248435,-0.3997919884843933,-0.7861994101373933,-0.6088343589096907
2004-07-12 01:00:00,-0.9123827446106128,-0.6368517010716871,-0.5869222879282334,-0.9236576813671666,-0.913428571106758
2004-07-12 02:00:00,-1.33168156416928,-0.9194846299511216,-0.9715790145627936,-1.1052989683493673,-1.9142381254685497
2004-07-12 03:00:00,-1.4015647007623908,-0.9248400343080124,-1.0339557810440738,-0.5984889736669223,-0.5229375056383491
2004-07-12 04:00:00,-1.232390835158963,-0.925042582878811,-0.9923712700565536,-1.0512975046519564,-1.6531573721567778
2004-07-12 05:00:00,-1.1220321543899463,-0.8263739355868719,-0.8364293538533536,-0.95802224917461,-1.457346807172949
2004-07-12 06:00:00,-0.4930839250519458,-0.3748325074303886,-0.2022655612936731,-0.4523721800079434,-0.5653209000243955
2004-07-12 07:00:00,0.8346956702171663,1.2146835178920867,1.0140813850912878,0.4656527028480437,-0.0431593934008519
2004-07-12 08:00:00,1.0443450799965,1.2862848039416783,0.6086324029629672,0.2938298638108269,0.0438675243697386
2004-07-12 09:00:00,-0.2834345152726122,-0.3385688962437674,-0.2958307110155933,-0.2952770128882022,-0.1301863111714425
2004-07-12 10:00:00,-0.4232007884588346,-0.4986616566913499,-0.4725648827125534,-0.3001862368606942,-0.0649161228434995
2004-07-12 11:00:00,-0.3533176518657233,-0.4487573332557555,-0.4101881162312733,-0.3247323567231537,-0.1736997700567378
2004-07-12 12:00:00,-0.0039019689001675,0.1054939387171687,0.0784298878720869,-0.2707308930257427,-0.1301863111714425
2004-07-12 13:00:00,-0.0039019689001675,-0.0529088414308389,-0.1814733057999132,-0.364006148503089,-0.3042401467126237
2004-07-12 14:00:00,-0.3533176518657233,-0.4299483360008982,-0.4101881162312733,-0.5701935553477492,-0.6523478177949861
2004-07-12 15:00:00,-0.5629670616450568,-0.5296244838748241,-0.5141493937000734,-0.6536503628801117,-0.8264016533361672
2004-07-12 16:00:00,-0.3533176518657233,-0.3498754468208475,-0.3166229665093532,-0.4621906279529272,-0.0866728522861472
2004-07-12 17:00:00,0.6949293970309441,0.9405116847070812,0.2759563150628071,-0.089089606043542,0.1961646304682722
2004-07-12 18:00:00,0.8346956702171663,1.0249196810242562,0.4111059757722472,-0.1529095176859368,0.1961646304682722
2004-07-12 19:00:00,0.9045788068102776,1.047045640046116,0.4215021035191272,-0.1381818457684611,0.391975195452101
2004-07-12 20:00:00,0.4852799872516105,0.233252731701377,-0.046323645090473,-0.310004684805678,0.0438675243697386
2004-07-12 21:00:00,-0.4232007884588346,-0.4537382699904579,-0.3997919884843933,-0.5947396752102088,-0.3259968761552713
2004-07-12 22:00:00,-0.5629670616450568,-0.6369633225489942,-0.6389029266626335,-0.7125610505500146,-0.5435641705817479
2004-07-12 23:00:00,-0.3533176518657233,-0.4433554581033491,-0.4413764994719134,-0.5898304512377168,-0.1954564994993854
2004-07-13 00:00:00,-0.4232007884588346,-0.5064344123117118,-0.3893958607375133,-0.5211013156228301,-0.347753605597919
2004-07-13 01:00:00,-0.7726164714243904,-0.7452452665599368,-0.6596951821563936,-0.7371071704124741,-0.7393747355655766
2004-07-13 02:00:00,-1.1220321543899463,-0.9167028148771074,-0.9715790145627936,-0.95802224917461,-1.3050497010744155
2004-07-13 03:00:00,-1.1919152909830577,-0.9240218278186946,-1.0235596532971938,-0.597685801373327,-0.5558320432236374
2004-07-13 04:00:00,-1.0521490177968351,-0.911456925931914,-0.9195983758283937,-0.9531130252021182,-1.2832929716317678
2004-07-13 05:00:00,-0.982265881203724,-0.8267304558673441,-0.8364293538533536,-0.9236576813671666,-1.479103536615597
2004-07-13 06:00:00,-0.5629670616450568,-0.5504733430246546,-0.4205842439781533,-0.6732872587700793,-1.0439689477626437
2004-07-13 07:00:00,1.323877626368945,1.7232022161296945,1.2947768342570478,0.4951080466829951,0.022110794927091
2004-07-13 08:00:00,2.022708992300056,2.6981461371067894,1.689829688638488,0.6914770055826716,0.4137319248947487
2004-07-13 09:00:00,1.0443450799965,1.3491188135628411,0.5566517642285672,0.4067420151781408,0.5442723015506346
2004-07-13 10:00:00,0.4852799872516105,0.6207708183597456,0.3071446983034471,0.1661900405260372,0.6312992193212251
2004-07-13 11:00:00,0.3455137140653883,0.4907157728846163,0.2031834208346471,0.1956453843609887,0.5225155721079869
2004-07-13 12:00:00,0.4153968506584996,0.5910024050811074,0.3279369537972071,0.0729147850486909,0.6748126782065205
2004-07-13 13:00:00,0.1358643042860546,0.2900280484041576,0.0160531213908069,-0.251093997135775,0.0438675243697386
2004-07-13 14:00:00,-0.0737851054932787,-0.1105164203216795,-0.056719772837353,-0.4376445080904676,-0.1084295817287948
2004-07-13 15:00:00,-0.5629670616450568,-0.5296244838748241,-0.5141493937000734,-0.7321979464399822,-0.8264016533361672
2004-07-13 16:00:00,-0.2834345152726122,-0.3030486346492544,-0.2646423277749531,-0.5603751074027654,-0.4347805233685096
2004-07-13 17:00:00,0.4852799872516105,0.5618463990545041,0.3071446983034471,-0.1578187416584288,0.3484617365668057
2004-07-13 18:00:00,1.184111353182722,1.5988379430677626,0.8373472133943273,0.014004097378788,0.95765016096094
2004-07-13 19:00:00,1.952825855706945,2.727600288769252,1.637849049904088,0.3183759836732864,1.3710280203712453
2004-07-13 20:00:00,1.533527036148278,1.777403188113021,0.8685355966349674,0.2741929679208592,1.131703996502121
2004-07-13 21:00:00,0.3455137140653883,0.4314976032108748,0.234371804075287,-0.1725464135759045,0.391975195452101
2004-07-13 22:00:00,0.2057474408791658,0.3176312431000181,0.0784298878720869,-0.305095460833186,0.2179213599109198
2004-07-13 23:00:00,-0.1436682420863899,-0.1121802121532395,-0.0359275173435931,-0.4081891642555161,0.022110794927091
2004-07-14 00:00:00,-0.4930839250519458,-0.4152957965786318,-0.2646423277749531,-0.6389226909626359,-0.4565372528111572
2004-07-14 01:00:00,-0.7027333348312792,-0.6204872965811203,-0.4829610104594334,-0.8156547539723447,-0.8916718416641102
2004-07-14 02:00:00,-0.8424996080175017,-0.6493220818182294,-0.5245455214469534,-0.850019321779788,-0.8699151122214626
2004-07-14 03:00:00,-0.982265881203724,-0.7915245016730418,-0.7532603318783136,-0.521149931442504,-0.362617406369032
2004-07-14 04:00:00,-1.1220321543899463,-0.8601378300310738,-0.8780138648408736,-0.9776591450645776,-1.1092391360905869
2004-07-14 05:00:00,-0.9123827446106128,-0.7539544430479626,-0.6596951821563936,-0.7812901861649013,-0.8046449238935196
2004-07-14 06:00:00,-0.5629670616450568,-0.3178737798834355,-0.1502849225592731,-0.4818275238428948,-0.4565372528111572
2004-07-14 07:00:00,1.813059582520723,2.557749210671833,1.679433560891608,0.9271197562622832,0.6965694076491681
2004-07-14 08:00:00,1.7431764459276111,2.65790599934509,1.980921265551128,0.6276570939402767,0.761839595977111
2004-07-14 09:00:00,1.1142282165896111,1.494975211466222,0.8789317243818475,0.3576497754532217,1.0011636198462353
2004-07-14 10:00:00,0.4852799872516105,0.6366210681373673,0.4526904867597671,0.1809177124435129,0.827109784305054
2004-07-14 11:00:00,-0.213551378679501,-0.0975903968589103,-0.004739134102953,-0.2118202053558398,0.2614348187962151
2004-07-14 12:00:00,-0.1436682420863899,0.0098447714248802,0.1304105266064869,-0.4621906279529272,-0.0866728522861472
2004-07-14 13:00:00,-0.0737851054932787,-0.0056018463002639,0.0576376323783269,-0.3738245964480728,-0.0866728522861472
2004-07-14 14:00:00,-0.0737851054932787,0.183929499237884,0.3175408260503271,-0.1872740854933802,0.3702184660094534
2004-07-14 15:00:00,-0.0039019689001675,0.1208628151508987,0.109618271112727,-0.305095460833186,0.0656242538123863
2004-07-14 16:00:00,-0.0039019689001675,0.1191978329344289,0.0368453768845668,-0.1725464135759045,0.5660290309932822
2004-07-14 17:00:00,0.7648125336240554,1.17727210094825,0.7333859359255273,-0.0056327985111796,0.9358934315182922
2004-07-14 18:00:00,1.323877626368945,1.785524177103522,1.2012116845351275,0.12200702477361,1.3492712909285975
2004-07-14 19:00:00,1.7431764459276111,2.540776519492381,1.4195303672196078,0.3036483117558107,1.7408924208962553
2004-07-14 20:00:00,0.625046260437833,0.9701068511973148,0.4318982312660072,-0.2412755491907912,1.0881905376168255
2004-07-14 21:00:00,0.5551631238447217,0.5717373988377433,0.5566517642285672,-0.2609124450807589,1.0664338081741782
2004-07-14 22:00:00,-0.1436682420863899,-0.0027694627596026,-0.0151352618498331,-0.5112828676778463,0.2831915482388628
2004-07-14 23:00:00,-0.4930839250519458,-0.3516766823254494,-0.2438500722811932,-0.6978333786325388,-0.1954564994993854
2004-07-15 00:00:00,-0.0039019689001675,0.0754427632384282,0.0784298878720869,-0.5701935553477492,0.1308944421403292
2004-07-15 01:00:00,-0.6328501982381681,-0.4468110539283031,-0.2542462000280732,-0.85492854575228,-0.6523478177949861
2004-07-15 02:00:00,-1.0521490177968351,-0.8063694713943739,-0.7948448428658336,-1.021842160817005,-1.2832929716317678
2004-07-15 03:00:00,-1.1919152909830577,-0.8335031050273704,-0.8572216093471137,-0.5690574508345229,-0.445343007839823
2004-07-15 04:00:00,-1.1861290192768286,-0.911163587619729,-0.9195983758283937,-1.0562067286244483,-1.5878871838288349
2004-07-15 05:00:00,-1.1919152909830577,-0.8325889352007122,-0.8572216093471137,-0.9923868169820534,-1.392076618845006
2004-07-15 06:00:00,-0.982265881203724,-0.6358033840225062,-0.5869222879282334,-0.8843838895872314,-1.0004554888773485
2004-07-15 07:00:00,0.1358643042860546,0.4326310327811032,0.4422943590128871,-0.3443692526131213,-0.0431593934008519
2004-07-15 08:00:00,1.323877626368945,1.7919094017594577,1.4403226227133676,0.3331036555907621,0.892379972632997
2004-07-15 09:00:00,0.4852799872516105,0.551822442433652,0.4215021035191272,-0.035088142346131,0.9358934315182922
2004-07-15 10:00:00,-0.3533176518657233,-0.3086163395763969,-0.3062268387624732,-0.3983707163105323,0.1308944421403292
2004-07-15 11:00:00,-0.3533176518657233,-0.3647511376296583,-0.3478113497499933,-0.5211013156228301,0.1308944421403292
2004-07-15 12:00:00,-0.0737851054932787,0.0308548819459477,0.0784298878720869,-0.5014644197328625,0.4354886543373963
2004-07-15 13:00:00,-0.0737851054932787,0.0309496548983784,0.1304105266064869,-0.5456474354852896,0.457245383780044
2004-07-15 14:00:00,-0.2834345152726122,-0.1927593811922169,-0.0775120283311131,-0.5554658834302735,0.457245383780044
2004-07-15 15:00:00,-0.0737851054932787,0.0313777356255409,0.1304105266064869,-0.4916459717878786,0.5442723015506346
2004-07-15 16:00:00,0.0659811676929437,0.3122159074413245,0.3071446983034471,-0.3689153724755809,0.9141367020756446
2004-07-15 17:00:00,0.7648125336240554,1.2446500844741646,0.9309123631162476,0.1023701288836424,1.9149462564374364
2004-07-15 18:00:00,1.0443450799965,1.4962461762775623,0.9517046186100075,-0.0105420224836715,1.5885953147977216
2004-07-15 19:00:00,1.184111353182722,1.6883362083951978,1.1180426625600877,0.0336409932687556,1.4145414792565405
2004-07-15 20:00:00,1.8829427191138337,2.499144547066966,1.2947768342570478,0.5196541665454547,1.8061626092241985
2004-07-15 21:00:00,0.4852799872516105,0.5400266436586619,0.348729209290967,-0.2461847731632831,0.6530559487638729
2004-07-15 22:00:00,0.3455137140653883,0.4831811858142756,0.3903137202784871,-0.4376445080904676,0.391975195452101
2004-07-15 23:00:00,-0.1436682420863899,-0.1153346405960251,-0.056719772837353,-0.6683780347975874,-0.2172132289420331
2004-07-16 00:00:00,-0.2834345152726122,-0.2550276832770353,-0.1190965393186332,-0.6831057067150631,-0.282483417269976
2004-07-16 01:00:00,-0.7726164714243904,-0.6218922712628784,-0.5037532659531934,-0.9334761293121504,-0.9351853005494056
2004-07-16 02:00:00,-0.982265881203724,-0.7939222115855019,-0.7740525873720735,-0.9923868169820534,-1.1309958655332344
2004-07-16 03:00:00,-1.1220321543899463,-0.8598206840206936,-0.8884099925877535,-0.5847720838184288,-0.3750172415956606
2004-07-16 04:00:00,-1.1919152909830577,-0.918060265730545,-0.9611828868159136,-1.021842160817005,-1.4138333482876535
2004-07-16 05:00:00,-1.0521490177968351,-0.8251019177427268,-0.8260332261064736,-0.8942023375322152,-1.0439689477626437
2004-07-16 06:00:00,-0.982265881203724,-0.7508874163279741,-0.6908835653970335,-0.9187484573946748,-1.1092391360905869
2004-07-16 07:00:00,0.2057474408791658,0.4167110081341558,0.4630866145066473,-0.3247323567231537,-0.1736997700567378
2004-07-16 08:00:00,1.6034101727413894,2.1987785686469725,1.585868411169688,0.3821958953156812,0.95765016096094
2004-07-16 09:00:00,0.6949293970309441,0.9596453823380922,0.3591253370378472,0.1514623686085615,1.0229203492888828
2004-07-16 10:00:00,-0.0737851054932787,-0.1806770659262554,-0.2126616890405531,-0.2069109813833479,0.6095424898785775
2004-07-16 11:00:00,-0.0039019689001675,0.1005111706210667,0.0680337601252069,-0.1578187416584288,0.6965694076491681
2004-07-16 12:00:00,-0.0039019689001675,-0.0172966454940646,-0.046323645090473,-0.4032799402830243,0.326705007124158
2004-07-16 13:00:00,-0.0039019689001675,0.1084263145902496,0.0576376323783269,-0.5800120032927331,0.2179213599109198
2004-07-16 14:00:00,0.0659811676929437,0.2204901572435245,0.1927872930877669,-0.3787338204205647,0.8706232431903492
2004-07-16 15:00:00,-0.3533176518657233,-0.2831234226213251,-0.2542462000280732,-0.6094673471276845,0.2179213599109198
2004-07-16 16:00:00,0.2057474408791658,0.3628565297276385,0.171995037594007,-0.2314571012458074,1.3710280203712453
2004-07-16 17:00:00,0.8346956702171663,1.1501749114071065,0.7125936804317673,-0.0105420224836715,1.6756222325683123
2004-07-16 18:00:00,1.323877626368945,1.8000490706362344,1.2843807065101676,0.2398284001134158,2.0890000919786176
2004-07-16 19:00:00,1.3937607629620554,1.81137677343748,1.0660620238256877,0.1367346966910857,1.6756222325683123
2004-07-16 20:00:00,1.463643899555167,1.832680634327048,1.0660620238256877,0.176008488471021,1.3057578320433023
2004-07-16 21:00:00,0.5551631238447217,0.5749997860350368,0.5358595087348073,-0.2069109813833479,0.8488665137477016
2004-07-16 22:00:00,0.1358643042860546,0.2592859002693384,0.099222143365847,-0.4621906279529272,0.3049482776815104
2004-07-16 23:00:00,0.0659811676929437,0.1832418230323245,0.234371804075287,-0.472009075897911,0.1961646304682722
2004-07-17 00:00:00,-0.0039019689001675,0.0325072277687601,0.151202782100247,-0.5603751074027654,-0.0431593934008519
2004-07-17 01:00:00,-0.3533176518657233,-0.3469859248045178,-0.2022655612936731,-0.7125610505500146,-0.3695103350405666
2004-07-17 02:00:00,-0.6328501982381681,-0.5203192450352552,-0.3166229665093532,-0.8205639779448366,-0.717618006122929
2004-07-17 03:00:00,-0.6328501982381681,-0.6271538641320734,-0.4829610104594334,-0.5765542873908431,-0.3547665455257634
2004-07-17 04:00:00,-0.8424996080175017,-0.768181145160781,-0.7012796931439136,-0.8942023375322152,-0.7393747355655766
2004-07-17 05:00:00,-1.0521490177968351,-0.8196126866515583,-0.8052409706127136,-0.9432945772571344,-1.1309958655332344
2004-07-17 06:00:00,-0.982265881203724,-0.7529603800802456,-0.6596951821563936,-0.9187484573946748,-1.022212218319996
2004-07-17 07:00:00,-0.5629670616450568,-0.462303272552298,-0.3270190942562334,-0.7616532902749337,-0.7611314650082243
2004-07-17 08:00:00,-0.0737851054932787,-0.1601126172017868,-0.0671159005842332,-0.310004684805678,0.022110794927091
2004-07-17 09:00:00,-0.1436682420863899,-0.1141168768333439,-0.108700411571753,-0.4425537320629595,0.1308944421403292
2004-07-17 10:00:00,0.0659811676929437,0.107430420261133,0.161598909847127,-0.3492784765856133,0.6095424898785775
2004-07-17 11:00:00,-0.1436682420863899,-0.0938862852920271,-0.0359275173435931,-0.5800120032927331,0.1526511715829769
2004-07-17 12:00:00,-0.4232007884588346,-0.3783641047534271,-0.3166229665093532,-0.7861994101373933,-0.347753605597919
2004-07-17 13:00:00,-0.4930839250519458,-0.3981436319820161,-0.3270190942562334,-0.796017858082377,-0.4130237939258619
2004-07-17 14:00:00,-0.7726164714243904,-0.6949613019062001,-0.6389029266626335,-0.9482038012296262,-1.087482406647939
2004-07-17 15:00:00,-0.7726164714243904,-0.739057187958671,-0.7012796931439136,-0.904020785477199,-0.9569420299920532
2004-07-17 16:00:00,-0.4930839250519458,-0.4900983939228394,-0.4309803717250333,-0.8254732019173285,-0.5000507116964525
2004-07-17 17:00:00,-0.3533176518657233,-0.3069188506950837,-0.2022655612936731,-0.742016394384966,-0.0866728522861472
2004-07-17 18:00:00,-0.3533176518657233,-0.3741719353735436,-0.3478113497499933,-0.8303824258898204,-0.347753605597919
2004-07-17 19:00:00,-0.0039019689001675,-0.0400448095514471,-0.0671159005842332,-0.7027426026050307,0.0438675243697386
2004-07-17 20:00:00,-0.0737851054932787,-0.1393113734483465,-0.1814733057999132,-0.6438319149351278,0.2179213599109198
2004-07-17 21:00:00,-0.1436682420863899,-0.2321049904782684,-0.2750384555218333,-0.7371071704124741,-0.0866728522861472
2004-07-17 22:00:00,0.1358643042860546,0.2287003335341871,0.0264492491376868,-0.6781964827425712,0.0438675243697386
2004-07-17 23:00:00,0.2057474408791658,0.2607731488619745,0.047241504631447,-0.5554658834302735,0.2179213599109198
2004-07-18 00:00:00,0.0659811676929437,-0.0678831510510196,-0.0879081560779931,-0.5211013156228301,0.0873809832550339
2004-07-18 01:00:00,-0.6328501982381681,-0.6473670119560587,-0.6077145434219935,-0.8892931135597233,-0.8699151122214626
2004-07-18 02:00:00,-0.7027333348312792,-0.6494229440473137,-0.6077145434219935,-0.9432945772571344,-1.0004554888773485
2004-07-18 03:00:00,-0.9123827446106128,-0.7948106050004604,-0.7844487151189536,-0.6104190261431649,-0.472175898042096
2004-07-18 04:00:00,-1.1301483574388715,-0.853196146213862,-0.8780138648408736,-1.0022052649270372,-1.1962660538611771
2004-07-18 05:00:00,-1.0521490177968351,-0.8252649089072935,-0.8260332261064736,-1.0071144888995291,-1.3050497010744155
2004-07-18 06:00:00,-0.982265881203724,-0.788635483281097,-0.7532603318783136,-0.9236576813671666,-1.0439689477626437
2004-07-18 07:00:00,-1.1919152909830577,-0.7892594738939845,-0.7532603318783136,-0.9776591450645776,-1.2397795127464726
2004-07-18 08:00:00,-1.0521490177968351,-0.7501361460978127,-0.6908835653970335,-0.7567440663024417,-0.5435641705817479
2004-07-18 09:00:00,-0.8424996080175017,-0.6146580274620763,-0.4413764994719134,-0.7125610505500146,-0.1736997700567378
2004-07-18 10:00:00,-0.8424996080175017,-0.5778100288528345,-0.4101881162312733,-0.7665625142474256,-0.282483417269976
2004-07-18 11:00:00,-0.9123827446106128,-0.5612162921309997,-0.4205842439781533,-0.8107455299998527,-0.4130237939258619
2004-07-18 12:00:00,-1.1919152909830577,-0.7680183829163892,-0.7428642041314335,-0.95802224917461,-1.0439689477626437
2004-07-18 13:00:00,-1.2617984275761684,-0.7666922025588502,-0.7532603318783136,-0.9776591450645776,-1.152752594975882
2004-07-18 14:00:00,-1.4015647007623908,-0.7854388877420851,-0.7844487151189536,-1.0365698327344806,-1.522616995500892
2004-07-18 15:00:00,-1.1220321543899463,-0.5936945250886293,-0.5765261601813535,-0.9432945772571344,-1.087482406647939
2004-07-18 16:00:00,-1.1919152909830577,-0.6096106580926025,-0.5973184156751135,-0.9089300094496908,-0.8699151122214626
2004-07-18 17:00:00,-1.2617984275761684,-0.7139058656886645,-0.6804874376501535,-0.9825683690370696,-1.2397795127464726
2004-07-18 18:00:00,-1.1919152909830577,-0.691892626960952,-0.6285067989157536,-0.9776591450645776,-1.2180227833038249
2004-07-18 19:00:00,-1.0521490177968351,-0.5928634532854791,-0.5453377769407135,-0.9285669053396586,-1.1309958655332344
2004-07-18 20:00:00,-0.9123827446106128,-0.5583309364618542,-0.4101881162312733,-0.8352916498623123,-0.8046449238935196
2004-07-18 21:00:00,-0.6328501982381681,-0.3976550247605959,-0.2438500722811932,-0.6683780347975874,-0.2389699583846807
2004-07-18 22:00:00,-0.3533176518657233,-0.1475677916143497,0.0368453768845668,-0.5652843313752572,-0.1736997700567378
2004-07-18 23:00:00,-0.6328501982381681,-0.3185950615706782,-0.0359275173435931,-0.6487411389076198,-0.1954564994993854
2004-07-19 00:00:00,-1.1220321543899463,-0.6521630269734339,-0.5557339046875934,-0.8451100978072961,-0.717618006122929
2004-07-19 01:00:00,-1.2617984275761684,-0.7799006677334765,-0.7324680763845536,-0.95802224917461,-1.1962660538611771
2004-07-19 02:00:00,-1.4015647007623908,-0.8587408217714042,-0.8884099925877535,-1.0071144888995291,-1.2832929716317678
2004-07-19 03:00:00,-1.1115450703487617,-0.9133749565097772,-0.9403906313221536,-0.5972997588052387,-0.4791446844510214
2004-07-19 04:00:00,-1.4015647007623908,-0.8526569018497422,-0.8780138648408736,-1.0071144888995291,-1.3050497010744155
2004-07-19 05:00:00,-1.2617984275761684,-0.788635483281097,-0.7532603318783136,-0.800927082054869,-0.7611314650082243
2004-07-19 06:00:00,-0.9123827446106128,-0.5426170315404346,-0.3166229665093532,-0.6241950190451602,-0.4565372528111572
2004-07-19 07:00:00,0.1358643042860546,0.4510200988670263,0.5462556364816874,0.0581871131312152,0.0438675243697386
2004-07-19 08:00:00,0.9045788068102776,1.313226510899994,1.481907133700888,0.3674682233982055,0.6965694076491681
2004-07-19 09:00:00,0.2756305774722771,0.5350021205226484,0.6606130416973672,0.12200702477361,0.761839595977111
2004-07-19 10:00:00,0.2057474408791658,0.5734986190957635,0.5046711254941671,0.2152822802509563,1.196974184830064
2004-07-19 11:00:00,-0.0039019689001675,0.3143018280754984,0.3903137202784871,-0.0596342622085906,1.0664338081741782
2004-07-19 12:00:00,0.1503029066319865,0.4886622673472158,0.3071446983034471,-0.305095460833186,1.0664338081741782
2004-07-19 13:00:00,-0.1796514668333755,-0.1640063662416012,-0.056719772837353,-0.5800120032927331,0.457245383780044
2004-07-19 14:00:00,-0.3751539494026756,-0.2151725892496078,-0.1294926670655132,-0.6978333786325388,0.2831915482388628
2004-07-19 15:00:00,-0.2808360473662202,-0.1816083131979651,-0.046323645090473,-0.6045581231551925,0.4137319248947487
2004-07-19 16:00:00,-0.2994076360702885,-0.1804447577327128,-0.0359275173435931,-0.6389226909626359,0.3484617365668057
2004-07-19 17:00:00,0.3782875292926424,0.5721430453877604,0.5670478919754474,-0.472009075897911,0.8488665137477016
2004-07-19 18:00:00,1.0248176412483694,1.381584639046988,0.9724968741037674,-0.0939988300160339,1.958459715322732
2004-07-19 19:00:00,0.9231240537806628,1.1753901939739946,0.8477433411412074,-0.2216386533008236,1.3927847498138928
2004-07-19 20:00:00,0.4248135955835138,0.5491832675206512,0.3383330815440871,-0.5407382115127978,0.457245383780044
2004-07-19 21:00:00,0.3067433139637536,0.4874854345118163,0.3071446983034471,-0.5456474354852896,0.5442723015506346
2004-07-19 22:00:00,0.2453622426652132,0.4346186093081172,0.4734827422535272,-0.5211013156228301,0.5225155721079869
2004-07-19 23:00:00,-0.4007742428146999,-0.2381412492195052,-0.108700411571753,-0.7911086341098851,-0.3042401467126237
2004-07-20 00:00:00,-0.5557955121537707,-0.4283803243705386,-0.2646423277749531,-0.8156547539723447,-0.347753605597919
2004-07-20 01:00:00,-0.7273640054641525,-0.6353851010788317,-0.4725648827125534,-0.8892931135597233,-0.6741045472376337
2004-07-20 02:00:00,-0.8307151977577866,-0.6635508899966573,-0.5245455214469534,-0.8942023375322152,-0.6741045472376337
2004-07-20 03:00:00,-0.9912000025811548,-0.7930921012470865,-0.7740525873720735,-0.6951480475020778,-0.6696953370006262
2004-07-20 04:00:00,-1.0265655711552346,-0.7916800300399051,-0.7532603318783136,-0.85492854575228,-0.4565372528111572
2004-07-20 05:00:00,-0.9982120937788208,-0.7608410028870456,-0.6908835653970335,-0.9138392334221828,-0.8916718416641102
2004-07-20 06:00:00,-0.3811085807758455,-0.2965743142612271,-0.1502849225592731,-0.5701935553477492,-0.4130237939258619
2004-07-20 07:00:00,1.396128286674532,1.850086259341372,1.398738111725848,0.3723774473706974,0.5442723015506346
2004-07-20 08:00:00,2.912324488136521,3.1743099903610674,2.698254080085848,0.7700245891425421,1.2187309142727116
2004-07-20 09:00:00,1.7116725988374786,2.3205172188702607,1.5442839001821678,0.5834740781878496,1.7191356914536076
2004-07-20 10:00:00,1.1163610806074689,1.517481361114644,1.0660620238256877,0.342922103535746,1.8061626092241985
2004-07-20 11:00:00,0.3979326977625972,0.5416373260096329,0.4942749977472873,-0.2658216690532508,1.1752174553874164
2004-07-20 12:00:00,0.058163487630988,0.1744202467383968,0.171995037594007,-0.5407382115127978,0.6312992193212251
2004-07-20 13:00:00,-0.0212439268088266,0.1043210433087783,0.213579548581527,-0.5554658834302735,0.4354886543373963
2004-07-20 14:00:00,-0.0321993222222416,0.1179484781876041,0.244767931822167,-0.5063736437053543,0.4137319248947487
2004-07-20 15:00:00,0.0071413322608197,0.2732703590530213,0.2759563150628071,-0.3934614923380404,0.4790021132226916
2004-07-20 16:00:00,-0.3529034318523811,-0.1869819853848172,-0.0983042838248731,-0.6487411389076198,-0.1954564994993854
2004-07-20 17:00:00,0.4457968441496641,0.5855995226799312,0.6398207862036073,-0.3689153724755809,0.761839595977111
2004-07-20 18:00:00,0.1944005683154556,0.3244184515831715,0.161598909847127,-0.4670998519254191,0.5007588426653393
2004-07-20 19:00:00,0.3186745698084246,0.4601578597065994,0.3695214647847272,-0.6978333786325388,0.0003540654844433
2004-07-20 20:00:00,0.5438149183659612,0.5763115902055888,0.4318982312660072,-0.5456474354852896,0.3484617365668057
2004-07-20 21:00:00,-0.1326467174250381,-0.073529512950276,-0.0151352618498331,-0.7027426026050307,-0.1736997700567378
2004-07-20 22:00:00,0.1968924530021321,0.4026485333548488,0.3071446983034471,-0.6585595868526035,-0.1301863111714425
2004-07-20 23:00:00,0.2994859247432233,0.4300914839282421,0.296748570556567,-0.526010539595322,0.0438675243697386
2004-07-21 00:00:00,-0.359878243082232,-0.2982212575679106,-0.1398887948123932,-0.7174702745225064,-0.4565372528111572
2004-07-21 01:00:00,-0.6307404936193105,-0.5875659199488164,-0.3893958607375133,-0.9089300094496908,-0.9351853005494056
2004-07-21 02:00:00,-0.8644177881921422,-0.6656414348183652,-0.5765261601813535,-0.9482038012296262,-1.022212218319996
2004-07-21 03:00:00,-1.0625776868359371,-0.8299392757436985,-0.8572216093471137,-0.6808840985918304,-0.4812678711446013
2004-07-21 04:00:00,-1.1495766981183662,-0.8567365798556537,-0.8988061203346337,-1.0758436245144158,-1.6531573721567778
2004-07-21 05:00:00,-0.9343096887017096,-0.7473211147064127,-0.6181106711688734,-0.800927082054869,-0.8046449238935196
2004-07-21 06:00:00,-0.6966543924682237,-0.6184369043580993,-0.4205842439781533,-0.7567440663024417,-0.7393747355655766
2004-07-21 07:00:00,0.3731819648065615,0.405462053873094,0.7333859359255273,-0.3836430443930566,-0.1736997700567378
2004-07-21 08:00:00,1.6929114862746852,2.469994401396842,1.7002258163853678,0.2349191761409239,0.6530559487638729
2004-07-21 09:00:00,0.4660999728113604,0.4502619152475812,0.5774440197223271,-0.1283633978234773,0.8706232431903492
2004-07-21 10:00:00,1.1659505189128652,1.536909175386435,1.1180426625600877,0.2005546083334806,1.8279193386668453
2004-07-21 11:00:00,0.40876446530509,0.5548190990918598,0.5878401474692073,-0.1529095176859368,1.131703996502121
2004-07-21 12:00:00,-0.0683618073820646,0.0218085060402159,0.109618271112727,-0.4818275238428948,0.6095424898785775
2004-07-21 13:00:00,-0.2591306920715291,-0.0887792593249604,0.0160531213908069,-0.6291042430176521,0.2831915482388628
2004-07-21 14:00:00,-0.6250539447856472,-0.5264713373850183,-0.3997919884843933,-0.8402008738348042,-0.5218074411391002
2004-07-21 15:00:00,-0.3673997160971179,-0.2343607698822576,-0.108700411571753,-0.688014930687555,-0.0649161228434995
2004-07-21 16:00:00,-0.38060940408948,-0.2354929174995063,-0.1190965393186332,-0.692924154660047,-0.0866728522861472
2004-07-21 17:00:00,-0.2251858443267679,-0.0966388214756647,0.0160531213908069,-0.742016394384966,-0.2389699583846807
2004-07-21 18:00:00,1.3937607629620554,1.5062027387989083,0.5878401474692073,-0.5603751074027654,0.6530559487638729
2004-07-21 19:00:00,1.184111353182722,1.511077822844712,1.0556658960788077,-0.3590969245305971,1.153460725944769
2004-07-21 20:00:00,0.9045788068102776,1.1238565998692231,0.7541781914192875,-0.364006148503089,0.7400828665344634
2004-07-21 21:00:00,0.5551631238447217,0.5754468213526854,0.4111059757722472,-0.5701935553477492,0.2179213599109198
2004-07-21 22:00:00,0.6949293970309441,0.8584417874888084,0.5878401474692073,-0.5112828676778463,0.2179213599109198
2004-07-21 23:00:00,0.9744619434033888,0.826530681372608,0.3175408260503271,-0.5751027793202411,-0.0866728522861472
2004-07-22 00:00:00,0.2057474408791658,0.3552384325774749,0.234371804075287,-0.6192857950726682,-0.3259968761552713
2004-07-22 01:00:00,-0.3533176518657233,-0.2848464589941631,-0.1814733057999132,-0.8647469936972637,-0.8699151122214626
2004-07-22 02:00:00,-0.5629670616450568,-0.5975777895844309,-0.5141493937000734,-0.9236576813671666,-0.9351853005494056
2004-07-22 03:00:00,-0.8424996080175017,-0.7539887810742055,-0.6804874376501535,-0.7459471219869032,-0.7563144156885707
2004-07-22 04:00:00,-0.7726164714243904,-0.741622421655162,-0.6181106711688734,-0.8156547539723447,-0.8699151122214626
2004-07-22 05:00:00,-0.9123827446106128,-0.788635483281097,-0.7532603318783136,-0.9334761293121504,-1.3050497010744155
2004-07-22 06:00:00,-0.7027333348312792,-0.6329782801434084,-0.5245455214469534,-0.8843838895872314,-1.087482406647939
2004-07-22 07:00:00,1.6034101727413894,2.171787964339287,1.6170567944103278,0.3331036555907621,0.3702184660094534
2004-07-22 08:00:00,2.6932132475805943,3.1303433984234097,2.5215199083888886,0.5540187343528981,0.8488665137477016
2004-07-22 09:00:00,0.6718898937394563,0.9175447645305136,0.6398207862036073,0.068005561076199,1.0446770787315305
2004-07-22 10:00:00,0.8346956702171663,1.135174047046631,0.8893278521287273,0.1367346966910857,1.7408924208962553
2004-07-22 11:00:00,-0.0039019689001675,0.1215117580628562,0.1304105266064869,-0.3885522683655485,0.3702184660094534
2004-07-22 12:00:00,-0.0039019689001675,0.2646063714075314,0.2759563150628071,-0.4621906279529272,0.4354886543373963
2004-07-22 13:00:00,-0.0737851054932787,0.0256325717787747,0.0888260156189668,-0.5947396752102088,0.326705007124158
2004-07-22 14:00:00,-0.4232007884588346,-0.2107830906789146,-0.0255313895967131,-0.6389226909626359,0.0656242538123863
2004-07-22 15:00:00,-0.0039019689001675,0.2743917016380122,0.3071446983034471,-0.4180076122005,0.7183261370918157
2004-07-22 16:00:00,0.1358643042860546,0.4772759609811821,0.3903137202784871,-0.3541877005581051,1.0229203492888828
2004-07-22 17:00:00,0.4852799872516105,0.6316868311183553,0.7541781914192875,-0.2903677889157103,1.3057578320433023
2004-07-22 18:00:00,1.0443450799965,1.461770248521186,1.1076465348132076,-0.0645434861810825,1.6756222325683123
2004-07-22 19:00:00,1.323877626368945,1.719465140057618,1.2116078122820078,0.1121885768286262,1.5450818559124264
2004-07-22 20:00:00,1.1142282165896111,1.4689096278014873,1.0140813850912878,-0.0498158142636067,1.0446770787315305
2004-07-22 21:00:00,0.2756305774722771,0.4373656514075559,0.3799175925316071,-0.4965551957603705,0.0438675243697386
2004-07-22 22:00:00,0.1358643042860546,0.3499033105480849,0.234371804075287,-0.5996488991827007,-0.2172132289420331
2004-07-22 23:00:00,0.2756305774722771,0.3234161474891563,0.3383330815440871,-0.4670998519254191,-0.1084295817287948
2004-07-23 00:00:00,0.4153968506584996,0.3450776732600707,0.5150672532410473,-0.3983707163105323,-0.0649161228434995
2004-07-23 01:00:00,-0.5629670616450568,-0.4239550226844827,-0.2646423277749531,-0.8156547539723447,-0.8264016533361672
2004-07-23 02:00:00,-0.9123827446106128,-0.6658273180004273,-0.5557339046875934,-0.962931473147102,-1.1092391360905869
2004-07-23 03:00:00,-0.8424996080175017,-0.6739254149734327,-0.6077145434219935,-0.7164686687831237,-0.6776028006632608
2004-07-23 04:00:00,-1.1220321543899463,-0.7934207848342844,-0.7740525873720735,-1.0022052649270372,-1.1962660538611771
2004-07-23 05:00:00,-0.9123827446106128,-0.6579195910449128,-0.5765261601813535,-0.8058363060273609,-0.8699151122214626
2004-07-23 06:00:00,-0.7726164714243904,-0.5526424990344414,-0.3270190942562334,-0.800927082054869,-1.1092391360905869
2004-07-23 07:00:00,0.5551631238447217,0.4661907304292469,0.9101201076224876,-0.1921833094658721,-0.3259968761552713
2004-07-23 08:00:00,1.184111353182722,1.7254593690547333,1.4715110059540075,0.1170978008011181,0.2179213599109198
2004-07-23 09:00:00,0.9744619434033888,1.4431390764582324,1.0660620238256877,-0.0105420224836715,0.5007588426653393
2004-07-23 10:00:00,0.2057474408791658,0.3723156944928459,0.4318982312660072,-0.256003221108267,0.5007588426653393
2004-07-23 11:00:00,-0.213551378679501,-0.1458780860189849,-0.0151352618498331,-0.5211013156228301,0.2179213599109198
2004-07-23 12:00:00,-0.0039019689001675,0.280202245086745,0.4215021035191272,-0.4818275238428948,0.4790021132226916
2004-07-23 13:00:00,-0.0039019689001675,0.276521758081917,0.3383330815440871,-0.4670998519254191,0.5442723015506346
2004-07-23 14:00:00,-0.4232007884588346,-0.1359940454090643,0.1200143988596069,-0.6831057067150631,0.2396780893535675
2004-07-23 15:00:00,-0.4232007884588346,-0.1385865206063746,0.099222143365847,-0.6438319149351278,0.2831915482388628
2004-07-23 16:00:00,-0.213551378679501,0.0027070403698384,0.1927872930877669,-0.5309197635678139,0.4137319248947487
2004-07-23 17:00:00,-0.0039019689001675,0.2859717660401263,0.348729209290967,-0.5161920916503382,0.4137319248947487
2004-07-23 18:00:00,0.625046260437833,1.0087472947764404,0.8893278521287273,-0.2461847731632831,1.0011636198462353
2004-07-23 19:00:00,0.4852799872516105,0.5034992248624246,0.8061588301536876,-0.4081891642555161,0.457245383780044
2004-07-23 20:00:00,0.2756305774722771,0.4452785977430593,0.3591253370378472,-0.4130983882280081,0.1091377126976816
2004-07-23 21:00:00,-0.4930839250519458,-0.3568985346522726,-0.2854345832687133,-0.7027426026050307,-0.6741045472376337
2004-07-23 22:00:00,-0.2834345152726122,-0.1838122650743448,-0.0359275173435931,-0.6291042430176521,-0.5218074411391002
2004-07-23 23:00:00,-0.213551378679501,-0.0427729886284697,0.171995037594007,-0.5996488991827007,-0.4130237939258619
2004-07-24 00:00:00,0.2057474408791658,0.3339838353095573,0.4007098480253671,-0.4180076122005,-0.2389699583846807
2004-07-24 01:00:00,-0.1436682420863899,-0.0277679121367753,0.0784298878720869,-0.6241950190451602,-0.5870776294670431
2004-07-24 02:00:00,-0.4930839250519458,-0.3059447495666227,-0.1502849225592731,-0.7812901861649013,-0.782888194450872
2004-07-24 03:00:00,-0.9123827446106128,-0.6531975630280825,-0.5557339046875934,-0.7687986546803913,-0.7318955278383212
2004-07-24 04:00:00,-0.982265881203724,-0.6614779720284208,-0.5245455214469534,-0.9383853532846425,-1.0004554888773485
2004-07-24 05:00:00,-0.9123827446106128,-0.6649811832497651,-0.6077145434219935,-0.8696562176697556,-1.0657256772052914
2004-07-24 06:00:00,-0.982265881203724,-0.6462366499161747,-0.5765261601813535,-0.8942023375322152,-1.0439689477626437
2004-07-24 07:00:00,-0.7726164714243904,-0.543912124538215,-0.3374152220031133,-0.8303824258898204,-0.9786987594347007
2004-07-24 08:00:00,-0.2834345152726122,-0.2250139591389172,-0.1398887948123932,-0.634013466990144,-0.6741045472376337
2004-07-24 09:00:00,-0.1436682420863899,-0.1225507539189708,-0.1502849225592731,-0.6241950190451602,-0.4347805233685096
2004-07-24 10:00:00,0.1358643042860546,0.2837397027662623,0.1823911653408869,-0.4327352841179757,0.1308944421403292
2004-07-24 11:00:00,-0.2834345152726122,-0.2689113256156688,-0.2230578167874333,-0.742016394384966,-0.4565372528111572
2004-07-24 12:00:00,-0.5629670616450568,-0.4907259099064212,-0.4829610104594334,-0.85492854575228,-0.913428571106758
2004-07-24 13:00:00,-0.6328501982381681,-0.5405373833190544,-0.5037532659531934,-0.9383853532846425,-1.2397795127464726
2004-07-24 14:00:00,-0.9123827446106128,-0.802556348040178,-0.8260332261064736,-1.0022052649270372,-1.6531573721567778
2004-07-24 15:00:00,-0.8424996080175017,-0.7812036813693104,-0.7844487151189536,-0.9874775930095616,-1.5661304543861874
2004-07-24 16:00:00,-0.7027333348312792,-0.6704530164076372,-0.6389029266626335,-0.9285669053396586,-1.2397795127464726
2004-07-24 17:00:00,-0.6328501982381681,-0.5636651428105444,-0.5557339046875934,-0.904020785477199,-1.0439689477626437
2004-07-24 18:00:00,-0.5629670616450568,-0.511391999188569,-0.5557339046875934,-0.8254732019173285,-0.6088343589096907
2004-07-24 19:00:00,-0.4930839250519458,-0.5353573776002127,-0.5973184156751135,-0.796017858082377,-0.4782939822538049
2004-07-24 20:00:00,-0.6328501982381681,-0.7333985101540021,-0.7220719486376735,-0.8794746656147395,-0.8699151122214626
2004-07-24 21:00:00,-0.8424996080175017,-0.7812036813693104,-0.7948448428658336,-0.9531130252021182,-1.2397795127464726
2004-07-24 22:00:00,-0.7027333348312792,-0.6778927847415123,-0.6596951821563936,-0.9383853532846425,-1.152752594975882
2004-07-24 23:00:00,-0.4232007884588346,-0.4279972035657369,-0.4413764994719134,-0.8205639779448366,-0.8046449238935196
2004-07-25 00:00:00,-0.2834345152726122,-0.4318205367597357,-0.3582074774968732,-0.7272887224674903,-0.5870776294670431
2004-07-25 01:00:00,-0.8424996080175017,-0.8031069010609405,-0.7948448428658336,-0.9482038012296262,-1.2615362421891203
2004-07-25 02:00:00,-0.982265881203724,-0.81877236647334,-0.8052409706127136,-0.9531130252021182,-1.2615362421891203
2004-07-25 03:00:00,-1.1919152909830577,-0.9123633582566588,-0.9611828868159136,-0.6315623757181117,-0.5211109442767546
2004-07-25 04:00:00,-1.149599503461806,-0.9147689430231376,-0.9715790145627936,-1.0954805204043836,-1.827211207697959
2004-07-25 05:00:00,-1.2617984275761684,-0.9224164564157824,-1.0443519087909536,-1.120026640266843,-2.023021772681788
2004-07-25 06:00:00,-1.1919152909830577,-0.9211846140623418,-1.0027673978034335,-1.0758436245144158,-1.7836977488126635
2004-07-25 07:00:00,-1.1919152909830577,-0.9207878496151128,-1.0235596532971938,-1.070934400541924,-1.761941019370016
2004-07-25 08:00:00,-1.1220321543899463,-0.9154687977820044,-1.0131635255503135,-1.021842160817005,-1.5878871838288349
2004-07-25 09:00:00,-1.1220321543899463,-0.9077756148144562,-1.0027673978034335,-1.0512975046519564,-1.7184275604847208
2004-07-25 10:00:00,-0.982265881203724,-0.8640320826952732,-0.8988061203346337,-0.9972960409545452,-1.392076618845006
2004-07-25 11:00:00,-0.8424996080175017,-0.7965639504044623,-0.8052409706127136,-0.9334761293121504,-0.9569420299920532
2004-07-25 12:00:00,-0.9123827446106128,-0.814592100942554,-0.8676177370939936,-0.967840697119594,-1.2180227833038249
2004-07-25 13:00:00,-0.9123827446106128,-0.8307366504970956,-0.8780138648408736,-0.9874775930095616,-1.3050497010744155
2004-07-25 14:00:00,-0.982265881203724,-0.8837468712983854,-0.9195983758283937,-1.012023712872021,-1.4355900777303017
2004-07-25 15:00:00,-0.9123827446106128,-0.804631234721919,-0.8572216093471137,-0.95802224917461,-1.2615362421891203
2004-07-25 16:00:00,-0.982265881203724,-0.8830594240130009,-0.9403906313221536,-1.0316606087619886,-1.5878871838288349
2004-07-25 17:00:00,-0.9123827446106128,-0.8120345131799065,-0.8676177370939936,-0.9825683690370696,-1.2832929716317678
2004-07-25 18:00:00,-0.6328501982381681,-0.7314172518238169,-0.7636564596251936,-0.8156547539723447,-0.6958612766802814
2004-07-25 19:00:00,-0.3533176518657233,-0.4515671910512014,-0.5245455214469534,-0.7321979464399822,-0.4347805233685096
2004-07-25 20:00:00,-0.3533176518657233,-0.4564209397366998,-0.4933571382063134,-0.6634688108250955,0.0003540654844433
2004-07-25 21:00:00,-0.4232007884588346,-0.4344695094562246,-0.4205842439781533,-0.7911086341098851,-0.5218074411391002
2004-07-25 22:00:00,-0.4232007884588346,-0.4556829010926506,-0.4725648827125534,-0.7567440663024417,-0.4782939822538049
2004-07-25 23:00:00,-0.4232007884588346,-0.4731680987597882,-0.5245455214469534,-0.7665625142474256,-0.4130237939258619
2004-07-26 00:00:00,-0.4232007884588346,-0.5546551194285951,-0.5661300324344735,-0.7714717382199174,-0.3695103350405666
2004-07-26 01:00:00,-0.6328501982381681,-0.7264337511831551,-0.6804874376501535,-0.9236576813671666,-0.913428571106758
2004-07-26 02:00:00,-0.9123827446106128,-0.8504900808257398,-0.8780138648408736,-1.021842160817005,-1.3485631599597108
2004-07-26 03:00:00,-1.190158213206136,-0.9095170105853254,-0.9507867590690338,-0.6040732384082758,-0.432712445578242
2004-07-26 04:00:00,-1.2530273591976344,-0.9202887120656448,-0.9923712700565536,-1.100389744376875,-1.9142381254685497
2004-07-26 05:00:00,-1.1334172899463213,-0.905466680145843,-0.9195983758283937,-0.9187484573946748,-1.1092391360905869
2004-07-26 06:00:00,-0.631076638133577,-0.5971130358452409,-0.4725648827125534,-0.5800120032927331,-0.1736997700567378
2004-07-26 07:00:00,-0.2808400461113713,-0.1816304726709006,-0.0151352618498331,-0.2854585649432184,0.1308944421403292
2004-07-26 08:00:00,-0.3041093272961057,-0.2339337879719348,-0.1710771780530332,-0.3443692526131213,-0.0214026639582042
2004-07-26 09:00:00,-0.4648009838738538,-0.489434250711265,-0.4309803717250333,-0.6241950190451602,-0.2607266878273284
2004-07-26 10:00:00,-0.452932958186885,-0.4977502796908261,-0.4725648827125534,-0.6241950190451602,-0.282483417269976
2004-07-26 11:00:00,-0.4262197577407437,-0.4002411817610775,-0.3374152220031133,-0.692924154660047,-0.282483417269976
2004-07-26 12:00:00,-0.4253496974416113,-0.3722816041368498,-0.3166229665093532,-0.7272887224674903,-0.4347805233685096
2004-07-26 13:00:00,-0.4300921258836556,-0.344033403956041,-0.2854345832687133,-0.742016394384966,-0.3912670644832143
2004-07-26 14:00:00,-0.7476598864002624,-0.6880417317778887,-0.6285067989157536,-0.8402008738348042,-0.7393747355655766
2004-07-26 15:00:00,-0.433672668937726,-0.4004963819721154,-0.3374152220031133,-0.7567440663024417,-0.282483417269976
2004-07-26 16:00:00,-0.4023065952794875,-0.36528131675485,-0.3270190942562334,-0.746925618357458,-0.1954564994993854
2004-07-26 17:00:00,-0.0669097630490621,0.0386808386149688,0.0680337601252069,-0.5603751074027654,0.1744079010256245
2004-07-26 18:00:00,0.6160879049986425,0.5996685903602769,0.6502169139504874,-0.4621906279529272,0.4137319248947487
2004-07-26 19:00:00,0.400457905325533,0.5282515392674876,0.3279369537972071,-0.5309197635678139,0.457245383780044
2004-07-26 20:00:00,0.0658665703214875,0.1408860965817779,0.047241504631447,-0.5701935553477492,0.4354886543373963
2004-07-26 21:00:00,-0.3339458809340386,-0.2566868051370263,-0.2022655612936731,-0.7665625142474256,-0.0866728522861472
2004-07-26 22:00:00,-0.5689634632436179,-0.5060494601455106,-0.4517726272187933,-0.8647469936972637,-0.3912670644832143
2004-07-26 23:00:00,-0.5014299893013082,-0.3975363525419002,-0.3478113497499933,-0.850019321779788,-0.282483417269976
2004-07-27 00:00:00,-0.8191606153756326,-0.644942930439444,-0.5557339046875934,-0.9138392334221828,-0.6523478177949861
2004-07-27 01:00:00,-1.0177105582860435,-0.7764858196996642,-0.7324680763845536,-1.06111595259694,-1.522616995500892
2004-07-27 02:00:00,-1.090757093837491,-0.7880298062822058,-0.7532603318783136,-1.0365698327344806,-1.3268064305170633
2004-07-27 03:00:00,-1.202117231172091,-0.9130669673063952,-0.9715790145627936,-0.5999090949448536,-0.4420326558556104
2004-07-27 04:00:00,-1.1975431457355492,-0.9092901049079118,-0.9299945035752736,-1.026751384789497,-1.392076618845006
2004-07-27 05:00:00,-1.2045112090829575,-0.8828409425980255,-0.8988061203346337,-1.026751384789497,-1.5878871838288349
2004-07-27 06:00:00,-0.6269845056217345,-0.6023127744831636,-0.4621687549656733,-0.5063736437053543,-0.3912670644832143
2004-07-27 07:00:00,-0.3661969268785356,-0.3518633896201413,-0.2230578167874333,-0.2805493409707265,0.1091377126976816
2004-07-27 08:00:00,-0.3159891826041465,-0.2500397873690143,-0.1814733057999132,-0.5849212272652249,-0.1736997700567378
2004-07-27 09:00:00,-0.3213200930409315,-0.2865157449099221,-0.2334539445343132,-0.5996488991827007,-0.1301863111714425
2004-07-27 10:00:00,-0.2462988854959484,-0.2525981992442916,-0.2126616890405531,-0.4670998519254191,-0.0214026639582042
2004-07-27 11:00:00,-0.3352694655790612,-0.3182665153355853,-0.2958307110155933,-0.5505566594577815,-0.0431593934008519
2004-07-27 12:00:00,-0.5210804894314646,-0.5007181839750597,-0.4621687549656733,-0.7076518265775227,-0.4347805233685096
2004-07-27 13:00:00,-0.5207590069827521,-0.4991886309340922,-0.4621687549656733,-0.6978333786325388,-0.6305910883523385
2004-07-27 14:00:00,-0.6025724163956847,-0.5738242996867238,-0.5141493937000734,-0.7272887224674903,-0.5000507116964525
2004-07-27 15:00:00,-0.6512203168323721,-0.5738242996867238,-0.5349416491938335,-0.7125610505500146,-0.6088343589096907
2004-07-27 16:00:00,-0.4786805449862201,-0.4911601256942725,-0.4205842439781533,-0.6732872587700793,-0.2389699583846807
2004-07-27 17:00:00,-0.1627608506222117,-0.152074405746549,-0.0671159005842332,-0.5652843313752572,0.1961646304682722
2004-07-27 18:00:00,0.0142734274666148,0.1373448846113914,0.0576376323783269,-0.5014644197328625,0.391975195452101
2004-07-27 19:00:00,-0.1856176779060456,-0.167913484219633,-0.0775120283311131,-0.634013466990144,0.022110794927091
2004-07-27 20:00:00,-0.2402323725657376,-0.2522080276981013,-0.2126616890405531,-0.5603751074027654,0.0873809832550339
2004-07-27 21:00:00,-0.527564621308396,-0.5259259579602097,-0.4829610104594334,-0.7665625142474256,-0.2172132289420331
2004-07-27 22:00:00,-0.5597863431217847,-0.4901806220496825,-0.4309803717250333,-0.8303824258898204,-0.4782939822538049
2004-07-27 23:00:00,-0.7431732943406995,-0.5795863120583666,-0.5661300324344735,-0.8745654416422476,-0.6958612766802814
2004-07-28 00:00:00,-0.5018875123923494,-0.4174321712193654,-0.2750384555218333,-0.7272887224674903,-0.1954564994993854
2004-07-28 01:00:00,-0.7742467931453806,-0.6048779623956194,-0.4725648827125534,-0.8843838895872314,-0.717618006122929
2004-07-28 02:00:00,-0.9737444803102036,-0.8075719432893682,-0.7844487151189536,-0.9089300094496908,-0.6958612766802814
2004-07-28 03:00:00,-1.1764417050926663,-0.914193162999095,-0.9507867590690338,-0.5404662925214014,-0.43637436580708
2004-07-28 04:00:00,-1.1201431221883973,-0.8282904552915804,-0.8468254816002337,-0.9482038012296262,-0.9786987594347007
2004-07-28 05:00:00,-1.033086316542456,-0.7938933676434579,-0.7740525873720735,-0.8696562176697556,-0.782888194450872
2004-07-28 06:00:00,-0.8117421933555787,-0.6429651974799531,-0.5245455214469534,-0.796017858082377,-0.5870776294670431
2004-07-28 07:00:00,-0.0731376420075589,0.0543766130585321,0.234371804075287,-0.4621906279529272,-0.3042401467126237
2004-07-28 08:00:00,1.2585762852928697,1.7608676428996592,1.5962645389165675,-0.0841803820710501,0.2179213599109198
2004-07-28 09:00:00,1.1829260251513,1.6126821195682342,1.1908155567882477,0.2152822802509563,0.8053530548624064
2004-07-28 10:00:00,0.4475949465526203,0.5837511296192889,0.5046711254941671,-0.0154512464561634,0.827109784305054
2004-07-28 11:00:00,-0.3411663650691117,-0.2036804301946757,-0.0983042838248731,-0.6143765711001764,-0.4130237939258619
2004-07-28 12:00:00,-0.3055567064264318,-0.1415308003285531,-0.004739134102953,-0.7125610505500146,-0.347753605597919
2004-07-28 13:00:00,-0.4367380403248264,-0.2827989053813114,-0.1814733057999132,-0.7371071704124741,-0.3259968761552713
2004-07-28 14:00:00,-0.5778885791137396,-0.4455840417905538,-0.3686036052437533,-0.742016394384966,-0.3912670644832143
2004-07-28 15:00:00,-0.3207052026667553,-0.1867866706915471,-0.0671159005842332,-0.634013466990144,0.0656242538123863
2004-07-28 16:00:00,-0.3402230777493993,-0.201544788098502,-0.056719772837353,-0.6487411389076198,0.022110794927091
2004-07-28 17:00:00,0.5645327502227054,0.6448083524105346,0.6190285307098473,-0.2756401169982346,1.2187309142727116
2004-07-28 18:00:00,0.9674666386046384,1.1125030748722426,0.6606130416973672,-0.0736835599150237,1.187635549588034
2004-07-28 19:00:00,0.4139679990473734,0.5223497940210534,0.4318982312660072,-0.4621906279529272,0.7183261370918157
2004-07-28 20:00:00,0.2651631955816806,0.4307000453213377,0.234371804075287,-0.4621906279529272,0.457245383780044
2004-07-28 21:00:00,-0.3494785899376327,-0.231965166035407,-0.1814733057999132,-0.7567440663024417,-0.1736997700567378
2004-07-28 22:00:00,-0.4854505038342664,-0.3352114613898334,-0.1918694335467932,-0.8058363060273609,-0.347753605597919
2004-07-28 23:00:00,-0.4787925098504516,-0.3771861731011878,-0.2958307110155933,-0.7763809621924094,-0.3042401467126237
2004-07-29 00:00:00,-0.5835288091494023,-0.4274815837636722,-0.2438500722811932,-0.7861994101373933,-0.4782939822538049
2004-07-29 01:00:00,-0.7196605895448903,-0.5495274906457828,-0.3686036052437533,-0.9236576813671666,-0.8264016533361672
2004-07-29 02:00:00,-1.1688690189823294,-0.9098249540046726,-0.9092022480815136,-1.0807528484869078,-1.6749141015994256
2004-07-29 03:00:00,-1.1415629629139383,-0.9124553383829552,-0.9299945035752736,-0.4660341991508727,-0.300968138573788
2004-07-29 04:00:00,-1.2293178411639183,-0.924454761653566,-0.9819751423096736,-1.066025176569432,-1.6749141015994256
2004-07-29 05:00:00,-1.075548907995068,-0.8085377117234609,-0.7948448428658336,-0.8647469936972637,-1.087482406647939
2004-07-29 06:00:00,-0.844272318388748,-0.6173157906932834,-0.4413764994719134,-0.8058363060273609,-0.8264016533361672
2004-07-29 07:00:00,0.2885103689896713,0.4640115934998321,0.5462556364816874,-0.3296415806956456,-0.282483417269976
2004-07-29 08:00:00,1.396468846469903,1.9151310884441624,1.585868411169688,0.2398284001134158,0.5660290309932822
2004-07-29 09:00:00,0.6813779162967896,1.1049373546581085,0.6814052971911272,-0.0399973663186229,0.6530559487638729
2004-07-29 10:00:00,0.6849409648408238,1.0898158035813978,0.6814052971911272,0.1121885768286262,1.3275145614859498
2004-07-29 11:00:00,0.1227347244882202,0.2915566857644253,0.2759563150628071,-0.2952770128882022,0.8706232431903492
2004-07-29 12:00:00,-0.3261545759286424,-0.1934348788444689,-0.1294926670655132,-0.5996488991827007,0.1526511715829769
2004-07-29 13:00:00,-0.3794974197087045,-0.3103452363057136,-0.1918694335467932,-0.6978333786325388,-0.0866728522861472
2004-07-29 14:00:00,-0.5742679653009674,-0.5180227178401243,-0.4413764994719134,-0.7616532902749337,-0.3259968761552713
2004-07-29 15:00:00,-0.1462317876184621,-0.0805750349588466,0.099222143365847,-0.5800120032927331,0.5877857604359299
2004-07-29 16:00:00,-0.2045174136340781,-0.0795734634093912,0.0368453768845668,-0.6389226909626359,0.4137319248947487
2004-07-29 17:00:00,0.0290644525518657,0.1336736459816314,0.151202782100247,-0.6045581231551925,0.5442723015506346
2004-07-29 18:00:00,0.1200474011322825,0.2932241403187847,0.2759563150628071,-0.6683780347975874,0.3702184660094534
2004-07-29 19:00:00,0.1462843343694866,0.4372977078996298,0.2655601873159271,-0.5898304512377168,0.2614348187962151
2004-07-29 20:00:00,-0.0492154823697127,0.0407926730129474,0.0368453768845668,-0.6438319149351278,0.1744079010256245
2004-07-29 21:00:00,0.2436754386689634,0.4278905537981717,0.2551640595690471,-0.5358289875403058,0.5442723015506346
2004-07-29 22:00:00,0.4214333230157623,0.4905342849699134,0.3591253370378472,-0.5161920916503382,0.5225155721079869
2004-07-29 23:00:00,-0.1197211069527872,0.0161369629217147,0.0576376323783269,-0.688014930687555,-0.1084295817287948
2004-07-30 00:00:00,-0.2009950189990803,-0.227305358522129,-0.0255313895967131,-0.6291042430176521,-0.1301863111714425
2004-07-30 01:00:00,-0.585778686447245,-0.516418994662472,-0.3478113497499933,-0.8647469936972637,-0.6305910883523385
2004-07-30 02:00:00,-0.8405554847707768,-0.6646478754750332,-0.5973184156751135,-0.8991115615047072,-0.8916718416641102
2004-07-30 03:00:00,-0.7060759358874195,-0.6149150132504788,-0.4413764994719134,-0.6854487045698544,-0.6539619110956171
2004-07-30 04:00:00,-1.0938840292384808,-0.8254870988291031,-0.8156370983595936,-0.9972960409545452,-1.2832929716317678
2004-07-30 05:00:00,-1.0643275543755075,-0.788635483281097,-0.7532603318783136,-0.9138392334221828,-1.2615362421891203
2004-07-30 06:00:00,-1.020388842811796,-0.7513349552700077,-0.6700913099032735,-0.9923868169820534,-1.3485631599597108
2004-07-30 07:00:00,0.5333505355342281,0.4904700041847865,0.8373472133943273,-0.2756401169982346,-0.1084295817287948
2004-07-30 08:00:00,1.60341257198848,2.2016453817819466,1.554680027929048,0.2889206398383349,0.8706232431903492
2004-07-30 09:00:00,1.1507717821623364,1.5024799473457489,1.1076465348132076,-0.0056327985111796,1.0881905376168255
2004-07-30 10:00:00,0.6605277926212955,0.9428598562936814,0.7021975526848875,-0.0154512464561634,1.2404876437153594
2004-07-30 11:00:00,-0.0387992510941744,0.011725396446156,0.0784298878720869,-0.3934614923380404,0.6748126782065205
2004-07-30 12:00:00,-0.3313925155406636,-0.2624742734321239,-0.2022655612936731,-0.7321979464399822,-0.1301863111714425
2004-07-30 13:00:00,-0.3713723027903799,-0.2245819409847454,-0.1294926670655132,-0.7763809621924094,-0.1954564994993854
2004-07-30 14:00:00,-0.2774061237128422,-0.1577885280175916,-0.0879081560779931,-0.7125610505500146,0.1744079010256245
2004-07-30 15:00:00,-0.2871635617247325,-0.1840550120278652,-0.056719772837353,-0.6978333786325388,0.2396780893535675
2004-07-30 16:00:00,-0.3408981992224144,-0.2156195329991865,-0.1814733057999132,-0.688014930687555,0.3049482776815104
2004-07-30 17:00:00,0.0514782521958312,0.178887944440854,0.171995037594007,-0.6585595868526035,0.3702184660094534
2004-07-30 18:00:00,0.3566868078294058,0.506634698714724,0.4318982312660072,-0.5751027793202411,0.5877857604359299
2004-07-30 19:00:00,0.6044413931316079,0.5796014478238766,0.5358595087348073,-0.5996488991827007,0.5877857604359299
2004-07-30 20:00:00,0.4194716052903726,0.5274411618481532,0.3279369537972071,-0.5751027793202411,0.5442723015506346
2004-07-30 21:00:00,0.1408643685458984,0.3562942124243592,0.1927872930877669,-0.6094673471276845,0.1744079010256245
2004-07-30 22:00:00,0.2669624642853059,0.3847883644411377,0.3591253370378472,-0.6192857950726682,0.022110794927091
2004-07-30 23:00:00,-0.3517709539027061,-0.1897030221523813,-0.0671159005842332,-0.7714717382199174,-0.5435641705817479
2004-07-31 00:00:00,1.882940853032764,2.4073684344306767,3.221815215136526,-0.089089606043542,1.0446770787315305
2004-07-31 01:00:00,-0.6659385314329964,-0.6170398960984297,-0.5141493937000734,-0.7714717382199174,-0.717618006122929
2004-07-31 02:00:00,-0.8403035221726606,-0.6506723445781735,-0.6077145434219935,-0.95802224917461,-1.1745093244185296
2004-07-31 03:00:00,-0.8127741195261411,-0.7331711924202736,-0.6389029266626335,-0.7842185589393251,-0.8682065702281064
2004-07-31 04:00:00,-1.087298012667386,-0.7924288737162121,-0.7740525873720735,-1.0414790567069725,-1.5878871838288349
2004-07-31 05:00:00,-0.9123827446106128,-0.753761051284162,-0.6908835653970335,-0.9727499210920858,-1.3268064305170633
2004-07-31 06:00:00,-0.6328501982381681,-0.5925561508426218,-0.4205842439781533,-0.8156547539723447,-0.848158382778815
2004-07-31 07:00:00,-0.7726164714243904,-0.6348163260121429,-0.5141493937000734,-0.8352916498623123,-0.848158382778815
2004-07-31 08:00:00,-0.4232007884588346,-0.3216952817160348,-0.2230578167874333,-0.7321979464399822,-0.5218074411391002
2004-07-31 09:00:00,0.4852799872516105,0.3289917272703172,0.1200143988596069,-0.4278260601454838,0.326705007124158
2004-07-31 10:00:00,0.9045788068102776,0.9106385175563844,0.4526904867597671,-0.1136357259060016,1.0881905376168255
2004-07-31 11:00:00,0.8346956702171663,0.976141370145222,0.4734827422535272,-0.2069109813833479,1.3927847498138928
2004-07-31 12:00:00,0.5551631238447217,0.591670119447411,0.3383330815440871,-0.3787338204205647,0.7835963254197587
2004-07-31 13:00:00,0.0659811676929437,0.1211908119775717,0.0368453768845668,-0.5800120032927331,0.3702184660094534
2004-07-31 14:00:00,-0.3533176518657233,-0.4345934010549093,-0.4101881162312733,-0.7371071704124741,0.0873809832550339
2004-07-31 15:00:00,-0.8424996080175017,-0.587484378582498,-0.5453377769407135,-0.9825683690370696,-0.9786987594347007
2004-07-31 16:00:00,-0.7027333348312792,-0.546354473884791,-0.4621687549656733,-0.9383853532846425,-0.717618006122929
2004-07-31 17:00:00,-0.7726164714243904,-0.5847704841243925,-0.5349416491938335,-0.9727499210920858,-0.913428571106758
2004-07-31 18:00:00,-0.5629670616450568,-0.4073088632425836,-0.3374152220031133,-0.8843838895872314,-0.3912670644832143
2004-07-31 19:00:00,-0.3533176518657233,-0.1789354412352112,-0.1190965393186332,-0.8205639779448366,-0.1301863111714425
2004-07-31 20:00:00,-0.213551378679501,-0.139568771293064,-0.0671159005842332,-0.7272887224674903,0.0873809832550339
2004-07-31 21:00:00,0.0659811676929437,0.1463003334236318,0.171995037594007,-0.7027426026050307,-0.1084295817287948
2004-07-31 22:00:00,-0.213551378679501,-0.0796265728899804,0.0056569936439269,-0.7518348423299498,-0.5435641705817479
2004-07-31 23:00:00,0.1358643042860546,0.3110610509427205,0.2031834208346471,-0.5849212272652249,-0.3912670644832143
2004-08-01 00:00:00,-0.0737851054932787,-0.1051804741796596,-0.0151352618498331,-0.6487411389076198,-0.6088343589096907
2004-08-01 01:00:00,-0.213551378679501,-0.2394648656710848,-0.1606810503061531,-0.7911086341098851,-0.8699151122214626
2004-08-01 02:00:00,-0.8424996080175017,-0.6451625106712592,-0.5349416491938335,-1.0316606087619886,-1.522616995500892
2004-08-01 03:00:00,-1.1220321543899463,-0.8124389693450139,-0.8052409706127136,-0.7659940687195439,-0.8434844174189663
2004-08-01 04:00:00,-1.0521490177968351,-0.7913952991262981,-0.7636564596251936,-1.066025176569432,-1.827211207697959
2004-08-01 05:00:00,-1.1919152909830577,-0.9051488015909028,-0.9092022480815136,-1.0856620724593995,-1.9359948549111967
2004-08-01 06:00:00,-1.1919152909830577,-0.9001475367446646,-0.9092022480815136,-1.0512975046519564,-1.7401842899273685
2004-08-01 07:00:00,-1.1919152909830577,-0.8492280439012228,-0.8780138648408736,-1.0758436245144158,-1.9359948549111967
2004-08-01 08:00:00,-0.9123827446106128,-0.7749670716909546,-0.7428642041314335,-0.9776591450645776,-1.6314006427141303
2004-08-01 09:00:00,-0.9123827446106128,-0.6068924141511729,-0.6077145434219935,-0.9432945772571344,-1.6096439132714826
2004-08-01 10:00:00,-0.8424996080175017,-0.5712372727895774,-0.5765261601813535,-0.9089300094496908,-1.3485631599597108
2004-08-01 11:00:00,-0.982265881203724,-0.7497949634690623,-0.7116758208907935,-1.012023712872021,-1.5443737249435396
2004-08-01 12:00:00,-1.0521490177968351,-0.7560534579161436,-0.7324680763845536,-1.021842160817005,-1.6531573721567778
2004-08-01 13:00:00,-1.1220321543899463,-0.8009687408428423,-0.8156370983595936,-1.0512975046519564,-1.6749141015994256
2004-08-01 14:00:00,-1.0521490177968351,-0.8009687408428423,-0.8156370983595936,-1.0022052649270372,-1.479103536615597
2004-08-01 15:00:00,-0.982265881203724,-0.7707174433471577,-0.7740525873720735,-0.8598377697247719,-0.5435641705817479
2004-08-01 16:00:00,-0.8424996080175017,-0.7162739075464508,-0.6908835653970335,-0.8303824258898204,-0.3912670644832143
2004-08-01 17:00:00,-0.8424996080175017,-0.6896493465985153,-0.6285067989157536,-0.8696562176697556,-0.5653209000243955
2004-08-01 18:00:00,-0.6328501982381681,-0.5695587384987503,-0.5141493937000734,-0.8107455299998527,-0.2172132289420331
2004-08-01 19:00:00,-0.4930839250519458,-0.3974261961537126,-0.3478113497499933,-0.800927082054869,-0.3259968761552713
2004-08-01 20:00:00,-0.4232007884588346,-0.2992575334158889,-0.2230578167874333,-0.8303824258898204,-0.717618006122929
2004-08-01 21:00:00,-0.2834345152726122,-0.265219575738233,-0.2334539445343132,-0.8205639779448366,-0.5435641705817479
2004-08-01 22:00:00,-0.2834345152726122,-0.2676444813674776,-0.2334539445343132,-0.8107455299998527,-0.5870776294670431
2004-08-01 23:00:00,-0.2834345152726122,-0.2536257761256217,-0.1918694335467932,-0.746925618357458,-0.4782939822538049
2004-08-02 00:00:00,-0.1436682420863899,-0.2205381118782316,-0.2334539445343132,-0.850019321779788,-0.913428571106758
2004-08-02 01:00:00,-0.6328501982381681,-0.7254540644024252,-0.6596951821563936,-0.8058363060273609,-0.282483417269976
2004-08-02 02:00:00,-0.982265881203724,-0.804876133525084,-0.7948448428658336,-0.9482038012296262,-1.2832929716317678
2004-08-02 03:00:00,-1.2617984275761684,-0.9079556376400394,-0.9507867590690338,-0.682934240441976,-0.6716845692213956
2004-08-02 04:00:00,-1.33168156416928,-0.9211846140623418,-1.0131635255503135,-1.1593004320467784,-2.28410252599356
2004-08-02 05:00:00,-1.1919152909830577,-0.8836357076614281,-0.8988061203346337,-1.026751384789497,-1.6314006427141303
2004-08-02 06:00:00,-0.9123827446106128,-0.6470585649123267,-0.5973184156751135,-0.962931473147102,-1.1745093244185296
2004-08-02 07:00:00,-0.1436682420863899,-0.0084619749661296,0.171995037594007,-0.4523721800079434,0.0003540654844433
2004-08-02 08:00:00,0.7066629815736445,1.021734394141887,0.6710091694442474,0.3308933961527075,0.0496239149057919
2004-08-02 09:00:00,-0.1436682420863899,0.0118883876107227,0.0160531213908069,-0.3689153724755809,0.3049482776815104
2004-08-02 10:00:00,-0.1436682420863899,-0.0567387675258765,-0.0255313895967131,-0.4621906279529272,0.1091377126976816
2004-08-02 11:00:00,-0.1436682420863899,-0.0592639401917505,-0.0359275173435931,-0.5554658834302735,0.1961646304682722
2004-08-02 12:00:00,-0.2834345152726122,-0.1563089711428339,-0.0671159005842332,-0.7272887224674903,-0.0649161228434995
2004-08-02 13:00:00,-0.4930839250519458,-0.3481618419592175,-0.2958307110155933,-0.796017858082377,-0.2389699583846807
2004-08-02 14:00:00,-0.6328501982381681,-0.3798041957900229,-0.2750384555218333,-0.8107455299998527,-0.3259968761552713
2004-08-02 15:00:00,-0.4930839250519458,-0.3093411008502988,-0.2022655612936731,-0.8107455299998527,-0.1084295817287948
2004-08-02 16:00:00,-0.4930839250519458,-0.2950063026308674,-0.1918694335467932,-0.7763809621924094,0.1526511715829769
2004-08-02 17:00:00,-0.1436682420863899,0.0474355702178102,0.161598909847127,-0.5751027793202411,1.0229203492888828
2004-08-02 18:00:00,0.0659811676929437,0.2640245478908702,0.244767931822167,-0.5358289875403058,1.3710280203712453
2004-08-02 19:00:00,-0.1436682420863899,0.0566547350715967,0.0888260156189668,-0.6634688108250955,0.6312992193212251
2004-08-02 20:00:00,-0.2834345152726122,-0.0686659664812897,0.047241504631447,-0.742016394384966,0.1308944421403292
2004-08-02 21:00:00,-0.6328501982381681,-0.2883710971438831,-0.1502849225592731,-0.8843838895872314,-0.4130237939258619
2004-08-02 22:00:00,-1.2617984275761684,-0.2857355849536815,-0.0671159005842332,-0.85492854575228,-0.2607266878273284
2004-08-02 23:00:00,-1.4015647007623908,-0.3788451118250389,-0.2022655612936731,-0.8843838895872314,-0.3695103350405666
2004-08-03 00:00:00,-1.4015647007623908,-0.5496137019836701,-0.3374152220031133,-0.9531130252021182,-0.782888194450872
2004-08-03 01:00:00,-0.7441895587594198,-0.6185926616451375,-0.4933571382063134,-1.0316606087619886,-1.3050497010744155
2004-08-03 02:00:00,-1.0911578014245102,-0.8255161716913222,-0.8364293538533536,-1.0758436245144158,-1.6096439132714826
2004-08-03 03:00:00,-1.2051849143337314,-0.9208674680519616,-1.0027673978034335,-0.6141527810211691,-0.2778541034010643
2004-08-03 04:00:00,-1.1390402129131267,-0.9088134015355892,-0.9403906313221536,-0.9334761293121504,-1.1962660538611771
2004-08-03 05:00:00,-1.0428832005091184,-0.9074115859522456,-0.9195983758283937,-0.7911086341098851,-0.5218074411391002
2004-08-03 06:00:00,-0.9929502866566786,-0.826632798520709,-0.8468254816002337,-0.6291042430176521,0.5877857604359299
2004-08-03 07:00:00,0.9715063708935632,1.1817897032488471,0.8269510856474475,0.2152822802509563,0.6530559487638729
2004-08-03 08:00:00,1.1346726675695231,1.5371890074082977,1.0348736405850476,0.1809177124435129,0.6965694076491681
2004-08-03 09:00:00,0.8473553308139912,1.0415586981566969,0.6086324029629672,0.0729147850486909,1.6321087736830169
2004-08-03 10:00:00,0.5260578240648628,0.511617649946966,0.4007098480253671,-0.1332726217959692,1.3710280203712453
2004-08-03 11:00:00,-0.0454135088028987,-0.0636894250139464,-0.0775120283311131,-0.305095460833186,1.0446770787315305
2004-08-03 12:00:00,0.0867826732919751,0.1479913209719763,0.099222143365847,-0.4180076122005,0.3702184660094534
2004-08-03 13:00:00,-0.0538655231373278,-0.0793449095067179,-0.0879081560779931,-0.4621906279529272,0.022110794927091
2004-08-03 14:00:00,-0.180262025233638,-0.2219022014167429,-0.2126616890405531,-0.5456474354852896,0.0873809832550339
2004-08-03 15:00:00,-0.2291525995166844,-0.2364911010303723,-0.2126616890405531,-0.6192857950726682,-0.0214026639582042
2004-08-03 16:00:00,0.0562727476320308,0.0162222127948672,-0.0359275173435931,-0.707153982605947,-0.0172962207080695
2004-08-03 17:00:00,0.0134050333112953,0.145041272461389,0.0784298878720869,-0.4425537320629595,0.5877857604359299
2004-08-03 18:00:00,0.2815400563481155,0.468059817873705,0.244767931822167,-0.4818275238428948,0.5225155721079869
2004-08-03 19:00:00,0.3385951518506633,0.3669609768964799,0.161598909847127,-0.5554658834302735,0.0873809832550339
2004-08-03 20:00:00,-0.0537473935409883,-0.0780738531273076,-0.108700411571753,-0.6241950190451602,-0.2172132289420331
2004-08-03 21:00:00,-0.1873781254588286,-0.2119938952682772,-0.1918694335467932,-0.6683780347975874,-0.3912670644832143
2004-08-03 22:00:00,-0.1600493681809859,-0.142578796889489,-0.108700411571753,-0.6389226909626359,-0.282483417269976
2004-08-03 23:00:00,0.0028720053544679,0.027549640891903,-0.0151352618498331,-0.5211013156228301,0.022110794927091
2004-08-04 00:00:00,-0.311935204785621,-0.3170446310097549,-0.2230578167874333,-0.6585595868526035,-0.4565372528111572
2004-08-04 01:00:00,-0.4252941315454488,-0.4724247491676802,-0.3478113497499933,-0.7174702745225064,-0.5000507116964525
2004-08-04 02:00:00,-0.7482672791272802,-0.6432636178200221,-0.5765261601813535,-0.7861994101373933,-0.8916718416641102
2004-08-04 03:00:00,-0.980650896336532,-0.7911823575795567,-0.7636564596251936,-0.7252513900243773,-0.8481953986988109
2004-08-04 04:00:00,-1.096991262488882,-0.8368045460065109,-0.8676177370939936,-0.7295916815617027,-0.7296993052487852
2004-08-04 05:00:00,-1.088252921340194,-0.8366388535838798,-0.8676177370939936,-0.6446614176765125,-0.5767961672044882
2004-08-04 06:00:00,-0.4312679235724678,-0.468289168855045,-0.3686036052437533,-0.6446196934676399,-0.9665338010098404
2004-08-04 07:00:00,0.8436170039408326,1.1563108877765524,0.8269510856474475,0.4752633537456079,0.0723329328373042
2004-08-04 08:00:00,1.793810489757987,2.426735447504,1.523491644688408,0.7594195986604616,0.7714790063179423
2004-08-04 09:00:00,0.1015432079454488,-0.0033048612647832,-0.0775120283311131,-0.6154103127203605,-0.4186218293602285
2004-08-04 10:00:00,-0.1554924648525157,-0.3172854550338057,-0.3270190942562334,-0.6592813707208126,-0.4444355368325678
2004-08-04 11:00:00,-0.0453860174299847,-0.093279463692261,-0.1502849225592731,-0.6129772744722749,-0.0494424723411526
2004-08-04 12:00:00,-0.1765789310278794,-0.2810543505120279,-0.2854345832687133,-0.6861056174059562,-0.3178923815642277
2004-08-04 13:00:00,-0.177434245954267,-0.2655432688656169,-0.2750384555218333,-0.6847602925778622,-0.2292299576962371
2004-08-04 14:00:00,-0.6354645944794121,-0.5722800041864893,-0.5557339046875934,-0.7178180761415293,-0.4064681583011066
2004-08-04 15:00:00,-0.3103365397970773,-0.3503579189815789,-0.3478113497499933,-0.7168638127719984,-0.10635851610642
2004-08-04 16:00:00,-0.3799172879495727,-0.4089929831856795,-0.3893958607375133,-0.7260777091412072,-0.221402501537809
2004-08-04 17:00:00,0.0500118790260372,0.0175224793886016,-0.0671159005842332,-0.6125512305980143,0.3357340697617376
2004-08-04 18:00:00,-0.0425097533656564,-0.2069695552684037,-0.2750384555218333,-0.6788926103423083,-0.3206471627671557
2004-08-04 19:00:00,-0.0431618820540524,-0.2694452590317297,-0.3478113497499933,-0.745304778914941,-0.7189706641141715
2004-08-04 20:00:00,-0.2473519716929355,-0.4152620079608087,-0.4309803717250333,-0.7296413461047594,-0.5274458123069152
2004-08-04 21:00:00,-0.5060219649570413,-0.5064016309426586,-0.5869222879282334,-0.737846520397345,-0.5126811079673609
2004-08-04 22:00:00,-0.5745896976712517,-0.5500008517835511,-0.6077145434219935,-0.8141899495874251,-0.8183595712380316
2004-08-04 23:00:00,-0.6895821951325048,-0.7217874041761644,-0.7012796931439136,-0.8038080000962212,-0.832214480700914
2004-08-05 00:00:00,-0.4538084334534096,-0.5747266114483195,-0.4933571382063134,-0.6755975963823778,-0.4919057153812877
2004-08-05 01:00:00,-0.7075034045991807,-0.7635101205589302,-0.7116758208907935,-0.7530218473816482,-0.7420890150443835
2004-08-05 02:00:00,-0.9137732165990068,-0.7979212181217599,-0.7844487151189536,-0.7424161078114372,-0.7429752392455424
2004-08-05 03:00:00,-1.1298177736795807,-0.9088134015355892,-0.9403906313221536,-0.6599630034652231,-0.5524186110317231
2004-08-05 04:00:00,-1.151076539952003,-0.9123633582566588,-0.9611828868159136,-0.6988196655196515,-0.7357569688556577
2004-08-05 05:00:00,-0.923905995158364,-0.793618388729304,-0.7740525873720735,-0.7450917382506074,-1.055859606600987
2004-08-05 06:00:00,-0.6183556301215587,-0.6285449204671942,-0.5037532659531934,-0.6258973218218765,-0.9142764514625398
2004-08-05 07:00:00,0.3738682494431234,0.4411820254282362,0.3279369537972071,0.1082067239617777,-0.4306574810511121
2004-08-05 08:00:00,0.4540465886251988,0.4883024048321894,0.3903137202784871,0.0172443529963739,-0.1942704961434611
2004-08-05 09:00:00,-0.1225407221274746,-0.2064699598785858,-0.2438500722811932,-0.6959508452516079,-0.5946731966558105
2004-08-05 10:00:00,0.1358751008979627,0.276120506799259,0.0056569936439269,-0.5502335028382545,-0.0947033150371989
2004-08-05 11:00:00,-0.1610832104169332,-0.1195645360207409,-0.0151352618498331,-0.6585595868526035,0.1091377126976816
2004-08-05 12:00:00,-0.2158646027651128,-0.1629612998589048,-0.1190965393186332,-0.688014930687555,-0.0431593934008519
2004-08-05 13:00:00,-0.4560203226723165,-0.3985380156594255,-0.3270190942562334,-0.8451100978072961,-0.5218074411391002
2004-08-05 14:00:00,-0.6042298129536355,-0.553926558079789,-0.4933571382063134,-0.8745654416422476,-0.5653209000243955
2004-08-05 15:00:00,-0.3962928991081478,-0.4884544723624652,-0.5141493937000734,-0.7518348423299498,-0.282483417269976
2004-08-05 16:00:00,-0.3448634548828992,-0.4278979437778771,-0.4517726272187933,-0.7272887224674903,-0.1736997700567378
2004-08-05 17:00:00,0.0200667761186893,-0.0532025002312689,-0.1814733057999132,-0.5701935553477492,-0.1736997700567378
2004-08-05 18:00:00,-0.0483607505936596,-0.1735930853282926,-0.2022655612936731,-0.5947396752102088,-0.2389699583846807
2004-08-05 19:00:00,-0.0276139278345696,-0.0830149577515681,-0.1190965393186332,-0.6045581231551925,-0.282483417269976
2004-08-05 20:00:00,-0.2379356766267505,-0.35064626683395,-0.3789997329906333,-0.5456474354852896,-0.1954564994993854
2004-08-05 21:00:00,-0.4952557601735889,-0.6131671619306759,-0.6181106711688734,-0.7812901861649013,-0.3912670644832143
2004-08-05 22:00:00,-0.6751069042998116,-0.5794471285919951,-0.6077145434219935,-0.8696562176697556,-0.8699151122214626
2004-08-05 23:00:00,-0.6653575470854141,-0.5568807271535254,-0.5869222879282334,-0.8402008738348042,-0.8264016533361672
2004-08-06 00:00:00,-0.4346812690949068,-0.5546330057396947,-0.4309803717250333,-0.7125610505500146,-0.6523478177949861
2004-08-06 01:00:00,-0.5672651628550587,-0.5846402743288791,-0.4725648827125534,-0.7911086341098851,-0.848158382778815
2004-08-06 02:00:00,-0.836225385268847,-0.7513113307079525,-0.6596951821563936,-0.8745654416422476,-0.8916718416641102
2004-08-06 03:00:00,-0.9412755444085656,-0.7898538422362331,-0.7532603318783136,-0.6244311316239153,-0.8047667610472283
2004-08-06 04:00:00,-1.0153592961371818,-0.8258476938886894,-0.8260332261064736,-0.9482038012296262,-1.1962660538611771
2004-08-06 05:00:00,-0.982265881203724,-0.7820527920822469,-0.7220719486376735,-0.850019321779788,-1.152752594975882
2004-08-06 06:00:00,-0.6328501982381681,-0.529482553366353,-0.3789997329906333,-0.7076518265775227,-1.1745093244185296
2004-08-06 07:00:00,0.1358643042860546,0.2408437247028262,0.234371804075287,-0.1627279656309207,-0.8264016533361672
2004-08-06 08:00:00,0.625046260437833,1.0235141111500434,0.8061588301536876,0.0090948734062961,-0.5653209000243955
2004-08-06 09:00:00,0.5551631238447217,0.473914130859889,0.5150672532410473,-0.0056327985111796,-0.282483417269976
2004-08-06 10:00:00,0.3455137140653883,0.4027889987742001,0.296748570556567,0.0336409932687556,-0.0649161228434995
2004-08-06 11:00:00,0.3455137140653883,0.3638683569009318,0.4422943590128871,-0.1578187416584288,0.1526511715829769
2004-08-06 12:00:00,0.3455137140653883,0.4051520043881373,0.3175408260503271,-0.4032799402830243,0.2179213599109198
2004-08-06 13:00:00,-0.0039019689001675,-0.0477183969520193,-0.0879081560779931,-0.5505566594577815,0.0003540654844433
2004-08-06 14:00:00,-0.2834345152726122,-0.1684897220840253,-0.1190965393186332,-0.6389226909626359,-0.1301863111714425
2004-08-06 15:00:00,-0.1436682420863899,-0.1006569199545138,-0.0671159005842332,-0.6683780347975874,0.0003540654844433
2004-08-06 16:00:00,0.2756305774722771,0.277270601758224,0.0264492491376868,-0.6291042430176521,0.022110794927091
2004-08-06 17:00:00,-0.7027333348312792,-0.4571529348881302,-0.3582074774968732,-0.8892931135597233,-1.0004554888773485
2004-08-06 18:00:00,-0.0039019689001675,0.0810998386018725,0.0368453768845668,-0.634013466990144,-0.3912670644832143
2004-08-06 19:00:00,0.3455137140653883,0.369026203146838,0.3383330815440871,-0.4278260601454838,0.0873809832550339
2004-08-06 20:00:00,0.3455137140653883,0.3409508834821539,0.1927872930877669,-0.4180076122005,0.1308944421403292
2004-08-06 21:00:00,-0.2834345152726122,-0.1802446814998037,-0.1606810503061531,-0.6634688108250955,-0.347753605597919
2004-08-06 22:00:00,-0.4232007884588346,-0.3156549024116489,-0.2646423277749531,-0.796017858082377,-0.717618006122929
2004-08-06 23:00:00,-0.213551378679501,-0.1558162433582645,-0.0983042838248731,-0.7125610505500146,-0.782888194450872
2004-08-07 00:00:00,-0.4930839250519458,-0.4175676003948677,-0.2958307110155933,-0.800927082054869,-1.0439689477626437
2004-08-07 01:00:00,-0.6328501982381681,-0.6279859431839934,-0.5141493937000734,-0.8892931135597233,-1.152752594975882
2004-08-07 02:00:00,-0.982265881203724,-0.8254870988291031,-0.8260332261064736,-1.012023712872021,-1.4138333482876535
2004-08-07 03:00:00,-1.0521490177968351,-0.899984545580098,-0.9092022480815136,-0.6253678288767843,-0.7229899622611767
2004-08-07 04:00:00,-0.982265881203724,-0.856279884106622,-0.8780138648408736,-0.962931473147102,-1.3268064305170633
2004-08-07 05:00:00,-1.1220321543899463,-0.9098341565957055,-0.9403906313221536,-0.9874775930095616,-1.4138333482876535
2004-08-07 06:00:00,-1.0521490177968351,-0.8271156369537204,-0.8364293538533536,-0.9531130252021182,-1.4355900777303017
2004-08-07 07:00:00,-0.8424996080175017,-0.7419633753637374,-0.6492990544095135,-0.9187484573946748,-1.457346807172949
2004-08-07 08:00:00,-0.6328501982381681,-0.5142470916105857,-0.3789997329906333,-0.8058363060273609,-1.2832929716317678
2004-08-07 09:00:00,-0.0737851054932787,-0.1008781484115886,-0.0879081560779931,-0.6045581231551925,-0.5653209000243955
2004-08-07 10:00:00,-0.1436682420863899,-0.0878903165015821,-0.046323645090473,-0.634013466990144,-0.3042401467126237
2004-08-07 11:00:00,-0.2834345152726122,-0.3143056469004745,-0.3062268387624732,-0.7763809621924094,-0.4782939822538049
2004-08-07 12:00:00,-0.6328501982381681,-0.5649912773840484,-0.5557339046875934,-0.8892931135597233,-0.9351853005494056
2004-08-07 13:00:00,-0.7027333348312792,-0.5741400263920193,-0.5557339046875934,-0.8942023375322152,-1.0004554888773485
2004-08-07 14:00:00,-0.7726164714243904,-0.7137545494530205,-0.6908835653970335,-0.95802224917461,-1.2180227833038249
2004-08-07 15:00:00,-0.7726164714243904,-0.6858983979638367,-0.6285067989157536,-0.95802224917461,-1.1745093244185296
2004-08-07 16:00:00,-0.7726164714243904,-0.5856015559275427,-0.5765261601813535,-0.9187484573946748,-0.913428571106758
2004-08-07 17:00:00,-0.6328501982381681,-0.5381620617997047,-0.5037532659531934,-0.9432945772571344,-0.9351853005494056
2004-08-07 18:00:00,-0.3533176518657233,-0.3075105635633028,-0.3062268387624732,-0.8205639779448366,-0.3259968761552713
2004-08-07 19:00:00,-0.3533176518657233,-0.3221464375968326,-0.3166229665093532,-0.850019321779788,-0.5218074411391002
2004-08-07 20:00:00,-0.3533176518657233,-0.3056744406240379,-0.3062268387624732,-0.7861994101373933,-0.3695103350405666
2004-08-07 21:00:00,-0.5629670616450568,-0.5023936049515074,-0.5141493937000734,-0.9187484573946748,-0.913428571106758
2004-08-07 22:00:00,-0.1436682420863899,-0.0896543753697717,-0.108700411571753,-0.7567440663024417,-0.3259968761552713
2004-08-07 23:00:00,-0.1436682420863899,-0.0896543753697717,-0.046323645090473,-0.7321979464399822,-0.3695103350405666
2004-08-08 00:00:00,-0.4232007884588346,-0.5228609915217959,-0.4101881162312733,-0.850019321779788,-0.8916718416641102
2004-08-08 01:00:00,-0.7027333348312792,-0.617067732791704,-0.5765261601813535,-0.95802224917461,-1.1962660538611771
2004-08-08 02:00:00,-0.9123827446106128,-0.7760048126280525,-0.7116758208907935,-1.012023712872021,-1.5443737249435396
2004-08-08 03:00:00,-0.8424996080175017,-0.7689416637660106,-0.7012796931439136,-0.7443928015703807,-0.9733070504064104
2004-08-08 04:00:00,-1.0521490177968351,-0.9098341565957055,-0.9299945035752736,-1.06111595259694,-1.6749141015994256
2004-08-08 05:00:00,-1.0521490177968351,-0.9092901049079118,-0.9299945035752736,-1.066025176569432,-1.761941019370016
2004-08-08 06:00:00,-0.982265881203724,-0.9010053006402144,-0.9092022480815136,-1.0365698327344806,-1.6096439132714826
2004-08-08 07:00:00,-1.0521490177968351,-0.8571975793039746,-0.8884099925877535,-1.016932936844513,-1.5661304543861874
2004-08-08 08:00:00,-0.7726164714243904,-0.7552723364951682,-0.7116758208907935,-0.9432945772571344,-1.3703198894023585
2004-08-08 09:00:00,-0.6328501982381681,-0.6842962772274089,-0.6389029266626335,-0.8647469936972637,-1.0004554888773485
2004-08-08 10:00:00,-0.7726164714243904,-0.7456039844740885,-0.7428642041314335,-0.95802224917461,-1.3268064305170633
2004-08-08 11:00:00,-0.5629670616450568,-0.6279456532332016,-0.6804874376501535,-0.9089300094496908,-1.0004554888773485
2004-08-08 12:00:00,-0.4930839250519458,-0.6576642534817699,-0.7012796931439136,-0.742016394384966,-0.6741045472376337
2004-08-08 13:00:00,-0.9123827446106128,-0.78504766316309,-0.8052409706127136,-0.9923868169820534,-1.4138333482876535
2004-08-08 14:00:00,-1.0521490177968351,-0.875462067030688,-0.9092022480815136,-1.066025176569432,-1.7401842899273685
2004-08-08 15:00:00,-0.982265881203724,-0.8120345131799065,-0.8676177370939936,-1.0365698327344806,-1.6314006427141303
2004-08-08 16:00:00,-0.9123827446106128,-0.7947855153492855,-0.8052409706127136,-1.026751384789497,-1.5878871838288349
2004-08-08 17:00:00,-0.8424996080175017,-0.7624569046180054,-0.7532603318783136,-0.9825683690370696,-1.392076618845006
2004-08-08 18:00:00,-0.7726164714243904,-0.7071512096543896,-0.6596951821563936,-0.967840697119594,-1.2180227833038249
2004-08-08 19:00:00,-0.4232007884588346,-0.4691014692038491,-0.5037532659531934,-0.8451100978072961,-0.6741045472376337
2004-08-08 20:00:00,-0.4232007884588346,-0.4334775525541172,-0.4205842439781533,-0.8598377697247719,-0.6741045472376337
2004-08-08 21:00:00,-0.2834345152726122,-0.3499564845627809,-0.3374152220031133,-0.7371071704124741,-0.2607266878273284
2004-08-08 22:00:00,-0.1436682420863899,-0.0964909390426449,-0.0983042838248731,-0.742016394384966,-0.3695103350405666
2004-08-08 23:00:00,-0.2834345152726122,-0.258944415902415,-0.2438500722811932,-0.746925618357458,-0.4565372528111572
2004-08-09 00:00:00,-0.6328501982381681,-0.6153343034429232,-0.5037532659531934,-0.9285669053396586,-1.152752594975882
2004-08-09 01:00:00,-0.7027333348312792,-0.6276238830352874,-0.5245455214469534,-0.9727499210920858,-1.2832929716317678
2004-08-09 02:00:00,-0.9123827446106128,-0.7802932200494864,-0.7220719486376735,-1.0365698327344806,-1.5443737249435396
2004-08-09 03:00:00,-1.1220321543899463,-0.856573588691087,-0.8884099925877535,-0.6361646233746968,-0.7462180330259957
2004-08-09 04:00:00,-1.1860060578634313,-0.9098341565957055,-0.9507867590690338,-1.0562067286244483,-1.7401842899273685
2004-08-09 05:00:00,-0.982265881203724,-0.806065648538176,-0.7948448428658336,-0.8843838895872314,-1.392076618845006
2004-08-09 06:00:00,-0.6328501982381681,-0.5965025973067105,-0.4101881162312733,-0.742016394384966,-1.1962660538611771
2004-08-09 07:00:00,0.1358643042860546,0.3568113888836135,0.3903137202784871,-0.4670998519254191,-1.022212218319996
2004-08-09 08:00:00,0.2756305774722771,0.3799502738956061,0.3903137202784871,-0.6978333786325388,-1.479103536615597
2004-08-09 09:00:00,0.2057474408791658,0.4016910976151244,0.348729209290967,-1.0905712964318917,-2.28410252599356
2004-08-09 10:00:00,-0.4930839250519458,-0.2333778782190784,-0.1606810503061531,-0.904020785477199,-1.5443737249435396
2004-08-09 11:00:00,-0.6328501982381681,-0.4648993189043376,-0.3478113497499933,-0.962931473147102,-1.5443737249435396
2004-08-09 12:00:00,-0.3533176518657233,-0.3295587812937482,-0.3166229665093532,-0.8156547539723447,-0.848158382778815
2004-08-09 13:00:00,-0.4930839250519458,-0.3915981632036133,-0.3789997329906333,-0.904020785477199,-0.9786987594347007
2004-08-09 14:00:00,-0.6328501982381681,-0.5417149029149789,-0.4829610104594334,-0.9138392334221828,-0.848158382778815
2004-08-09 15:00:00,-0.4232007884588346,-0.4148182690936794,-0.3997919884843933,-0.85492854575228,-0.8264016533361672
2004-08-09 16:00:00,-0.4930839250519458,-0.1783972956879311,3.371775899700686,-0.8254732019173285,-0.7393747355655766
2004-08-09 17:00:00,-0.4232007884588346,-0.1591351280547365,3.371775899700686,-0.850019321779788,-0.7611314650082243
2004-08-09 18:00:00,-0.2834345152726122,-0.108678282884875,3.3272823099063094,-0.7763809621924094,-0.5218074411391002
2004-08-09 19:00:00,0.0659811676929437,0.016340610309353,3.326508977344572,-0.7371071704124741,-0.3042401467126237
2004-08-09 20:00:00,-0.1436682420863899,-0.2236745014112308,-0.2854345832687133,-0.7714717382199174,-0.3259968761552713
2004-08-09 21:00:00,-0.3533176518657233,-0.2008442923631451,-0.1710771780530332,-0.8794746656147395,-0.782888194450872
2004-08-09 22:00:00,-0.4232007884588346,-0.2894311806900564,-0.2334539445343132,-0.8303824258898204,-0.7393747355655766
2004-08-09 23:00:00,-0.4930839250519458,-0.3135820760114823,-0.2334539445343132,-0.8843838895872314,-0.9569420299920532
2004-08-10 00:00:00,-0.7726164714243904,-0.6169252528748131,-0.4517726272187933,-1.0071144888995291,-1.3268064305170633
2004-08-10 01:00:00,-0.982265881203724,-0.7523872097461977,-0.6700913099032735,-1.0856620724593995,-1.761941019370016
2004-08-10 02:00:00,-1.1220321543899463,-0.8246293349335534,-0.8156370983595936,-1.1396635361568106,-2.1535621493376738
2004-08-10 03:00:00,-1.1220321543899463,-0.793618388729304,-0.7740525873720735,-0.7490552384582568,-1.023467688772415
2004-08-10 04:00:00,-1.1220321543899463,-0.8274762320133067,-0.8468254816002337,-1.070934400541924,-1.8489679371406067
2004-08-10 05:00:00,-0.982265881203724,-0.7565146862846395,-0.6908835653970335,-0.8843838895872314,-1.6531573721567778
2004-08-10 06:00:00,-0.6328501982381681,-0.5501999665517254,-0.3893958607375133,-0.6487411389076198,-1.479103536615597
2004-08-10 07:00:00,0.0659811676929437,0.1710272834733099,0.348729209290967,-0.4670998519254191,-1.3703198894023585
2004-08-10 08:00:00,0.5551631238447217,0.5414944798204621,0.7645743191661674,-0.3492784765856133,-1.0439689477626437
2004-08-10 09:00:00,0.3455137140653883,0.3867405956931389,0.3591253370378472,-0.2461847731632831,-0.6305910883523385
2004-08-10 10:00:00,0.3455137140653883,0.3979441321914899,0.3279369537972071,-0.364006148503089,-0.4347805233685096
2004-08-10 11:00:00,0.0659811676929437,0.1351571402833984,0.1408066543533669,-0.5407382115127978,-0.3259968761552713
2004-08-10 12:00:00,-0.4232007884588346,-0.2939011675942632,-0.2230578167874333,-0.7371071704124741,-0.5218074411391002
2004-08-10 13:00:00,-0.8424996080175017,-0.7125199371654627,-0.6804874376501535,-0.9187484573946748,-1.0004554888773485
2004-08-10 14:00:00,-0.7726164714243904,-0.682323168455452,-0.6181106711688734,-0.9138392334221828,-1.0439689477626437
2004-08-10 15:00:00,-0.7027333348312792,-0.5298276734221126,-0.4309803717250333,-0.8794746656147395,-0.7611314650082243
2004-08-10 16:00:00,-0.6328501982381681,-0.5417149029149789,-0.4829610104594334,-0.8402008738348042,-0.4782939822538049
2004-08-10 17:00:00,-0.213551378679501,-0.1730983430461837,-0.1710771780530332,-0.6536503628801117,0.3484617365668057
2004-08-10 18:00:00,-0.213551378679501,-0.1479782912720759,-0.046323645090473,-0.7223794984949984,-0.3042401467126237
2004-08-10 19:00:00,-0.2834345152726122,-0.1571685206157483,-0.0775120283311131,-0.8303824258898204,-0.6741045472376337
2004-08-10 20:00:00,-0.2834345152726122,-0.1902393363382618,-0.1710771780530332,-0.850019321779788,-0.9351853005494056
2004-08-10 21:00:00,-0.3533176518657233,-0.2786174494656158,-0.2854345832687133,-0.8843838895872314,-1.0439689477626437
2004-08-10 22:00:00,-0.2834345152726122,-0.1693337049850428,-0.1190965393186332,-0.8402008738348042,-1.0004554888773485
2004-08-10 23:00:00,-0.213551378679501,-0.1447251524498505,-0.0879081560779931,-0.85492854575228,-1.022212218319996
2004-08-11 00:00:00,-0.4232007884588346,-0.3675653906924633,-0.2646423277749531,-0.850019321779788,-1.087482406647939
2004-08-11 01:00:00,-0.6328501982381681,-0.6203135003842959,-0.4933571382063134,-0.9383853532846425,-1.3268064305170633
2004-08-11 02:00:00,-0.9123827446106128,-0.7427971942089869,-0.6285067989157536,-1.026751384789497,-1.6096439132714826
2004-08-11 03:00:00,-1.1220321543899463,-0.8428821477313442,-0.8676177370939936,-0.7896456649908854,-1.0044657405326956
2004-08-11 04:00:00,-1.1220321543899463,-0.8274762320133067,-0.8468254816002337,-1.0905712964318917,-1.8707246665832544
2004-08-11 05:00:00,-0.982265881203724,-0.822276676511524,-0.8156370983595936,-0.9236576813671666,-1.6966708310420733
2004-08-11 06:00:00,-0.7027333348312792,-0.5915574179033358,-0.4309803717250333,-0.7861994101373933,-1.479103536615597
2004-08-11 07:00:00,-0.4930839250519458,-0.3540274178180092,-0.1918694335467932,-0.7321979464399822,-1.479103536615597
2004-08-11 08:00:00,-0.2834345152726122,-0.2060682507555779,-0.0255313895967131,-0.692924154660047,-1.2832929716317678
2004-08-11 09:00:00,-0.213551378679501,-0.1973657129526258,-0.1710771780530332,-0.7125610505500146,-1.1309958655332344
2004-08-11 10:00:00,-0.213551378679501,-0.2409500081981113,-0.1918694335467932,-0.6536503628801117,-0.9351853005494056
2004-08-11 11:00:00,-0.2834345152726122,-0.3274886103676112,-0.3166229665093532,-0.7321979464399822,-0.913428571106758
2004-08-11 12:00:00,-0.5629670616450568,-0.5002151089985825,-0.5557339046875934,-0.8598377697247719,-1.1745093244185296
2004-08-11 13:00:00,-0.5629670616450568,-0.4999364673616294,-0.5765261601813535,-0.9138392334221828,-1.3703198894023585
2004-08-11 14:00:00,-0.7726164714243904,-0.6802653592187625,-0.6492990544095135,-0.9334761293121504,-1.392076618845006
2004-08-11 15:00:00,-0.7726164714243904,-0.7368244379242822,-0.7116758208907935,-0.9236576813671666,-1.3050497010744155
2004-08-11 16:00:00,-0.4930839250519458,-0.4901366693760915,-0.4933571382063134,-0.7763809621924094,-0.9786987594347007
2004-08-11 17:00:00,-0.3533176518657233,-0.3442512443945265,-0.3478113497499933,-0.7861994101373933,-0.8916718416641102
2004-08-11 18:00:00,-0.4930839250519458,-0.4198675156085878,-0.3893958607375133,-0.85492854575228,-1.022212218319996
2004-08-11 19:00:00,-0.2834345152726122,-0.1543540844168033,-0.1294926670655132,-0.7567440663024417,-0.8916718416641102
2004-08-11 20:00:00,-0.4930839250519458,-0.3965675623614981,-0.3686036052437533,-0.8156547539723447,-1.152752594975882
2004-08-11 21:00:00,-0.4232007884588346,-0.330303687543046,-0.3062268387624732,-0.8254732019173285,-1.1092391360905869
2004-08-11 22:00:00,-0.4930839250519458,-0.3965675623614981,-0.3789997329906333,-0.8794746656147395,-1.2180227833038249
2004-08-11 23:00:00,-0.4232007884588346,-0.3997521166993075,-0.3893958607375133,-0.8598377697247719,-1.152752594975882
2004-08-12 00:00:00,-0.3533176518657233,-0.4368201533807143,-0.3582074774968732,-0.8843838895872314,-1.392076618845006
2004-08-12 01:00:00,-0.6328501982381681,-0.6266795415295703,-0.5245455214469534,-0.8352916498623123,-0.9786987594347007
2004-08-12 02:00:00,-0.8424996080175017,-0.7916295760333453,-0.7844487151189536,-0.8892931135597233,-1.0439689477626437
2004-08-12 03:00:00,-1.0521490177968351,-0.9091739965951756,-0.9299945035752736,-0.6986760653250216,-0.7862881813983036
2004-08-12 04:00:00,-1.1114627211908057,-0.9105084638630478,-0.9195983758283937,-1.0954805204043836,-1.8489679371406067
2004-08-12 05:00:00,-0.982265881203724,-0.7898538422362331,-0.7428642041314335,-0.9383853532846425,-1.5878871838288349
2004-08-12 06:00:00,-0.982265881203724,-0.7772387381550855,-0.7116758208907935,-0.9776591450645776,-1.5008602660582444
2004-08-12 07:00:00,-0.2834345152726122,-0.2182100852670272,-0.0359275173435931,-0.742016394384966,-1.087482406647939
2004-08-12 08:00:00,0.0659811676929437,0.1701612326674269,0.286352442809687,-0.5701935553477492,-0.9786987594347007
2004-08-12 09:00:00,-0.1436682420863899,-0.1852711275652868,-0.1918694335467932,-0.5701935553477492,-0.848158382778815
2004-08-12 10:00:00,-0.4232007884588346,-0.4626146955583044,-0.4621687549656733,-0.6732872587700793,-1.0657256772052914
2004-08-12 11:00:00,-0.3533176518657233,-0.4251156479714956,-0.4309803717250333,-0.7174702745225064,-0.9786987594347007
2004-08-12 12:00:00,-0.5629670616450568,-0.5179565141255278,-0.6077145434219935,-0.8254732019173285,-1.2180227833038249
2004-08-12 13:00:00,-0.7027333348312792,-0.6674428534591071,-0.6492990544095135,-0.8843838895872314,-1.1309958655332344
2004-08-12 14:00:00,-0.7726164714243904,-0.6921647672649364,-0.6596951821563936,-0.9531130252021182,-1.1745093244185296
2004-08-12 15:00:00,-0.7726164714243904,-0.5773405593580404,-0.5973184156751135,-0.9531130252021182,-1.087482406647939
2004-08-12 16:00:00,-0.7027333348312792,-0.5555901667752091,-0.5869222879282334,-0.9138392334221828,-0.8916718416641102
2004-08-12 17:00:00,-0.5629670616450568,-0.4658995169327433,-0.4517726272187933,-0.9089300094496908,-0.9351853005494056
2004-08-12 18:00:00,-0.4232007884588346,-0.3698261147722315,-0.3374152220031133,-0.850019321779788,-0.6741045472376337
2004-08-12 19:00:00,-0.3533176518657233,-0.2738214802322756,-0.2750384555218333,-0.8402008738348042,-0.5218074411391002
2004-08-12 20:00:00,-0.4232007884588346,-0.3669205683436551,-0.3582074774968732,-0.8402008738348042,-0.6741045472376337
2004-08-12 21:00:00,-0.5629670616450568,-0.4423641421777317,-0.3997919884843933,-0.9089300094496908,-0.9351853005494056
2004-08-12 22:00:00,-0.6328501982381681,-0.5477360987087038,-0.5557339046875934,-0.9089300094496908,-0.9786987594347007
2004-08-12 23:00:00,-0.3533176518657233,-0.281342789932469,-0.2958307110155933,-0.8745654416422476,-0.9351853005494056
2004-08-13 00:00:00,-0.4930839250519458,-0.536017354464603,-0.4517726272187933,-0.8745654416422476,-1.0439689477626437
2004-08-13 01:00:00,-0.7027333348312792,-0.6295529475655832,-0.5973184156751135,-0.9776591450645776,-1.3485631599597108
2004-08-13 02:00:00,-0.982265881203724,-0.9022236595953506,-0.9092022480815136,-1.06111595259694,-1.6749141015994256
2004-08-13 03:00:00,-1.1919152909830577,-0.9201638590022252,-1.0235596532971938,-0.6959861273025576,-0.738550425885308
2004-08-13 04:00:00,-1.1220321543899463,-0.9211846140623418,-1.0027673978034335,-1.1347543121843189,-2.1535621493376738
2004-08-13 05:00:00,-1.1220321543899463,-0.9133841133167754,-0.9715790145627936,-1.0463882806794644,-1.6531573721567778
2004-08-13 06:00:00,-0.9123827446106128,-0.7911823575795567,-0.7636564596251936,-0.9383853532846425,-1.2615362421891203
2004-08-13 07:00:00,-0.3533176518657233,-0.3462492596815183,-0.2854345832687133,-0.6732872587700793,-0.6523478177949861
2004-08-13 08:00:00,-0.3533176518657233,-0.1978309703162007,-0.1294926670655132,-0.6781964827425712,-0.5218074411391002
2004-08-13 09:00:00,-0.4930839250519458,-0.3478333872921947,-0.2750384555218333,-0.7812901861649013,-0.717618006122929
2004-08-13 10:00:00,-0.4232007884588346,-0.3810382586691608,-0.3582074774968732,-0.7223794984949984,-0.3695103350405666
2004-08-13 11:00:00,-0.6328501982381681,-0.5567219023361429,-0.5765261601813535,-0.7616532902749337,-0.0214026639582042
2004-08-13 12:00:00,-0.7027333348312792,-0.6709006469177408,-0.6285067989157536,-0.850019321779788,-0.4565372528111572
2004-08-13 13:00:00,-0.9123827446106128,-0.7666922025588502,-0.7428642041314335,-0.8991115615047072,-0.848158382778815
2004-08-13 14:00:00,-0.982265881203724,-0.802556348040178,-0.8364293538533536,-0.9727499210920858,-1.1745093244185296
2004-08-13 15:00:00,-0.982265881203724,-0.7692733233154828,-0.7636564596251936,-0.9334761293121504,-0.913428571106758
2004-08-13 16:00:00,-0.982265881203724,-0.7534956870173563,-0.7324680763845536,-0.9432945772571344,-1.0657256772052914
2004-08-13 17:00:00,-0.7726164714243904,-0.7343846524836657,-0.7012796931439136,-0.904020785477199,-0.8699151122214626
2004-08-13 18:00:00,-0.7726164714243904,-0.695954998601637,-0.6492990544095135,-0.8991115615047072,-0.7393747355655766
2004-08-13 19:00:00,-0.6328501982381681,-0.5722590350984637,-0.5661300324344735,-0.8745654416422476,-0.6958612766802814
2004-08-13 20:00:00,-0.7027333348312792,-0.5709288257458454,-0.5869222879282334,-0.8647469936972637,-0.6523478177949861
2004-08-13 21:00:00,-0.7726164714243904,-0.7125993266821365,-0.6908835653970335,-0.9187484573946748,-0.848158382778815
2004-08-13 22:00:00,-0.6328501982381681,-0.6805000023980895,-0.6492990544095135,-0.8892931135597233,-0.782888194450872
2004-08-13 23:00:00,-0.4930839250519458,-0.4936402468697157,-0.5661300324344735,-0.8156547539723447,-0.4347805233685096
2004-08-14 00:00:00,-0.5629670616450568,-0.5866088962654069,-0.5973184156751135,-0.8598377697247719,-0.6958612766802814
2004-08-14 01:00:00,-0.7726164714243904,-0.7620178357224451,-0.7116758208907935,-0.9285669053396586,-1.022212218319996
2004-08-14 02:00:00,-1.0521490177968351,-0.9092901049079118,-0.9195983758283937,-1.021842160817005,-1.479103536615597
2004-08-14 03:00:00,-1.1919152909830577,-0.9201638590022252,-1.0027673978034335,-0.6277467455074364,-0.5588441099691384
2004-08-14 04:00:00,-1.1919152909830577,-0.9202887120656448,-0.9923712700565536,-1.0807528484869078,-1.805454478255312
2004-08-14 05:00:00,-1.1919152909830577,-0.9174493693516648,-0.9819751423096736,-1.06111595259694,-1.761941019370016
2004-08-14 06:00:00,-1.1220321543899463,-0.9010053006402144,-0.9092022480815136,-0.9776591450645776,-1.5008602660582444
2004-08-14 07:00:00,-0.7027333348312792,-0.6201090746680626,-0.5245455214469534,-0.8352916498623123,-1.0657256772052914
2004-08-14 08:00:00,-0.6328501982381681,-0.5814877688155632,-0.4725648827125534,-0.7567440663024417,-0.913428571106758
2004-08-14 09:00:00,-0.8424996080175017,-0.7321584953503155,-0.6908835653970335,-0.904020785477199,-1.1309958655332344
2004-08-14 10:00:00,-0.8424996080175017,-0.7079334756762398,-0.6908835653970335,-0.9187484573946748,-1.2615362421891203
2004-08-14 11:00:00,-0.7726164714243904,-0.7648481589815319,-0.7636564596251936,-0.9138392334221828,-1.152752594975882
2004-08-14 12:00:00,-0.9123827446106128,-0.7560534579161436,-0.7324680763845536,-0.9531130252021182,-1.2832929716317678
2004-08-14 13:00:00,-0.9123827446106128,-0.7854388877420851,-0.7844487151189536,-0.9383853532846425,-1.2397795127464726
2004-08-14 14:00:00,-0.982265881203724,-0.802556348040178,-0.8260332261064736,-0.9874775930095616,-1.3268064305170633
2004-08-14 15:00:00,-0.982265881203724,-0.7964304441584295,-0.8052409706127136,-1.0071144888995291,-1.4355900777303017
2004-08-14 16:00:00,-0.982265881203724,-0.7964304441584295,-0.8052409706127136,-0.9923868169820534,-1.3485631599597108
2004-08-14 17:00:00,-0.982265881203724,-0.7964304441584295,-0.8052409706127136,-1.0071144888995291,-1.392076618845006
2004-08-14 18:00:00,-0.8424996080175017,-0.6887365960769418,-0.6492990544095135,-0.9727499210920858,-1.1745093244185296
2004-08-14 19:00:00,-0.6328501982381681,-0.5405373833190544,-0.4933571382063134,-0.8942023375322152,-0.8046449238935196
2004-08-14 20:00:00,-0.4930839250519458,-0.4569571623545103,-0.4205842439781533,-0.8205639779448366,-0.5435641705817479
2004-08-14 21:00:00,-0.6328501982381681,-0.5509371352991098,-0.5453377769407135,-0.8892931135597233,-0.8264016533361672
2004-08-14 22:00:00,-0.7726164714243904,-0.6803724480766056,-0.6389029266626335,-0.95802224917461,-1.2397795127464726
2004-08-14 23:00:00,-0.8424996080175017,-0.7023080828650091,-0.6700913099032735,-0.9727499210920858,-1.3703198894023585
2004-08-15 00:00:00,-0.982265881203724,-0.8188596766280671,-0.8156370983595936,-1.0414790567069725,-1.5878871838288349
2004-08-15 01:00:00,-1.1220321543899463,-0.8415877872781237,-0.8676177370939936,-1.0512975046519564,-1.6531573721567778
2004-08-15 02:00:00,-1.1220321543899463,-0.8844934715569779,-0.8988061203346337,-1.0512975046519564,-1.6749141015994256
2004-08-15 03:00:00,-1.1919152909830577,-0.9088134015355892,-0.9507867590690338,-0.656684244717726,-0.660219925444351
2004-08-15 04:00:00,-1.1578258802703638,-0.9133841133167754,-0.9715790145627936,-1.0807528484869078,-1.805454478255312
2004-08-15 05:00:00,-1.1919152909830577,-0.9098341565957055,-0.9299945035752736,-1.0807528484869078,-1.805454478255312
2004-08-15 06:00:00,-1.1919152909830577,-0.9133841133167754,-0.9715790145627936,-1.0758436245144158,-1.805454478255312
2004-08-15 07:00:00,-1.1220321543899463,-0.9060906707587304,-0.9195983758283937,-1.06111595259694,-1.7836977488126635
2004-08-15 08:00:00,-0.982265881203724,-0.8197712367647308,-0.8156370983595936,-1.0022052649270372,-1.6096439132714826
2004-08-15 09:00:00,-0.7027333348312792,-0.5772903800556907,-0.5557339046875934,-0.8696562176697556,-1.1092391360905869
2004-08-15 10:00:00,-0.7726164714243904,-0.692979494167595,-0.6285067989157536,-0.9432945772571344,-1.1745093244185296
2004-08-15 11:00:00,-0.6328501982381681,-0.5741794464461463,-0.5245455214469534,-0.8942023375322152,-0.8699151122214626
2004-08-15 12:00:00,-0.7027333348312792,-0.6997770040586212,-0.6804874376501535,-1.016932936844513,-1.6096439132714826
2004-08-15 13:00:00,-1.0521490177968351,-0.802556348040178,-0.8468254816002337,-1.1151174162943511,-2.023021772681788
2004-08-15 14:00:00,-1.1919152909830577,-0.8822886955679683,-0.9092022480815136,-1.129845088211827,-2.088291961009731
2004-08-15 15:00:00,-1.1919152909830577,-0.8857425515995927,-0.9299945035752736,-1.100389744376875,-1.8707246665832544
2004-08-15 16:00:00,-1.1220321543899463,-0.8135657602301687,-0.8676177370939936,-1.066025176569432,-1.6096439132714826
2004-08-15 17:00:00,-1.0521490177968351,-0.8061624817721812,-0.8572216093471137,-1.0414790567069725,-1.457346807172949
2004-08-15 18:00:00,-0.9123827446106128,-0.8013247574989295,-0.8260332261064736,-0.9874775930095616,-1.087482406647939
2004-08-15 19:00:00,-0.7726164714243904,-0.7414325552620558,-0.7012796931439136,-0.9089300094496908,-0.6305910883523385
2004-08-15 20:00:00,-0.7027333348312792,-0.7368090544885254,-0.7220719486376735,-0.8942023375322152,-0.5000507116964525
2004-08-15 21:00:00,-0.7027333348312792,-0.5920408515288021,-0.6077145434219935,-0.9187484573946748,-0.5435641705817479
2004-08-15 22:00:00,-0.3533176518657233,-0.3667029110413096,-0.3270190942562334,-0.7812901861649013,-0.4130237939258619
2004-08-15 23:00:00,-0.8424996080175017,-0.7175501375218151,-0.6596951821563936,-0.9825683690370696,-1.1962660538611771
2004-08-16 00:00:00,-0.982265881203724,-0.7884508820520147,-0.7636564596251936,-1.0463882806794644,-1.479103536615597
2004-08-16 01:00:00,-0.982265881203724,-0.8076039463298267,-0.7948448428658336,-1.0512975046519564,-1.457346807172949
2004-08-16 02:00:00,-1.1220321543899463,-0.833128179564832,-0.8572216093471137,-1.1151174162943511,-1.9577515843538449
2004-08-16 03:00:00,-1.1919152909830577,-0.9248400343080124,-0.9923712700565536,-0.5430383615265205,-0.5761483056092226
2004-08-16 04:00:00,-1.2617984275761684,-0.9258608122601464,-1.0235596532971938,-1.0905712964318917,-1.892481396025902
2004-08-16 05:00:00,-1.1919152909830577,-0.9139662573216816,-0.9299945035752736,-0.95802224917461,-1.457346807172949
2004-08-16 06:00:00,-0.8424996080175017,-0.7349812642436288,-0.6181106711688734,-0.746925618357458,-0.913428571106758
2004-08-16 07:00:00,-0.5629670616450568,-0.4293518615930401,-0.2958307110155933,-0.7174702745225064,-1.0439689477626437
2004-08-16 08:00:00,-0.3533176518657233,-0.2077768193733588,-0.046323645090473,-0.6683780347975874,-0.9786987594347007
2004-08-16 09:00:00,-0.0039019689001675,0.0922355231603674,0.0680337601252069,-0.3296415806956456,-0.3695103350405666
2004-08-16 10:00:00,-0.0737851054932787,-0.1162018817868179,-0.0775120283311131,-0.4425537320629595,0.0003540654844433
2004-08-16 11:00:00,-0.4930839250519458,-0.4890652313892404,-0.4101881162312733,-0.5849212272652249,-0.0866728522861472
2004-08-16 12:00:00,-0.4930839250519458,-0.4882836063438801,-0.4205842439781533,-0.8205639779448366,-0.717618006122929
2004-08-16 13:00:00,-0.8424996080175017,-0.7433365301411768,-0.7012796931439136,-0.9089300094496908,-1.087482406647939
2004-08-16 14:00:00,-0.9123827446106128,-0.7698017168633099,-0.7636564596251936,-0.8696562176697556,-0.9351853005494056
2004-08-16 15:00:00,-0.9123827446106128,-0.7720210521754465,-0.7844487151189536,-0.9089300094496908,-1.152752594975882
2004-08-16 16:00:00,-0.7726164714243904,-0.7064480126609682,-0.6596951821563936,-0.8696562176697556,-1.087482406647939
2004-08-16 17:00:00,-0.5629670616450568,-0.4988824273080747,-0.4621687549656733,-0.8156547539723447,-0.8916718416641102
2004-08-16 18:00:00,-0.5629670616450568,-0.4956780942671494,-0.4517726272187933,-0.8402008738348042,-0.717618006122929
2004-08-16 19:00:00,-0.5629670616450568,-0.4988824273080747,-0.4725648827125534,-0.8254732019173285,-0.717618006122929
2004-08-16 20:00:00,-0.3533176518657233,-0.3179772518025144,-0.2958307110155933,-0.7714717382199174,-0.5000507116964525
2004-08-16 21:00:00,-0.4930839250519458,-0.428539927516516,-0.3478113497499933,-0.7812901861649013,-0.4782939822538049
2004-08-16 22:00:00,-0.5629670616450568,-0.5340140740135872,-0.5869222879282334,-0.8107455299998527,-0.5653209000243955
2004-08-16 23:00:00,-0.7726164714243904,-0.6991194537480855,-0.6492990544095135,-0.8892931135597233,-0.9786987594347007
2004-08-17 00:00:00,-0.8424996080175017,-0.6624492345467123,-0.6077145434219935,-0.9482038012296262,-1.2180227833038249
2004-08-17 01:00:00,-1.0521490177968351,-0.8297766508514117,-0.8572216093471137,-1.0463882806794644,-1.5878871838288349
2004-08-17 02:00:00,-1.1220321543899463,-0.856279884106622,-0.8780138648408736,-1.0562067286244483,-1.6096439132714826
2004-08-17 03:00:00,-1.1220321543899463,-0.899984545580098,-0.9092022480815136,-0.5811097170392677,-0.5388422339175098
2004-08-17 04:00:00,-1.1919152909830577,-0.9131528581560376,-0.9507867590690338,-1.0807528484869078,-1.761941019370016
2004-08-17 05:00:00,-1.1919152909830577,-0.9126088064682438,-0.9195983758283937,-1.0562067286244483,-1.8489679371406067
2004-08-17 06:00:00,-0.7726164714243904,-0.6487043178341005,-0.5973184156751135,-0.8794746656147395,-1.5008602660582444
2004-08-17 07:00:00,0.0659811676929437,0.1198147270218929,0.161598909847127,-0.5063736437053543,-0.913428571106758
2004-08-17 08:00:00,0.2756305774722771,0.4761560834853109,0.4838788700004072,-0.3492784765856133,-0.6088343589096907
2004-08-17 09:00:00,0.1358643042860546,0.3081947872161661,0.0888260156189668,-0.2363663252182993,0.5877857604359299
2004-08-17 10:00:00,-0.0737851054932787,-0.0966931213411636,-0.1398887948123932,-0.472009075897911,0.1961646304682722
2004-08-17 11:00:00,-0.3818972499497144,-0.4129874571024734,-0.3686036052437533,-0.5804549016499315,-0.1408772724233697
2004-08-17 12:00:00,-0.619143716145093,-0.5759815060633781,-0.5661300324344735,-0.7048471282534556,-0.4930915527465395
2004-08-17 13:00:00,-0.516825324747523,-0.5257204792111716,-0.4933571382063134,-0.6831744730054493,-0.2316778221454767
2004-08-17 14:00:00,-0.7055013661935171,-0.7111443558341688,-0.6804874376501535,-0.7004466100304326,-0.5859893946172965
2004-08-17 15:00:00,-0.5815324356327028,-0.5502084365981986,-0.5661300324344735,-0.7865999850152146,-0.4220067111564509
2004-08-17 16:00:00,-0.5486941573013249,-0.5333655889419797,-0.5557339046875934,-0.750251719474807,-0.4349081701957602
2004-08-17 17:00:00,-0.6296379229510782,-0.694369176981666,-0.6596951821563936,-0.7121140696625045,-0.3608896094576511
2004-08-17 18:00:00,-0.6915981458390067,-0.7435484644391485,-0.7428642041314335,-0.6876717734149417,-0.4703895064232775
2004-08-17 19:00:00,-0.511464340414914,-0.6480094077510125,-0.6596951821563936,-0.7476599119974474,-0.5337526279134017
2004-08-17 20:00:00,-0.1421274089495943,-0.3612840957959566,-0.3997919884843933,-0.7259079283164139,-0.3131566676741616
2004-08-17 21:00:00,0.0686117088677353,-0.1138313675911422,-0.2126616890405531,-0.5679102972713708,0.0264985923673295
2004-08-17 22:00:00,-0.0082373417472654,-0.1225591781814091,-0.1398887948123932,-0.5945144618637535,-0.0599568195174041
2004-08-17 23:00:00,-0.1601967386012431,-0.3640948692721024,-0.3270190942562334,-0.6451361522792601,-0.2155350632417678
2004-08-18 00:00:00,-0.5542448321070405,-0.5988339203684343,-0.5141493937000734,-0.5370691778492745,-0.2885576799441112
2004-08-18 01:00:00,-0.6685624580168505,-0.6343403551843801,-0.5557339046875934,-0.595306248017764,-0.3876376784262113
2004-08-18 02:00:00,-0.7541382700810391,-0.7342050417143974,-0.6181106711688734,-0.6132457476582706,-0.4595068259444654
2004-08-18 03:00:00,-0.9270218507029973,-0.7797380886252248,-0.7220719486376735,-0.6263526924964489,-0.5818633644677916
2004-08-18 04:00:00,-1.03144366535725,-0.7889712176096835,-0.7532603318783136,-0.6451950680607293,-0.6628862336187685
2004-08-18 05:00:00,-1.0007221394330583,-0.7815265046000294,-0.7324680763845536,-0.5829435596917117,-0.5440460415043858
2004-08-18 06:00:00,-0.7895237074200886,-0.647165516418065,-0.5245455214469534,-0.5578648381684183,-0.6095433050724833
2004-08-18 07:00:00,-0.2121143629636915,-0.2198153651018692,-0.046323645090473,-0.4087731533621072,-0.3901373319653107
2004-08-18 08:00:00,-0.1481495191471894,-0.1674800009763416,-0.0151352618498331,-0.467101050466428,-0.2418015932690353
2004-08-18 09:00:00,-0.4693198158161977,-0.537622451163305,-0.5037532659531934,-0.7038843252792363,-0.5962891158538404
2004-08-18 10:00:00,-0.6048823581779849,-0.5783975753738695,-0.5869222879282334,-0.7615808534527078,-0.544547001354376
2004-08-18 11:00:00,-0.3903838367682626,-0.4436099257698271,-0.4517726272187933,-0.6426604534621387,-0.4830386596401928
2004-08-18 12:00:00,-0.5526400856935794,-0.5276182274615339,-0.5973184156751135,-0.7343907895790011,-0.6993243400833115
2004-08-18 13:00:00,-0.6043892629165367,-0.5880048057082367,-0.6077145434219935,-0.7381845089618573,-0.5385688472796922
2004-08-18 14:00:00,-0.6287550333445859,-0.6735875287952018,-0.6181106711688734,-0.7168768843598768,-0.4988519270587359
2004-08-18 15:00:00,-0.4199728847427791,-0.4388013201428296,-0.4517726272187933,-0.7127512814807724,-0.4942290868260566
2004-08-18 16:00:00,-0.4930839250519458,-0.444501340931095,-0.4101881162312733,-0.7616532902749337,-0.848158382778815
2004-08-18 17:00:00,-0.2834345152726122,-0.265914302685181,-0.2334539445343132,-0.7076518265775227,-0.6958612766802814
2004-08-18 18:00:00,-0.4232007884588346,-0.3032099775885614,-0.2542462000280732,-0.7567440663024417,-0.8264016533361672
2004-08-18 19:00:00,-0.2834345152726122,-0.2620216524622064,-0.2230578167874333,-0.7272887224674903,-0.782888194450872
2004-08-18 20:00:00,-0.3533176518657233,-0.3023401724918091,-0.2958307110155933,-0.7223794984949984,-0.8699151122214626
2004-08-18 21:00:00,-0.4930839250519458,-0.3996547798409173,-0.3582074774968732,-0.8254732019173285,-1.1962660538611771
2004-08-18 22:00:00,-0.4930839250519458,-0.4996926215912692,-0.5453377769407135,-0.800927082054869,-1.2180227833038249
2004-08-18 23:00:00,-0.4930839250519458,-0.4972311803021021,-0.5141493937000734,-0.8156547539723447,-1.2397795127464726
2004-08-19 00:00:00,-0.6328501982381681,-0.615011800700449,-0.5869222879282334,-0.8794746656147395,-1.392076618845006
2004-08-19 01:00:00,-0.8424996080175017,-0.7730958781808869,-0.7220719486376735,-0.9334761293121504,-1.5661304543861874
2004-08-19 02:00:00,-1.0521490177968351,-0.9098341565957055,-0.9403906313221536,-0.967840697119594,-1.7401842899273685
2004-08-19 03:00:00,-1.1919152909830577,-0.9201638590022252,-0.9923712700565536,-0.6456195013955093,-0.5597376377598928
2004-08-19 04:00:00,-1.1220321543899463,-0.9174493693516648,-0.9819751423096736,-1.1151174162943511,-2.044778502124436
2004-08-19 05:00:00,-1.1220321543899463,-0.9089763927001558,-0.9299945035752736,-1.1151174162943511,-2.1318054198950263
2004-08-19 06:00:00,-0.9123827446106128,-0.7522687664476769,-0.6908835653970335,-0.9874775930095616,-1.5661304543861874
2004-08-19 07:00:00,-0.4930839250519458,-0.4695594926898955,-0.3686036052437533,-0.8156547539723447,-1.1745093244185296
2004-08-19 08:00:00,-0.6328501982381681,-0.5071447973986267,-0.3686036052437533,-0.9089300094496908,-1.152752594975882
2004-08-19 09:00:00,-0.7726164714243904,-0.5842136586908362,-0.5245455214469534,-1.016932936844513,-1.5443737249435396
2004-08-19 10:00:00,-0.6328501982381681,-0.5419059139089599,-0.5037532659531934,-0.9383853532846425,-1.3703198894023585
2004-08-19 11:00:00,-0.7027333348312792,-0.5523857879502488,-0.5453377769407135,-1.0071144888995291,-1.6314006427141303
2004-08-19 12:00:00,-0.6328501982381681,-0.5507710308201637,-0.5245455214469534,-0.9972960409545452,-1.4355900777303017
2004-08-19 13:00:00,-0.7027333348312792,-0.577416286151915,-0.5973184156751135,-1.012023712872021,-1.457346807172949
2004-08-19 14:00:00,-0.7726164714243904,-0.5710260710361655,-0.5765261601813535,-1.0562067286244483,-1.6531573721567778
2004-08-19 15:00:00,-0.7726164714243904,-0.6826405891700422,-0.6181106711688734,-1.0365698327344806,-1.6096439132714826
2004-08-19 16:00:00,-0.6328501982381681,-0.5235245853249503,-0.4725648827125534,-1.012023712872021,-1.4355900777303017
2004-08-19 17:00:00,-0.2834345152726122,-0.2557084918773462,-0.2126616890405531,-0.9187484573946748,-1.022212218319996
2004-08-19 18:00:00,-0.2834345152726122,-0.3023401724918091,-0.2958307110155933,-0.9432945772571344,-1.087482406647939
2004-08-19 19:00:00,-0.2834345152726122,-0.2418235675857329,-0.2126616890405531,-0.8647469936972637,-0.9569420299920532
2004-08-19 20:00:00,-0.2834345152726122,-0.389700689657461,-0.4101881162312733,-0.850019321779788,-0.913428571106758
2004-08-19 21:00:00,-0.3253095077867045,-0.4594074323391396,-0.5141493937000734,-0.7085738791574391,-0.5473542356098543
2004-08-19 22:00:00,-0.2913090941457807,-0.3492206435524113,-0.3686036052437533,-0.7256550736179406,-0.5531134479873423
2004-08-19 23:00:00,-0.5798847027088672,-0.5299206150131436,-0.5973184156751135,-0.8289553006378684,-0.8950771403130658
2004-08-20 00:00:00,-0.5848954636119901,-0.687737222161166,-0.6285067989157536,-0.7917856974166992,-0.6624442004575611
2004-08-20 01:00:00,-0.6721756574896551,-0.727545433336763,-0.6596951821563936,-0.8100773808417924,-0.7875528643330534
2004-08-20 02:00:00,-0.857455389733698,-0.786819871589508,-0.7428642041314335,-0.7767720236509725,-0.7094681960782581
2004-08-20 03:00:00,-1.2163238563149428,-0.9208674680519616,-1.0339557810440738,-0.6088212211606628,-0.4084029455812542
2004-08-20 04:00:00,-1.2808239904849563,-0.9254180348577518,-1.0755402920315935,-0.6034411578437022,-0.3745373625610941
2004-08-20 05:00:00,-1.1310724216243415,-0.9079556376400394,-0.9299945035752736,-0.6960945952638639,-0.5924065940210803
2004-08-20 06:00:00,-0.8035637598352392,-0.7670179101837736,-0.7116758208907935,-0.80154084741465,-0.9490996346730886
2004-08-20 07:00:00,-0.2773300642477802,-0.2921126600513886,-0.2542462000280732,-0.6644488802807244,-0.7486453146318294
2004-08-20 08:00:00,0.1638336605371077,0.1757279303457996,0.161598909847127,-0.3450850812306923,-0.3826722334452286
2004-08-20 09:00:00,-0.1170791027085623,-0.2227945322587106,-0.2854345832687133,-0.7273220568893006,-0.8395494425336559
2004-08-20 10:00:00,-0.2717967173377195,-0.3543179633040598,-0.3686036052437533,-0.6480233626609093,-0.5598174792734267
2004-08-20 11:00:00,-0.3424957812174797,-0.3595478736210413,-0.3789997329906333,-0.6020268794531894,-0.2225712418637801
2004-08-20 12:00:00,-0.4144720276370713,-0.4367712560313443,-0.4205842439781533,-0.6684985256233893,-0.3702106496883826
2004-08-20 13:00:00,-0.7674625887677334,-0.7741964805980269,-0.7844487151189536,-0.7556544052533107,-0.625511441788588
2004-08-20 14:00:00,-0.8232973588880673,-0.7980230875996142,-0.8364293538533536,-0.7253703452195116,-0.5414590768714843
2004-08-20 15:00:00,-0.8415047702082159,-0.7983210500993332,-0.8364293538533536,-0.7079195132209812,-0.53144170576908
2004-08-20 16:00:00,-0.657920714176227,-0.6779469930389411,-0.6804874376501535,-0.7524607803718526,-0.5022417885751371
2004-08-20 17:00:00,-0.5436738160712774,-0.5035870116075736,-0.5869222879282334,-0.7227669268761283,-0.4716033962122033
2004-08-20 18:00:00,-0.5080476626048491,-0.5144673128188907,-0.5973184156751135,-0.8000797884703832,-0.6246456344401623
2004-08-20 19:00:00,-0.46048642116298,-0.4998542392347862,-0.5869222879282334,-0.8158009010666185,-0.6873454572024665
2004-08-20 20:00:00,-0.2805387240027958,-0.4150542400100211,-0.4517726272187933,-0.7803730026578336,-0.5003694137878976
2004-08-20 21:00:00,-0.3484236709824514,-0.4208222958742827,-0.4725648827125534,-0.7760045828612053,-0.5368456981071449
2004-08-20 22:00:00,-0.2319580524689616,-0.3120906152876271,-0.3166229665093532,-0.7503848324356089,-0.4599387336746424
2004-08-20 23:00:00,-0.4075201258846488,-0.4363277003003549,-0.4621687549656733,-0.7570484208098917,-0.5563730068257309
2004-08-21 00:00:00,-0.5644212219807019,-0.5993671670239703,-0.5557339046875934,-0.6927787191994971,-0.4455531520313696
2004-08-21 01:00:00,-0.7592439178743106,-0.7195663748547332,-0.6181106711688734,-0.6855472096590242,-0.5308386616554238
2004-08-21 02:00:00,-0.9739158848549628,-0.7929579540245639,-0.7740525873720735,-0.6590934619632596,-0.5386767412169001
2004-08-21 03:00:00,-1.1862846579357575,-0.9170395106704284,-0.9715790145627936,-0.5755412206030627,-0.517291996871611
2004-08-21 04:00:00,-1.1923647291112462,-0.912671347460041,-0.9507867590690338,-0.5758258740926786,-0.5402979721164541
2004-08-21 05:00:00,-1.1124655731518316,-0.8402026828675516,-0.8676177370939936,-0.574586470326247,-0.554751277954159
2004-08-21 06:00:00,-1.0642905243292646,-0.8257939892156454,-0.8156370983595936,-0.5705803470039681,-0.571844333458661
2004-08-21 07:00:00,-1.0543932135442755,-0.8061832677240669,-0.7844487151189536,-0.5310259093559154,-0.565380822657214
2004-08-21 08:00:00,-1.0628598899442587,-0.8222459096400103,-0.8468254816002337,-0.5487277233325927,-0.5176644799409874
2004-08-21 09:00:00,-0.9996056981175832,-0.8955977024834342,-0.9092022480815136,-0.6180644817845898,-0.5236250390043726
2004-08-21 10:00:00,-0.871244729158592,-0.8070319205966535,-0.8156370983595936,-0.5878551058374084,-0.4257904685389976
2004-08-21 11:00:00,-0.9385300726335554,-0.8092996954178102,-0.8572216093471137,-0.5397745845416347,-0.3745357026543679
2004-08-21 12:00:00,-0.948995163576409,-0.8087201611028987,-0.8572216093471137,-0.5841709031392412,-0.3485961742521768
2004-08-21 13:00:00,-0.9083226770364508,-0.8147972592033471,-0.8676177370939936,-0.5568934206806974,-0.3755201933337223
2004-08-21 14:00:00,-0.9761534326885896,-0.886974050572771,-0.9507867590690338,-0.5887433370882297,-0.4656297238856804
2004-08-21 15:00:00,-0.9100911637331316,-0.8182988221994317,-0.8676177370939936,-0.5835193088288665,-0.480380982980752
2004-08-21 16:00:00,-0.8211820227031219,-0.7967334429019975,-0.8156370983595936,-0.5717865661662156,-0.459650075894943
2004-08-21 17:00:00,-0.7720004147495452,-0.7774527327346317,-0.7948448428658336,-0.5117371147202229,-0.3564118450728484
2004-08-21 18:00:00,-0.5868638459126316,-0.6491842260888725,-0.6181106711688734,-0.6309554645147254,-0.4354526196019788
2004-08-21 19:00:00,-0.0694556307952788,-0.2270790938212052,-0.2542462000280732,-0.5708470972872635,-0.1856618878796473
2004-08-21 20:00:00,-0.2354022216519405,-0.3792769468430706,-0.3686036052437533,-0.6079328026378089,-0.2074811958058756
2004-08-21 21:00:00,-0.5289001188816813,-0.5500594553483391,-0.5973184156751135,-0.6649609569267808,-0.447074788527347
2004-08-21 22:00:00,-0.6705947369327195,-0.6827625578392573,-0.6389029266626335,-0.717554022575504,-0.5334176587360392
2004-08-21 23:00:00,-0.4916722180606552,-0.5170548433404221,-0.4829610104594334,-0.5931215324849618,-0.292621297600708
2004-08-22 00:00:00,-0.2858970425053042,-0.4579752161565623,-0.3478113497499933,-0.5150741525242781,-0.2138957393588974
2004-08-22 01:00:00,-0.6146069731567597,-0.6315478495381956,-0.5141493937000734,-0.5986107753969526,-0.4353726120977723
2004-08-22 02:00:00,-0.8031124847834965,-0.738910679046701,-0.6389029266626335,-0.6487489668785842,-0.6599822268011483
2004-08-22 03:00:00,-0.915722271631418,-0.7453713557923011,-0.6492990544095135,-0.6496086953260374,-0.8170907385364661
2004-08-22 04:00:00,-1.0066907664142573,-0.7910058601246678,-0.7636564596251936,-0.5987076699466417,-0.7657345523508609
2004-08-22 05:00:00,-0.999698294059989,-0.8057050534785897,-0.7948448428658336,-0.620475871385702,-0.8456154056741597
2004-08-22 06:00:00,-1.1288704667879197,-0.856573588691087,-0.8884099925877535,-0.6030863522506587,-0.8971316068681779
2004-08-22 07:00:00,-0.9228942709815338,-0.7788599050500692,-0.7116758208907935,-0.6326129718212337,-0.8850205954119214
2004-08-22 08:00:00,-0.9132831620500176,-0.7492616710294913,-0.6908835653970335,-0.653449794533152,-0.7951841195164356
2004-08-22 09:00:00,-0.6703690577532528,-0.5976911966391028,-0.5557339046875934,-0.6931601174211759,-0.7743288854168286
2004-08-22 10:00:00,-0.6400274126184183,-0.5817046477893139,-0.5765261601813535,-0.6573016431549403,-0.4658667585661927
2004-08-22 11:00:00,-0.7509271944174946,-0.6992423838820354,-0.6389029266626335,-0.6697259439797318,-0.4636927787267887
2004-08-22 12:00:00,-0.8207923533188638,-0.7453659074921372,-0.7012796931439136,-0.5861791709628882,-0.2321143776144873
2004-08-22 13:00:00,-1.0353567290627936,-0.8905240072938408,-0.9611828868159136,-0.5118422117849416,-0.3014694304051234
2004-08-22 14:00:00,-1.0699967336599208,-0.8974286518267451,-0.9923712700565536,-0.5358488383757659,-0.3111594679011061
2004-08-22 15:00:00,-0.9705491497056916,-0.832188279110509,-0.8884099925877535,-0.5120037900947051,-0.3450320225295165
2004-08-22 16:00:00,-0.8394337534486954,-0.7934267367588331,-0.8052409706127136,-0.4619351889004034,-0.1575608289384994
2004-08-22 17:00:00,-0.832769636386368,-0.7654618024025115,-0.7636564596251936,-0.4399400886665939,-0.1510413792803769
2004-08-22 18:00:00,-0.6122098920530412,-0.6728362585650403,-0.6285067989157536,-0.5811263842501728,-0.101587114221739
2004-08-22 19:00:00,-0.26415403236044,-0.4335975982938627,-0.4101881162312733,-0.6648687067235014,-0.2985743870838251
2004-08-22 20:00:00,-0.172677072139478,-0.3735019318054905,-0.3478113497499933,-0.6107300475349768,-0.1590728379754644
2004-08-22 21:00:00,-0.3044898745429878,-0.4485745633880728,-0.4101881162312733,-0.5643402181498957,-0.2086668671804547
2004-08-22 22:00:00,-0.5947739469718926,-0.5899311689804682,-0.5453377769407135,-0.6935339123983295,-0.4216765557085946
2004-08-22 23:00:00,-0.6659457791585828,-0.5968217578146303,-0.6077145434219935,-0.657966983232511,-0.4127766338143194
2004-08-23 00:00:00,-0.6026837981095816,-0.6343403551843801,-0.5349416491938335,-0.6070463691985011,-0.3646730348588525
2004-08-23 01:00:00,-0.7924178825304065,-0.7725678051213047,-0.7220719486376735,-0.6266047231979786,-0.4744342011431948
2004-08-23 02:00:00,-0.9743135933831184,-0.8257939892156454,-0.8260332261064736,-0.5432226372066403,-0.5354822507221816
2004-08-23 03:00:00,-1.124912271411842,-0.912671347460041,-0.9299945035752736,-0.5793950168539905,-0.6247736132487581
2004-08-23 04:00:00,-1.1819615145842468,-0.9192820813803227,-0.9715790145627936,-0.5830674588685077,-0.638593996651734
2004-08-23 05:00:00,-1.1897929111751426,-0.9192820813803227,-0.9715790145627936,-0.5811906185573691,-0.6587567176651385
2004-08-23 06:00:00,-1.049880338066063,-0.7949647598462739,-0.7844487151189536,-0.5764903152644926,-0.6647063213441304
2004-08-23 07:00:00,-0.5843358059052138,-0.5317690996418559,-0.3893958607375133,-0.5477640589070232,-0.6343690360613431
2004-08-23 08:00:00,0.3381604549298597,0.470991644338366,0.3695214647847272,-0.2424041253683053,-0.5059120083376065
2004-08-23 09:00:00,-0.0737851054932787,0.0111674721957599,0.0680337601252069,-0.6241950190451602,-0.3807628427379931
2004-08-23 10:00:00,-0.1459352973269443,-0.2532063027970374,-0.2230578167874333,-0.495865060865678,-0.1842836673248202
2004-08-23 11:00:00,-0.3533176518657233,-0.3613330847133966,-0.3270190942562334,-0.746925618357458,-0.5870776294670431
2004-08-23 12:00:00,-0.5629670616450568,-0.5328560126325338,-0.5661300324344735,-0.8892931135597233,-1.0004554888773485
2004-08-23 13:00:00,-0.7726164714243904,-0.7130513524595992,-0.6908835653970335,-0.9776591450645776,-1.3050497010744155
2004-08-23 14:00:00,-0.8424996080175017,-0.7629852981658325,-0.7532603318783136,-0.967840697119594,-1.2397795127464726
2004-08-23 15:00:00,-0.7726164714243904,-0.7064480126609682,-0.6700913099032735,-0.9383853532846425,-1.152752594975882
2004-08-23 16:00:00,-0.7027333348312792,-0.674829787016603,-0.6389029266626335,-0.9482038012296262,-1.1962660538611771
2004-08-23 17:00:00,-0.4232007884588346,-0.4494458335739448,-0.3997919884843933,-0.8745654416422476,-0.8699151122214626
2004-08-23 18:00:00,-0.4232007884588346,-0.4494458335739448,-0.4101881162312733,-0.9187484573946748,-0.913428571106758
2004-08-23 19:00:00,-0.3533176518657233,-0.3720697156229131,-0.3686036052437533,-0.9089300094496908,-0.8046449238935196
2004-08-23 20:00:00,-0.2834345152726122,-0.3158672487659354,-0.2854345832687133,-0.8156547539723447,-0.3912670644832143
2004-08-23 21:00:00,-0.4930839250519458,-0.534186496689362,-0.5037532659531934,-0.8647469936972637,-0.6523478177949861
2004-08-23 22:00:00,-0.6328501982381681,-0.5488037824046856,-0.4725648827125534,-0.967840697119594,-1.087482406647939
2004-08-23 23:00:00,-0.7027333348312792,-0.5804595051737083,-0.5869222879282334,-1.012023712872021,-1.3268064305170633
2004-08-24 00:00:00,-0.7027333348312792,-0.6321707871182785,-0.5765261601813535,-0.9531130252021182,-1.2397795127464726
2004-08-24 01:00:00,-0.6328501982381681,-0.6311356100871399,-0.5869222879282334,-1.026751384789497,-1.3050497010744155
2004-08-24 02:00:00,-0.982265881203724,-0.8291086159968633,-0.8468254816002337,-1.0807528484869078,-1.6531573721567778
2004-08-24 03:00:00,-1.1220321543899463,-0.9170395106704284,-0.9611828868159136,-0.50954895338202,-0.5390942077585587
2004-08-24 04:00:00,-1.1919152909830577,-0.92688232275684,-1.0027673978034335,-1.1102081923218592,-1.9359948549111967
2004-08-24 05:00:00,-0.982265881203724,-0.8609559907363566,-0.8884099925877535,-0.9776591450645776,-1.3485631599597108
2004-08-24 06:00:00,-0.7027333348312792,-0.6287183046077037,-0.5869222879282334,-0.7616532902749337,-0.848158382778815
2004-08-24 07:00:00,-0.3533176518657233,-0.2532537350572877,-0.1398887948123932,-0.4376445080904676,-0.347753605597919
2004-08-24 08:00:00,0.1358643042860546,0.4633305101953112,0.3279369537972071,-0.1087265019335097,0.1744079010256245
2004-08-24 09:00:00,-0.3533176518657233,-0.2428587446168714,-0.1502849225592731,-0.4180076122005,-0.1084295817287948
2004-08-24 10:00:00,-0.0737851054932787,-0.0530641408775272,-0.0151352618498331,-0.3001862368606942,0.2614348187962151
2004-08-24 11:00:00,-0.3533176518657233,-0.3561165433346324,-0.3166229665093532,-0.5505566594577815,0.2396780893535675
2004-08-24 12:00:00,-0.3533176518657233,-0.2582941910374779,-0.1918694335467932,-0.6978333786325388,0.1091377126976816
2004-08-24 13:00:00,-0.5629670616450568,-0.4963168731233389,-0.4413764994719134,-0.7174702745225064,-0.0649161228434995
2004-08-24 14:00:00,-0.7726164714243904,-0.5848983589341213,-0.5557339046875934,-0.800927082054869,-0.5218074411391002
2004-08-24 15:00:00,-0.3533176518657233,-0.2696286698759022,-0.2334539445343132,-0.634013466990144,0.1744079010256245
2004-08-24 16:00:00,-0.0737851054932787,-0.0919919250602541,-0.0983042838248731,-0.5161920916503382,0.4137319248947487
2004-08-24 17:00:00,-0.2834345152726122,-0.2953674470988737,-0.2750384555218333,-0.742016394384966,-0.4347805233685096
2004-08-24 18:00:00,-0.2834345152726122,-0.2795886204158374,-0.2438500722811932,-0.7763809621924094,-0.5000507116964525
2004-08-24 19:00:00,-0.4930839250519458,-0.4668654685029759,-0.4725648827125534,-0.8254732019173285,-0.9786987594347007
2004-08-24 20:00:00,-0.5629670616450568,-0.6181390792104852,-0.6389029266626335,-0.8402008738348042,-1.0657256772052914
2004-08-24 21:00:00,-0.5629670616450568,-0.5029021740121835,-0.5869222879282334,-0.8451100978072961,-1.0439689477626437
2004-08-24 22:00:00,-0.3533176518657233,-0.4278241399134722,-0.4621687549656733,-0.692924154660047,-0.5435641705817479
2004-08-24 23:00:00,-0.213551378679501,-0.3336097527097206,-0.3686036052437533,-0.7272887224674903,-0.5870776294670431
2004-08-25 00:00:00,-0.4232007884588346,-0.5328820179644085,-0.4725648827125534,-0.6831057067150631,-0.5653209000243955
2004-08-25 01:00:00,-0.5629670616450568,-0.592422965084834,-0.5245455214469534,-0.8205639779448366,-0.848158382778815
2004-08-25 02:00:00,-0.7027333348312792,-0.7321527723459417,-0.6908835653970335,-0.8794746656147395,-1.0439689477626437
2004-08-25 03:00:00,-1.1220321543899463,-0.9156820598169908,-0.9715790145627936,-0.5756414485949327,-0.5135907368533603
2004-08-25 04:00:00,-1.0521490177968351,-0.81877236647334,-0.8052409706127136,-1.0414790567069725,-1.522616995500892
2004-08-25 05:00:00,-0.982265881203724,-0.7790460171523061,-0.7220719486376735,-0.9383853532846425,-1.3050497010744155
2004-08-25 06:00:00,-0.7027333348312792,-0.6282221430205102,-0.5141493937000734,-0.6389226909626359,-0.6958612766802814
2004-08-25 07:00:00,-0.1436682420863899,-0.0097105056003245,0.0576376323783269,-0.3836430443930566,-0.4565372528111572
2004-08-25 08:00:00,0.9744619434033888,1.2594650656525777,1.0036852573444075,-0.1676371896034126,-0.0866728522861472
2004-08-25 09:00:00,0.5551631238447217,0.516752237903097,0.4422943590128871,-0.2216386533008236,-0.0649161228434995
2004-08-25 10:00:00,0.0659811676929437,0.1201398852383964,0.0784298878720869,-0.4523721800079434,-0.3695103350405666
2004-08-25 11:00:00,-0.0737851054932787,-0.1943721696087974,-0.2126616890405531,-0.5505566594577815,-0.3259968761552713
2004-08-25 12:00:00,-0.2834345152726122,-0.281886063291668,-0.2750384555218333,-0.7272887224674903,-0.6958612766802814
2004-08-25 13:00:00,-0.3533176518657233,-0.3523078610318305,-0.3582074774968732,-0.7567440663024417,-0.7393747355655766
2004-08-25 14:00:00,-0.5629670616450568,-0.5262110093620614,-0.5349416491938335,-0.8745654416422476,-0.9569420299920532
2004-08-25 15:00:00,-0.5629670616450568,-0.5197294550965056,-0.5245455214469534,-0.8451100978072961,-0.848158382778815
2004-08-25 16:00:00,-0.5629670616450568,-0.5300002792340273,-0.5557339046875934,-0.8892931135597233,-1.0657256772052914
2004-08-25 17:00:00,-0.3533176518657233,-0.3482644897656666,-0.3582074774968732,-0.8205639779448366,-0.8046449238935196
2004-08-25 18:00:00,-0.5629670616450568,-0.52915446497161,-0.5765261601813535,-0.9187484573946748,-1.2180227833038249
2004-08-25 19:00:00,-0.4930839250519458,-0.5178324393907032,-0.5245455214469534,-0.9285669053396586,-1.2397795127464726
2004-08-25 20:00:00,-0.4930839250519458,-0.5296328165691924,-0.5557339046875934,-0.8794746656147395,-0.8916718416641102
2004-08-25 21:00:00,-0.5629670616450568,-0.5306987604718445,-0.5245455214469534,-0.8451100978072961,-0.717618006122929
2004-08-25 22:00:00,-0.4930839250519458,-0.4995491344256085,-0.4725648827125534,-0.8156547539723447,-0.5870776294670431
2004-08-25 23:00:00,-0.4232007884588346,-0.4657744349491488,-0.4517726272187933,-0.7321979464399822,-0.347753605597919
2004-08-26 00:00:00,-0.4232007884588346,-0.5420824571478838,-0.4517726272187933,-0.800927082054869,-0.5653209000243955
2004-08-26 01:00:00,-0.8424996080175017,-0.7438925314621032,-0.6596951821563936,-0.9825683690370696,-1.1962660538611771
2004-08-26 02:00:00,-1.0521490177968351,-0.8622704503809381,-0.8884099925877535,-1.0512975046519564,-1.6314006427141303
2004-08-26 03:00:00,-1.1220321543899463,-0.9170395106704284,-0.9611828868159136,-0.5072222856484752,-0.5379311111154569
2004-08-26 04:00:00,-1.1986492777861817,-0.9258608122601464,-1.0027673978034335,-1.0758436245144158,-1.7184275604847208
2004-08-26 05:00:00,-1.1220321543899463,-0.8609559907363566,-0.8884099925877535,-0.9727499210920858,-1.4138333482876535
2004-08-26 06:00:00,-0.7726164714243904,-0.2923806797922239,3.124976132270929,-0.8598377697247719,-1.1092391360905869
2004-08-26 07:00:00,-0.1436682420863899,-0.086902022322274,3.1071629124373032,-0.5751027793202411,-0.5870776294670431
2004-08-26 08:00:00,0.3455137140653883,0.2128533802070847,3.1080219064520334,-0.4670998519254191,-0.4347805233685096
2004-08-26 09:00:00,-0.2834345152726122,-0.1480856090500939,3.264980655828718,-0.6585595868526035,-0.5000507116964525
2004-08-26 10:00:00,-0.2834345152726122,-0.138667924620588,3.285153928008447,-0.6241950190451602,-0.5870776294670431
2004-08-26 11:00:00,-0.4930839250519458,-0.1987863915583856,3.284751795076344,-0.7616532902749337,-0.848158382778815
2004-08-26 12:00:00,-0.3533176518657233,-0.1414797969135735,3.271823657548094,-0.7272887224674903,-0.717618006122929
2004-08-26 13:00:00,-0.5629670616450568,-0.1971751597989947,3.272495862005605,-0.7665625142474256,-0.7611314650082243
2004-08-26 14:00:00,-0.8424996080175017,-0.2566507273174537,3.2709095388020404,-0.9334761293121504,-1.2615362421891203
2004-08-26 15:00:00,-0.4930839250519458,-0.1952782356612623,3.27179034476082,-0.7321979464399822,-0.7393747355655766
2004-08-26 16:00:00,-0.7726164714243904,-0.2559819141343103,3.2709095388020404,-0.8843838895872314,-1.087482406647939
2004-08-26 17:00:00,0.0659811676929437,-0.0109670942246778,3.256813074234365,-0.5358289875403058,-0.2389699583846807
2004-08-26 18:00:00,-0.1436682420863899,-0.0683292706879685,3.224469927017691,-0.6634688108250955,-0.4782939822538049
2004-08-26 19:00:00,-0.0039019689001675,-0.0284945963401468,3.226104236498163,-0.6045581231551925,-0.4130237939258619
2004-08-26 20:00:00,-0.2834345152726122,-0.1578124272838567,3.2302520750946835,-0.6389226909626359,-0.4130237939258619
2004-08-26 21:00:00,-0.7726164714243904,-0.2856324793068825,3.2520854345069425,-0.8745654416422476,-0.913428571106758
2004-08-26 22:00:00,-0.7027333348312792,-0.2804824163469248,3.2536384449232325,-0.8352916498623123,-0.848158382778815
2004-08-26 23:00:00,-0.982265881203724,-0.2925248995024444,3.2514279035390654,-0.9923868169820534,-1.3268064305170633
2004-08-27 00:00:00,-0.5629670616450568,-0.3790051728113661,3.144849985945985,-0.7714717382199174,-0.848158382778815
2004-08-27 01:00:00,-0.5629670616450568,-0.3813354886243201,3.144849985945985,-0.7223794984949984,-0.7393747355655766
2004-08-27 02:00:00,-0.7726164714243904,-0.4305688928111615,3.1415904883434616,-0.850019321779788,-0.9351853005494056
2004-08-27 03:00:00,-0.982265881203724,-0.2982272094924594,3.3237099100518823,0.5487553415122735,0.1090723123726663
2004-08-27 04:00:00,-1.0521490177968351,-0.4227465072968696,3.1262130677889086,-0.9432945772571344,-1.1309958655332344
2004-08-27 05:00:00,-0.982265881203724,-0.4367392072068509,3.1419533597762768,-0.8205639779448366,-1.2397795127464726
2004-08-27 06:00:00,-0.7027333348312792,-0.3269891065458633,3.122716018286651,-0.7174702745225064,-1.2615362421891203
2004-08-27 07:00:00,0.2057474408791658,0.1614586032964049,3.1285770859430206,-0.1823648615208883,-0.913428571106758
2004-08-27 08:00:00,0.2057474408791658,0.1620464703056848,3.1282752879535423,-0.3394600286406294,-0.8916718416641102
2004-08-27 09:00:00,0.1358643042860546,0.134125900679269,3.1134554600050426,-0.3934614923380404,-0.5870776294670431
2004-08-27 10:00:00,0.0659811676929437,-0.0162332654973719,3.27499035524321,-0.4474629560354514,-0.2389699583846807
2004-08-27 11:00:00,-0.213551378679501,-0.1328976711226469,3.259973426636667,-0.5849212272652249,-0.1954564994993854
2004-08-27 12:00:00,-0.0737851054932787,-0.0687516741947922,3.2586528125697,-0.6094673471276845,-0.1301863111714425
2004-08-27 13:00:00,-0.4232007884588346,-0.1755121689389606,3.264802591049118,-0.7174702745225064,-0.4565372528111572
2004-08-27 14:00:00,-0.4930839250519458,-0.1996916334982206,3.264769278261843,-0.7665625142474256,-0.4782939822538049
2004-08-27 15:00:00,-0.4232007884588346,-0.1773473761975256,3.264769278261843,-0.7518348423299498,-0.4565372528111572
2004-08-27 16:00:00,-0.3533176518657233,-0.1462704551988548,3.256080192914319,-0.6978333786325388,-0.3912670644832143
2004-08-27 17:00:00,-0.1436682420863899,-0.0684915293079753,3.268311141394601,-0.6585595868526035,-0.0214026639582042
2004-08-27 18:00:00,-0.0737851054932787,-0.0722543360077166,3.2250568666030097,-0.6732872587700793,-0.0649161228434995
2004-08-27 19:00:00,0.1358643042860546,0.167688986346002,3.2301628444144828,-0.5407382115127978,0.1308944421403292
2004-08-27 20:00:00,0.2057474408791658,0.1850632035123224,3.226540475379144,-0.4474629560354514,0.3049482776815104
2004-08-27 21:00:00,-0.213551378679501,-0.1414409720519014,3.2293324042174167,-0.6045581231551925,0.0438675243697386
2004-08-27 22:00:00,-0.2834345152726122,-0.1804747004915967,3.22378860120176,-0.692924154660047,-0.2389699583846807
2004-08-27 23:00:00,-0.6328501982381681,-0.2907313557157208,3.246617378424256,-0.8058363060273609,-0.5435641705817479
2004-08-28 00:00:00,-0.9123827446106128,-0.4276073982918265,3.1203884855662207,-0.9236576813671666,-0.8916718416641102
2004-08-28 01:00:00,-0.982265881203724,-0.4271165934367268,3.126613217817008,-0.967840697119594,-1.1309958655332344
2004-08-28 02:00:00,-1.0521490177968351,-0.4227465072968696,3.126613217817008,-0.9923868169820534,-1.3268064305170633
2004-08-28 03:00:00,-1.0521490177968351,-0.8070326989252484,-0.7844487151189536,-0.5980440902261778,-0.6382907316928433
2004-08-28 04:00:00,-1.0521490177968351,-0.9103453811304112,-0.9195983758283937,-0.9727499210920858,-1.1745093244185296
2004-08-28 05:00:00,-1.1919152909830577,-0.9258608122601464,-1.0027673978034335,-1.0463882806794644,-1.6749141015994256
2004-08-28 06:00:00,-1.1220321543899463,-0.8274800778722459,-0.8260332261064736,-0.9825683690370696,-1.5443737249435396
2004-08-28 07:00:00,-0.982265881203724,-0.779218394044046,-0.7324680763845536,-0.9825683690370696,-1.457346807172949
2004-08-28 08:00:00,-0.6328501982381681,-0.5913252928459333,-0.4413764994719134,-0.800927082054869,-1.0439689477626437
2004-08-28 09:00:00,-0.2834345152726122,-0.38735599765752,-0.3166229665093532,-0.6585595868526035,-0.6305910883523385
2004-08-28 10:00:00,-0.213551378679501,-0.2620613930045782,-0.2334539445343132,-0.5112828676778463,-0.1736997700567378
2004-08-28 11:00:00,-0.4232007884588346,-0.4041575481141774,-0.3789997329906333,-0.7518348423299498,-0.5218074411391002
2004-08-28 12:00:00,-0.6328501982381681,-0.5415764977772022,-0.4309803717250333,-1.021842160817005,-1.5878871838288349
2004-08-28 13:00:00,-0.7027333348312792,-0.5756695336489518,-0.5765261601813535,-0.9285669053396586,-1.0004554888773485
2004-08-28 14:00:00,-0.8509996239551824,-0.799726894677756,-0.8156370983595936,-0.573505461245024,-0.3013480912234326
2004-08-28 15:00:00,-0.7451763324326508,-0.7125229589117721,-0.6908835653970335,-0.6556091159783279,-0.400669108162188
2004-08-28 16:00:00,-0.5093716637858249,-0.5262484607026837,-0.4829610104594334,-0.6538372603686884,-0.1953660345828034
2004-08-28 17:00:00,-0.1484956605243337,-0.2677064729508549,-0.2542462000280732,-0.5893907739594798,0.1283363598844649
2004-08-28 18:00:00,-0.2068138596514933,-0.3654453151681865,-0.3478113497499933,-0.6547933215497327,-0.0033569879834923
2004-08-28 19:00:00,-0.0800829624919202,-0.2003973486135664,-0.2438500722811932,-0.7948335872023552,-0.5124278062009312
2004-08-28 20:00:00,-0.2496480011743974,-0.437614414819732,-0.4413764994719134,-0.6953639721557141,-0.4319532042416433
2004-08-28 21:00:00,-0.0889290198381165,-0.2073713559594816,-0.2646423277749531,-0.7016044006450388,-0.3131262913810708
2004-08-28 22:00:00,-0.221508248395592,-0.2991128558653185,-0.3062268387624732,-0.6860965908939829,-0.3133452330782666
2004-08-28 23:00:00,-0.0931412813188741,-0.1934017312031357,-0.2126616890405531,-0.6946741368962739,-0.4221464753028034
2004-08-29 00:00:00,-0.3992345593171352,-0.5698632938995081,-0.5141493937000734,-0.5618575528131599,-0.4040325771616415
2004-08-29 01:00:00,-0.3415449962506089,-0.5174578344164097,-0.4621687549656733,-0.5743489719344503,-0.4855243699627914
2004-08-29 02:00:00,-0.4346519449637985,-0.5461908875277695,-0.4205842439781533,-0.4756239504895941,-0.5118046772158871
2004-08-29 03:00:00,-0.7229440591571082,-0.646592162947877,-0.5661300324344735,-0.6146009229952816,-0.8285449249011351
2004-08-29 04:00:00,-0.866575319469151,-0.749072354044805,-0.6804874376501535,-0.6208937501993395,-0.904124627915307
2004-08-29 05:00:00,-0.9762286590817452,-0.8236085798734368,-0.8156370983595936,-0.6388254593232882,-0.917908327379632
2004-08-29 06:00:00,-1.0561562019663733,-0.8359467821109612,-0.8676177370939936,-0.6363512212280213,-0.8837303499135869
2004-08-29 07:00:00,-1.11396272832857,-0.8553190603483083,-0.8884099925877535,-0.6732548981628388,-0.9009012550435512
2004-08-29 08:00:00,-0.8255404883034675,-0.744240810616277,-0.6804874376501535,-0.6541333374522955,-0.8070424931689529
2004-08-29 09:00:00,-0.8294785441662057,-0.7777020725891908,-0.7740525873720735,-0.7807690080980585,-0.9327960308076036
2004-08-29 10:00:00,-0.4008581331556829,-0.4631689570859011,-0.4621687549656733,-0.6983150797549007,-0.5805287994598656
2004-08-29 11:00:00,-0.4768743617857711,-0.5048848974314885,-0.4725648827125534,-0.6291862307135428,-0.3457086005111467
2004-08-29 12:00:00,-0.7137087906162024,-0.709708980553177,-0.6596951821563936,-0.6905507063727481,-0.5436680807428127
2004-08-29 13:00:00,-0.8302975371574706,-0.7675012064571348,-0.7636564596251936,-0.6519300070794487,-0.4884585870828299
2004-08-29 14:00:00,-0.8614675889961133,-0.799726894677756,-0.8156370983595936,-0.5871180031169293,-0.3330863377831971
2004-08-29 15:00:00,-0.8344334059444035,-0.7624569046180054,-0.7532603318783136,-0.6546411817504142,-0.3848467112566505
2004-08-29 16:00:00,-0.6699511888849603,-0.6684522540785459,-0.6181106711688734,-0.7001487725897186,-0.4006065296786074
2004-08-29 17:00:00,-0.1576402908418141,-0.285606107702728,-0.2854345832687133,-0.6262504419666264,0.0504302975934169
2004-08-29 18:00:00,-0.1058874481024682,-0.2295870516899228,-0.2646423277749531,-0.635319876689855,-0.0490716491785025
2004-08-29 19:00:00,0.5913090142121676,0.4998954719002408,0.244767931822167,-0.3539692664592315,0.2751165999875469
2004-08-29 20:00:00,0.3183215139344565,0.2866737268646029,0.047241504631447,-0.4826981889770542,0.0951953261503245
2004-08-29 21:00:00,-0.147091767747526,-0.2870931731592241,-0.2854345832687133,-0.7045764078030683,-0.3385454390245743
2004-08-29 22:00:00,-0.1643635976630972,-0.2414939225338002,-0.2230578167874333,-0.6728486676696316,-0.2333226237205438
2004-08-29 23:00:00,0.1680431728805739,0.2336312741026797,0.0888260156189668,-0.632128873616854,-0.2916087544976796
2004-08-30 00:00:00,-0.2397499406246925,-0.4433154428567673,-0.3686036052437533,-0.5304297850216092,-0.1969188773252348
2004-08-30 01:00:00,-0.7150254607644012,-0.7635101205589302,-0.7116758208907935,-0.7286385043699611,-0.7586616897901979
2004-08-30 02:00:00,-1.033832207473927,-0.8574259500705078,-0.8780138648408736,-0.6739764947590151,-0.6321235142420366
2004-08-30 03:00:00,-1.201288720334294,-0.9240218278186946,-0.9923712700565536,-0.5564443048920151,-0.5189313207544813
2004-08-30 04:00:00,-1.1979972115781783,-0.9234825834545748,-1.0027673978034335,-0.5914359343735571,-0.6436821087397885
2004-08-30 05:00:00,-1.025567134475313,-0.7914081186560956,-0.7740525873720735,-0.7088046357560607,-0.9831332002539476
2004-08-30 06:00:00,-0.5500661434241142,-0.5017147192806661,-0.3893958607375133,-0.4967942297828349,-0.8813727843902568
2004-08-30 07:00:00,1.284181083567433,1.6282226861331792,1.242796195522648,0.8806000349953614,-0.0115552673045706
2004-08-30 08:00:00,2.193498063534731,2.813575014763807,2.012109648791768,1.3126087482221274,0.2563707753556916
2004-08-30 09:00:00,1.2674721603390735,1.6372710765364509,0.9413084908631272,0.819907566298089,0.6895924876972839
2004-08-30 10:00:00,0.2732928110883003,0.4072448841956297,0.244767931822167,-0.3917119970090983,-0.0213309559876291
2004-08-30 11:00:00,0.1126478898445059,0.1283726788423445,0.047241504631447,-0.4686873944005323,-0.0372029841042823
2004-08-30 12:00:00,-0.0837118237165667,-0.099471205016326,-0.1294926670655132,-0.5384035285362557,-0.036817553762441
2004-08-30 13:00:00,-0.178388779744717,-0.2301816947363814,-0.2126616890405531,-0.5982673933979002,-0.145011104134488
2004-08-30 14:00:00,-0.3656123603217554,-0.418260862252696,-0.3893958607375133,-0.6614445499698609,-0.4867855670934161
2004-08-30 15:00:00,0.177460384325856,0.410204913625845,0.1823911653408869,-0.4490517719603866,0.4465466209665032
2004-08-30 16:00:00,0.1078563934671696,0.1593540943440248,0.0888260156189668,-0.5048910484773338,0.401061524871737
2004-08-30 17:00:00,0.1365683833385392,0.3448983829790474,0.0576376323783269,-0.5009082967047286,0.4973364469771029
2004-08-30 18:00:00,0.4775805367546233,0.5764016931864503,0.286352442809687,-0.4146561169955247,0.4139171704854011
2004-08-30 19:00:00,0.1927880743332642,0.3065531548575415,-0.004739134102953,-0.5771785399844521,0.0676523278505505
2004-08-30 20:00:00,0.0925875183363591,-0.0032510192396342,-0.108700411571753,-0.5914597553761093,-0.0423178206906298
2004-08-30 21:00:00,0.108744947962626,-0.0106889104280746,-0.056719772837353,-0.4584501312817478,0.0062565278124089
2004-08-30 22:00:00,-0.1681271666150222,-0.2403506036120138,-0.2022655612936731,-0.5991008663063769,-0.1403392966533836
2004-08-30 23:00:00,-0.4722858017248544,-0.4929511971431065,-0.4413764994719134,-0.6298922462766033,-0.4257668978634845
2004-08-31 00:00:00,-0.6992689886467253,-0.7257023512241795,-0.6492990544095135,-0.6337943212575463,-0.5458669591831108
2004-08-31 01:00:00,-0.7456269410268682,-0.7428127607808838,-0.6908835653970335,-0.7091067429991188,-0.7363224990773
2004-08-31 02:00:00,-1.0269925621609033,-0.8494693257656234,-0.8780138648408736,-0.6836075208537308,-0.7198487547723716
2004-08-31 03:00:00,-1.177709640534336,-0.9156820598169908,-0.9611828868159136,-0.586422137698038,-0.5734532810484405
2004-08-31 04:00:00,-1.1426332312189966,-0.8552591290465056,-0.8780138648408736,-0.6837357272872775,-0.8338149627663894
2004-08-31 05:00:00,-0.9957294561903062,-0.7780541060342339,-0.7324680763845536,-0.7233595304962208,-0.9877869147517356
2004-08-31 06:00:00,-0.6652145086390707,-0.6165916703958713,-0.4933571382063134,-0.5669235983857862,-0.7995325771672614
2004-08-31 07:00:00,1.0472604317946803,1.4172099292177698,1.0036852573444075,0.7723482605235648,-0.0547770805780591
2004-08-31 08:00:00,1.6917555156972472,2.233587254769661,1.5442839001821678,1.070560844573279,0.3599456352618751
2004-08-31 09:00:00,0.7308024063647018,1.0635370494497467,0.4942749977472873,0.5174451056484091,0.7324340163397826
2004-08-31 10:00:00,0.6335574228776224,1.0401155853737918,0.4111059757722472,0.3927147406627463,0.6381479944738409
2004-08-31 11:00:00,0.8138655069445517,1.079202514862146,0.5358595087348073,0.6079896352545819,1.17506607189398
2004-08-31 12:00:00,0.3008070101725264,0.4984532747980355,0.286352442809687,-0.3725059766118335,0.1833820207505642
2004-08-31 13:00:00,0.1736020950981636,0.3217226876029223,0.0888260156189668,-0.3745143567987,0.2076770795590335
2004-08-31 14:00:00,0.5551631238447217,0.1702474897893492,-0.2542462000280732,-0.2749613682431268,0.1616354167389469
2004-08-31 15:00:00,-0.1436682420863899,-0.0866205420751515,-0.0359275173435931,-0.143091069740953,-0.1954564994993854
2004-08-31 16:00:00,-0.4930839250519458,-0.4399367642105976,-0.3893958607375133,-0.5211013156228301,-0.848158382778815
2004-08-31 17:00:00,-0.0737851054932787,-0.0935262396408606,-0.1294926670655132,-0.3541877005581051,-0.6088343589096907
2004-08-31 18:00:00,0.4153968506584996,0.5999388993028616,0.286352442809687,0.0238225453237718,-0.1301863111714425
2004-08-31 19:00:00,0.4852799872516105,0.605223292621482,0.286352442809687,0.0434594412137394,-0.1084295817287948
2004-08-31 20:00:00,-0.0737851054932787,-0.0940153962707007,-0.108700411571753,-0.3590969245305971,-0.5000507116964525
2004-08-31 21:00:00,-0.0039019689001675,0.1002748334324449,0.0160531213908069,-0.251093997135775,-0.2607266878273284
2004-08-31 22:00:00,-0.0737851054932787,-0.1098020978077554,-0.046323645090473,-0.1578187416584288,-0.1084295817287948
2004-08-31 23:00:00,-0.213551378679501,-0.165280078095041,-0.0983042838248731,-0.1872740854933802,-0.1301863111714425
2004-09-01 00:00:00,-0.1436682420863899,-0.2449055656851632,-0.1918694335467932,-0.2412755491907912,-0.3042401467126237
2004-09-01 01:00:00,-0.5629670616450568,-0.5478218064222062,-0.4517726272187933,-0.5014644197328625,-0.6741045472376337
2004-09-01 02:00:00,-0.982265881203724,-0.8253531805267554,-0.8364293538533536,-0.7616532902749337,-1.0657256772052914
2004-09-01 03:00:00,-1.1220321543899463,-0.9021513666041002,-0.9092022480815136,-0.5972898708419152,-0.9899942587163378
2004-09-01 04:00:00,-1.1220321543899463,-0.8552591290465056,-0.8884099925877535,-0.8156547539723447,-1.3485631599597108
2004-09-01 05:00:00,-1.0521490177968351,-0.7808344331271109,-0.7324680763845536,-0.5751027793202411,-1.022212218319996
2004-09-01 06:00:00,-0.5629670616450568,-0.4527042833442291,-0.2958307110155933,0.1465531446360695,-0.3912670644832143
2004-09-01 07:00:00,1.0443450799965,1.3952432986376777,0.9932891295975274,1.044941131602089,-0.2389699583846807
2004-09-01 08:00:00,1.952825855706945,2.6786110050569807,2.479935397401369,1.0793056994095325,0.1526511715829769
2004-09-01 09:00:00,1.2539944897758333,1.6096519489964134,0.7645743191661674,1.2216731946117978,0.6965694076491681
2004-09-01 10:00:00,0.0659811676929437,0.1392236782712675,0.151202782100247,0.3969235672331569,0.2396780893535675
2004-09-01 11:00:00,-0.1436682420863899,-0.0560517322968068,-0.0151352618498331,0.1514623686085615,0.2614348187962151
2004-09-01 12:00:00,0.0659811676929437,0.1902682073142689,0.2031834208346471,-0.0694527101535744,-0.0431593934008519
2004-09-01 13:00:00,-0.0737851054932787,0.0061819570575585,-0.004739134102953,-0.3738245964480728,-0.6523478177949861
2004-09-01 14:00:00,-0.2834345152726122,-0.1800151203483606,-0.0983042838248731,-0.2412755491907912,-0.3695103350405666
2004-09-01 15:00:00,-0.0737851054932787,0.003247475118868,0.099222143365847,-0.1234541738509854,-0.0431593934008519
2004-09-01 16:00:00,-0.0039019689001675,0.1238933519949996,0.099222143365847,0.0336409932687556,0.1744079010256245
2004-09-01 17:00:00,0.7648125336240554,1.260752512716515,0.8373472133943273,0.504926494627979,0.8488665137477016
2004-09-01 18:00:00,1.323877626368945,1.7263041760683808,1.0556658960788077,0.7062046775001473,1.3275145614859498
2004-09-01 19:00:00,1.6034101727413894,2.1493512232879106,1.4923032614477678,0.5883833021603414,0.95765016096094
2004-09-01 20:00:00,0.625046260437833,0.9996518383851988,0.3279369537972071,0.2447376240859077,0.2614348187962151
2004-09-01 21:00:00,0.0659811676929437,0.105898394882276,0.0056569936439269,0.068005561076199,0.3484617365668057
2004-09-01 22:00:00,-0.2834345152726122,-0.2724826634810791,-0.1918694335467932,-0.1823648615208883,0.2396780893535675
2004-09-01 23:00:00,-0.1436682420863899,0.0141727362525459,0.0264492491376868,-0.0645434861810825,0.326705007124158
2004-09-02 00:00:00,-0.0737851054932787,-0.0516726724860915,0.0056569936439269,0.0189133213512799,0.3484617365668057
2004-09-02 01:00:00,-0.4232007884588346,-0.5320531437949378,-0.3997919884843933,-0.3492784765856133,-0.3042401467126237
2004-09-02 02:00:00,-0.9123827446106128,-0.7395640172260175,-0.6285067989157536,-0.6831057067150631,-0.8046449238935196
2004-09-02 03:00:00,-1.0521490177968351,-0.827269700231464,-0.8572216093471137,-0.5422235783669015,-0.8920642436142019
2004-09-02 04:00:00,-1.0521490177968351,-0.7924492476117828,-0.7636564596251936,-0.742016394384966,-0.9786987594347007
2004-09-02 05:00:00,-0.982265881203724,-0.7708427084668922,-0.7012796931439136,-0.364006148503089,-0.4347805233685096
2004-09-02 06:00:00,-0.9123827446106128,-0.647184471008551,-0.5765261601813535,-0.742016394384966,-1.1309958655332344
2004-09-02 07:00:00,0.5551631238447217,0.5938642735403027,0.8997239798756075,-0.7125610505500146,-1.805454478255312
2004-09-02 08:00:00,2.162475265486279,2.7827330574327083,1.939336754563608,0.8780275165373641,-0.9351853005494056
2004-09-02 09:00:00,0.8346956702171663,1.1374476822242665,0.7645743191661674,0.8240260528399531,-0.3042401467126237
2004-09-02 10:00:00,0.6204015513304193,0.6890280384936204,0.4630866145066473,0.2643893519208606,0.4327982775154478
2004-09-02 11:00:00,0.3678741304615862,0.4706964288807463,0.3071446983034471,-0.3117465394356883,-0.2564056186374862
2004-09-02 12:00:00,0.3185994267224597,0.4495714919999222,0.3175408260503271,-0.2504548751427742,0.040354331783575
2004-09-02 13:00:00,0.0023881571911817,0.1017655616117404,0.0264492491376868,-0.4687292684270311,-0.2908978164468154
2004-09-02 14:00:00,-0.0817117846834787,-0.1057205426564093,-0.0255313895967131,-0.5345740401951649,-0.2730161392566596
2004-09-02 15:00:00,0.1739384895340021,0.4086621747828002,0.223975676328407,-0.3810685033971067,0.1552711683597313
2004-09-02 16:00:00,0.1655502885076097,0.4302735212513649,0.244767931822167,-0.3992342651074514,0.4790167204018828
2004-09-02 17:00:00,0.4929927002533491,0.5585761370031922,0.4111059757722472,-0.1188273561037177,0.5167656552081661
2004-09-02 18:00:00,1.7669555837805526,2.496119138034784,1.523491644688408,1.1067731131635818,1.8181474677692573
2004-09-02 19:00:00,2.277012189244752,2.852576053402519,1.7937909661072882,1.338538134226494,2.15132460983011
2004-09-02 20:00:00,1.058845129726254,1.3114140125227844,0.5878401474692073,0.462664590295207,0.8132472392712308
2004-09-02 21:00:00,0.2105178438758299,0.276619919052937,0.0680337601252069,-0.2509160137959521,0.0200244581628344
2004-09-02 22:00:00,-0.1059542604693683,-0.1249839006745137,-0.1294926670655132,-0.6183328051529594,-0.4465092583057047
2004-09-02 23:00:00,-0.1424091538683673,-0.1735840200893645,-0.1710771780530332,-0.5915534663012433,-0.4131512747624399
2004-09-03 00:00:00,-0.112019357177338,-0.2296751401732449,-0.1814733057999132,-0.436441472552775,-0.466093501825002
2004-09-03 01:00:00,-0.3511483992669902,-0.4179453186835405,-0.2958307110155933,-0.4354294544883774,-0.5435872432852431
2004-09-03 02:00:00,-0.8109386955017744,-0.6553249639979579,-0.5869222879282334,-0.5733476283759132,-0.8712617945484904
2004-09-03 03:00:00,-1.094313935995822,-0.8315681801405957,-0.8572216093471137,-0.6244646907721647,-0.8925017950272484
2004-09-03 04:00:00,-1.174996679390476,-0.8873306624213132,-0.8988061203346337,-0.5842067844606955,-0.8923177113713042
2004-09-03 05:00:00,-1.093975292265836,-0.8258726919717944,-0.8364293538533536,-0.6190970997725781,-0.9383082490642216
2004-09-03 06:00:00,-0.9497022333570376,-0.7453713557923011,-0.6492990544095135,-0.5949579969458628,-1.0070844923794051
2004-09-03 07:00:00,0.6691302597420358,1.0112132229010369,0.6918014249380073,0.558283293080223,-0.4472261720207834
2004-09-03 08:00:00,2.427897506489699,2.952690354491305,2.4071625031732085,1.820115207593968,0.4968474384555419
2004-09-03 09:00:00,1.2203094604972666,1.5807755918555328,0.8997239798756075,1.01698681056317,0.7920973717277097
2004-09-03 10:00:00,1.1152409321220098,1.3954586667382738,0.7853665746599272,0.9223350307370916,1.0651234778044556
2004-09-03 11:00:00,0.761363815868467,1.0716104230438572,0.5878401474692073,0.6367429336935648,1.0970972651286788
2004-09-03 12:00:00,0.1920104850157516,0.3519474761423472,0.213579548581527,-0.2070661175351885,0.198409986296906
2004-09-03 13:00:00,-0.0528485089538916,-0.0771373864756089,-0.0151352618498331,-0.4877635978247696,-0.2412108324651536
2004-09-03 14:00:00,0.0111908947982408,0.0781770773761396,0.0264492491376868,-0.4655153807116411,-0.1458881988486524
2004-09-03 15:00:00,0.1443952605143423,0.3281560770636679,0.223975676328407,-0.1454963917282076,0.2757329233550132
2004-09-03 16:00:00,0.1608782546416633,0.394282508209078,0.2655601873159271,-0.3169054344820985,0.3767531868094576
2004-09-03 17:00:00,1.7431764459276111,2.369462183636661,1.0972504070663274,1.1882339004632323,2.123399998973966
2004-09-03 18:00:00,1.533527036148278,1.8376150544822,1.2324000677757676,0.7842226557517061,1.7361112255618891
2004-09-03 19:00:00,1.952825855706945,2.539936657154513,1.3675497284852078,0.8744560141484409,1.9167585426011848
2004-09-03 20:00:00,1.323877626368945,1.335820932167878,0.5150672532410473,0.7773604092051967,1.4331938511397064
2004-09-03 21:00:00,0.3455137140653883,0.3287289269094709,0.1823911653408869,-0.1781476451634153,0.1235125049472336
2004-09-03 22:00:00,-0.5629670616450568,-0.4406370768098145,-0.3374152220031133,-0.453332735717771,-0.4327760200058584
2004-09-03 23:00:00,-0.4232007884588346,-0.4123542638985528,-0.3374152220031133,-0.6200625245552545,-0.6377977393951393
2004-09-04 00:00:00,0.0659811676929437,0.0004562056416283,0.0056569936439269,-0.3013264239042321,-0.5081472387352101
2004-09-04 01:00:00,-0.6328501982381681,-0.6247124762502322,-0.4829610104594334,-0.4664303169543172,-0.6807164537004098
2004-09-04 02:00:00,-0.8424996080175017,-0.6503000288056295,-0.5349416491938335,-0.5749144960186228,-0.8193626528727204
2004-09-04 03:00:00,-0.9123827446106128,-0.7783989056017484,-0.7116758208907935,-0.6322764814329824,-0.8977685130790501
2004-09-04 04:00:00,-0.9123827446106128,-0.7552963273295034,-0.6908835653970335,-0.632656156751961,-0.9630385354163205
2004-09-04 05:00:00,-0.9123827446106128,-0.7749996241398329,-0.7012796931439136,-0.6154411376969334,-0.9365880877237815
2004-09-04 06:00:00,-0.7726164714243904,-0.7328093611917426,-0.6285067989157536,-0.6371782519785751,-1.0085178218375446
2004-09-04 07:00:00,-0.2834345152726122,-0.3434410501113321,-0.2334539445343132,-0.4191884747295277,-0.8348578821625088
2004-09-04 08:00:00,-0.1436682420863899,-0.1441232755258635,-0.0359275173435931,-0.2656039840425077,-0.7239576878825957
2004-09-04 09:00:00,-0.0737851054932787,-0.1389386914035227,-0.108700411571753,-0.382145991764116,-0.7446089194455434
2004-09-04 10:00:00,0.0659811676929437,-0.0326196463247341,-0.0151352618498331,-0.2282777464932367,-0.2493103473360184
2004-09-04 11:00:00,0.1358643042860546,0.2184784983141055,0.161598909847127,-0.2835468171251953,-0.2503316879446962
2004-09-04 12:00:00,0.1358643042860546,0.3430342402103682,0.1927872930877669,-0.2286988089314291,0.1604085796775561
2004-09-04 13:00:00,-0.213551378679501,-0.2049650386484432,-0.1606810503061531,-0.5173761752583274,-0.2185409883323814
2004-09-04 14:00:00,-0.4930839250519458,-0.4226306736883433,-0.3582074774968732,-0.5651105054745589,-0.4933524900839101
2004-09-04 15:00:00,-0.3533176518657233,-0.3555268449639528,-0.3166229665093532,-0.5725094736666204,-0.3799974597465071
2004-09-04 16:00:00,0.1358643042860546,0.2635624954097446,0.0576376323783269,-0.4286684097483078,0.1529600802247369
2004-09-04 17:00:00,0.2057474408791658,0.283056238691922,0.099222143365847,-0.2026506924583672,0.2254121869852591
2004-09-04 18:00:00,-0.0039019689001675,-0.0737105430246291,-0.1398887948123932,-0.3782051889268227,0.0304609557136235
2004-09-04 19:00:00,-0.213551378679501,-0.262488466482971,-0.2334539445343132,-0.6129980242134917,-0.3746982075228703
2004-09-04 20:00:00,-0.2834345152726122,-0.3741719353735436,-0.3686036052437533,-0.6277186172481335,-0.6225211198212013
2004-09-04 21:00:00,-0.1436682420863899,-0.1344010356955997,-0.108700411571753,-0.5435483032714048,-0.2146468471525374
2004-09-04 22:00:00,-0.3533176518657233,-0.3785491638228593,-0.3478113497499933,-0.5883455338364915,-0.5654126928663585
2004-09-04 23:00:00,0.3455137140653883,0.3245356587127476,0.2031834208346471,-0.2502926975625062,0.0335487142058425
2004-09-05 00:00:00,2.581774085044945,2.8418893270911423,1.9705251378042483,1.7556747513442106,1.457851101595849
2004-09-05 01:00:00,0.625046260437833,1.0706947423440445,0.7437820636724074,1.1563999021784743,0.9031295285923616
2004-09-05 02:00:00,-0.4232007884588346,-0.542267424649246,-0.4205842439781533,-0.2957332824685313,-0.4044141897180124
2004-09-05 03:00:00,-0.8424996080175017,-0.7851406505381561,-0.7428642041314335,-0.4750117956692937,-0.7569421924124484
2004-09-05 04:00:00,-0.7027333348312792,-0.7195387212975988,-0.6492990544095135,-0.5615121857305614,-0.8920881462710603
2004-09-05 05:00:00,-0.8424996080175017,-0.7747329321360124,-0.7220719486376735,-0.5882733217407047,-0.98992869240065
2004-09-05 06:00:00,-0.982265881203724,-0.9134895539493588,-0.9507867590690338,-0.5274466913592474,-0.9995455280100038
2004-09-05 07:00:00,-1.0521490177968351,-0.8586807073334615,-0.8780138648408736,-0.5563520172343291,-1.0247605071261754
2004-09-05 08:00:00,-0.982265881203724,-0.9072296401971928,-0.9195983758283937,-0.489327618932583,-0.8824588613612593
2004-09-05 09:00:00,-0.9123827446106128,-0.8480432446437348,-0.8884099925877535,-0.5367489426734566,-0.9582946879832956
2004-09-05 10:00:00,-0.8424996080175017,-0.8180503064575024,-0.8676177370939936,-0.5201182872690854,-0.9225100867968876
2004-09-05 11:00:00,-0.7726164714243904,-0.8567843783881839,-0.8988061203346337,-0.5433527163605135,-0.8627376755370442
2004-09-05 12:00:00,-0.8424996080175017,-0.8131197321612899,-0.8676177370939936,-0.5329270201224845,-0.8011831884158706
2004-09-05 13:00:00,-0.982265881203724,-0.886974050572771,-0.9299945035752736,-0.5838820547560941,-0.9173432951300076
2004-09-05 14:00:00,-1.0521490177968351,-0.886974050572771,-0.9507867590690338,-0.5733390513168182,-0.9471935637793056
2004-09-05 15:00:00,-1.0521490177968351,-0.8956870271357009,-0.9819751423096736,-0.5430238292167875,-0.9785480399039548
2004-09-05 16:00:00,-0.9123827446106128,-0.8604018665608648,-0.8988061203346337,-0.5322847519593353,-0.9850205142017238
2004-09-05 17:00:00,-0.8424996080175017,-0.7983210500993332,-0.8260332261064736,-0.480173387432974,-0.8805312116800348
2004-09-05 18:00:00,-0.7027333348312792,-0.7344336871851407,-0.7324680763845536,-0.4379009209575611,-0.8030806277946769
2004-09-05 19:00:00,-0.2834345152726122,-0.4483361201338415,-0.4517726272187933,-0.3973674625772623,-0.6722250348514711
2004-09-05 20:00:00,-0.4232007884588346,-0.5343746690731735,-0.6077145434219935,-0.5379668101561345,-0.8454685039288843
2004-09-05 21:00:00,-0.3533176518657233,-0.4617274925282557,-0.4517726272187933,-0.5015554339407265,-0.5218866186899436
2004-09-05 22:00:00,-0.2834345152726122,-0.4913365773651264,-0.4829610104594334,-0.4754876164498307,-0.4312960471687105
2004-09-05 23:00:00,-0.5629670616450568,-0.6410035347167439,-0.6492990544095135,-0.6469311921665408,-0.7300563511856072
2004-09-06 00:00:00,-0.5629670616450568,-0.7274163681421243,-0.7532603318783136,-0.5700116767496473,-0.8257084762872743
2004-09-06 01:00:00,-0.7726164714243904,-0.8185209205531713,-0.8468254816002337,-0.6599058480408607,-1.0020032689042646
2004-09-06 02:00:00,-1.0521490177968351,-0.9248400343080124,-1.0027673978034335,-0.5514696106169116,-0.9316495332317644
2004-09-06 03:00:00,-1.1220321543899463,-0.927093432942182,-1.0755402920315935,-0.530823580651849,-0.9557873988732554
2004-09-06 04:00:00,-1.2119027853608249,-0.927093432942182,-1.0755402920315935,-0.5435512996239271,-0.9823062347229168
2004-09-06 05:00:00,-1.1919152909830577,-0.9202469570257332,-0.9819751423096736,-0.6124274437844378,-1.0121186574988557
2004-09-06 06:00:00,-0.982265881203724,-0.8307104162450459,-0.8572216093471137,-0.6578807257342761,-1.0843453489259496
2004-09-06 07:00:00,-0.213551378679501,-0.4336244277383672,-0.3686036052437533,-0.5218007392103416,-0.8866116160090571
2004-09-06 08:00:00,-0.1436682420863899,-0.2953321018238609,-0.2958307110155933,-0.4249464155539534,-0.7691172762683391
2004-09-06 09:00:00,-0.2834345152726122,-0.4119200481107015,-0.3478113497499933,-0.4217972490530446,-0.7249046646699363
2004-09-06 10:00:00,-0.5629670616450568,-0.5413332929833319,-0.5869222879282334,-0.5913111737454111,-0.9673347060052684
2004-09-06 11:00:00,-0.4930839250519458,-0.5249075378858777,-0.4933571382063134,-0.5525775494164286,-0.8394574837010202
2004-09-06 12:00:00,-0.5629670616450568,-0.6343842620739362,-0.6285067989157536,-0.581721796950755,-0.8936927781033515
2004-09-06 13:00:00,-0.4930839250519458,-0.5314685732361772,-0.5557339046875934,-0.5698860172157444,-0.857020458799731
2004-09-06 14:00:00,-0.6328501982381681,-0.6735875287952018,-0.6181106711688734,-0.6526449742456695,-0.9040064425563962
2004-09-06 15:00:00,-0.5629670616450568,-0.5325345171388295,-0.5453377769407135,-0.6352520467596321,-0.8892860577264334
2004-09-06 16:00:00,-0.4232007884588346,-0.4985958192490333,-0.4829610104594334,-0.575836248963287,-0.8313654384104237
2004-09-06 17:00:00,0.1358643042860546,0.2948414155707942,0.0368453768845668,-0.3574585938802313,-0.1316935064789013
2004-09-06 18:00:00,0.3455137140653883,0.4239793152569908,0.223975676328407,-0.1296393196362742,0.0899070293110811
2004-09-06 19:00:00,0.5551631238447217,0.4729999152491957,0.223975676328407,-0.3062276326337269,0.0190917565733398
2004-09-06 20:00:00,-0.213551378679501,-0.3084999565594506,-0.2958307110155933,-0.6127198503362051,-0.520369961914145
2004-09-06 21:00:00,-0.5629670616450568,-0.549736952605865,-0.6077145434219935,-0.6270957879219726,-0.7351784913615503
2004-09-06 22:00:00,-0.5629670616450568,-0.5348578737784648,-0.5765261601813535,-0.6304669092359687,-0.7114826588812668
2004-09-06 23:00:00,-0.6328501982381681,-0.6954585623102335,-0.6804874376501535,-0.6629110772574809,-0.7980278717198921
2004-09-07 00:00:00,-0.6328501982381681,-0.7146273305120472,-0.6389029266626335,-0.6450608689221381,-0.8241969652223272
2004-09-07 01:00:00,-0.9123827446106128,-0.8375165793186854,-0.8676177370939936,-0.579733080327316,-0.9482210460428704
2004-09-07 02:00:00,-1.0521490177968351,-0.8864963399516786,-0.8988061203346337,-0.4968451677757135,-0.9084795592023652
2004-09-07 03:00:00,-1.0521490177968351,-0.8206024459199861,-0.8052409706127136,-0.5422878126740976,-0.924204685573743
2004-09-07 04:00:00,-1.0521490177968351,-0.7802208354901662,-0.7220719486376735,-0.549011477916452,-0.913800722194789
2004-09-07 05:00:00,-0.982265881203724,-0.7903310034489056,-0.7636564596251936,-0.592805417293862,-0.9619474787251392
2004-09-07 06:00:00,-0.5629670616450568,-0.4917472601589925,-0.3789997329906333,-0.3394600286406294,-1.0004554888773485
2004-09-07 07:00:00,0.2756305774722771,0.4494669212640036,0.2655601873159271,-0.035088142346131,-0.8264016533361672
2004-09-07 08:00:00,0.9045788068102776,1.288250037859617,1.1076465348132076,-0.0301789183736391,-0.8046449238935196
2004-09-07 09:00:00,-0.0039019689001675,-0.0329729159387219,-0.1190965393186332,-0.4572814039804352,-1.0004554888773485
2004-09-07 10:00:00,0.0659811676929437,-0.0237731635157715,-0.0983042838248731,-0.3345508046681375,-0.782888194450872
2004-09-07 11:00:00,-0.2834345152726122,-0.391428579138008,-0.3478113497499933,-0.1185449498784935,-0.4565372528111572
2004-09-07 12:00:00,-0.0039019689001675,-0.0207092043261274,-0.1294926670655132,-0.3179431462693747,-0.2904831717465916
2004-09-07 13:00:00,0.0659811676929437,-0.0107372583690247,-0.0671159005842332,-0.2061309559129872,-0.2486986717073857
2004-09-07 14:00:00,-0.4930839250519458,-0.4218078430114914,-0.3582074774968732,-0.5386946990926076,-0.7937235675879852
2004-09-07 15:00:00,-0.4930839250519458,-0.4923264282016241,-0.4413764994719134,-0.4350659969274257,-0.6532644182892358
2004-09-07 16:00:00,-0.3533176518657233,-0.2925742546921643,-0.2438500722811932,-0.4616542059426273,-0.4973711242682248
2004-09-07 17:00:00,0.1358643042860546,0.1858653398053585,-0.0151352618498331,-0.2289322247929142,-0.0697789855887983
2004-09-07 18:00:00,0.8346956702171663,1.1577767094408131,0.4838788700004072,0.2124131228932539,0.5342524405881408
2004-09-07 19:00:00,1.3937607629620554,1.7574120470747052,0.8893278521287273,0.3481700651608808,0.7932025376260644
2004-09-07 20:00:00,0.8346956702171663,1.0574583946921086,0.4111059757722472,0.3794235201444482,0.8636074814210702
2004-09-07 21:00:00,0.0659811676929437,-0.0162332654973719,-0.0255313895967131,-0.39984417266336,-0.048319877422172
2004-09-07 22:00:00,-0.0629954913892541,-0.1434692048019871,-0.1398887948123932,-0.4439189451809201,-0.1390432414815071
2004-09-07 23:00:00,1.3453208972418556,1.330745863457235,3.301063163416995,1.4417403056101306,0.7722176648111352
2004-09-08 00:00:00,1.3299004030240649,1.5349126251885628,3.2504471592184614,1.0000382421561858,0.4283626747614925
2004-09-08 01:00:00,1.222215529019303,1.438735751108972,3.251849072349612,0.862950020462913,0.3021908406278203
2004-09-08 02:00:00,1.1806240808593018,1.2769161084296123,3.256180131276144,0.8289700345017034,0.2402612145865083
2004-09-08 03:00:00,1.129848514773453,1.2750270591458983,3.2590414617545727,0.7942743697405489,0.225932899725292
2004-09-08 04:00:00,1.1102918185399668,1.212651256146922,3.256192821861772,0.7722565721363832,0.1832160300779366
2004-09-08 05:00:00,1.105044798444165,1.212651256146922,3.256192821861772,0.7820173402953132,0.1815513096221542
2004-09-08 06:00:00,1.1593680845509686,1.2806790066974236,3.25045984980409,0.7054045015590743,0.1783378961907561
2004-09-08 07:00:00,1.153625719899571,1.26361547999255,3.2505213198282283,0.7287754519622984,0.1409972984391368
2004-09-08 08:00:00,1.3407723246324503,1.5201492884016188,3.2505213198282283,1.005669137633667,0.2761044104803538
2004-09-08 09:00:00,1.2322253878188585,1.754706576879038,2.4071625031732085,1.5443192356691342,1.0916152571744788
2004-09-08 10:00:00,1.3442332385607494,1.4477086894225788,3.276901081541903,1.3479116238219204,0.9146555889182784
2004-09-08 11:00:00,1.3823749359559985,1.451134617192859,3.254619982405438,1.345441730437811,1.0345310648578396
2004-09-08 12:00:00,1.406401062967774,1.5620979032130289,3.254619982405438,1.3207589769003358,1.0199102744314534
2004-09-08 13:00:00,1.422305072120088,1.5605963700014756,3.254619982405438,1.2797814590762362,1.0238917267050998
2004-09-08 14:00:00,1.439673621684002,1.5470100491860712,3.245897584270639,1.1501313828842534,1.0137968379585782
2004-09-08 15:00:00,1.431137966930162,1.5605963700014756,3.245897584270639,1.1660868102477304,1.037050803268327
2004-09-08 16:00:00,1.4204843101612756,1.5504359769563514,3.2459590542947767,1.1666812865881495,1.0504804446279374
2004-09-08 17:00:00,0.9045788068102776,0.9568188591539096,3.294828913226987,0.8754951492031652,0.7412740156012392
2004-09-08 18:00:00,1.323877626368945,1.528005096261454,0.7853665746599272,1.1725809548868786,1.6973789620109598
2004-09-08 19:00:00,1.813059582520723,2.427732806922236,1.325965217497688,1.2953115541991764,1.4362982086991882
2004-09-08 20:00:00,1.184111353182722,1.4243897815850028,0.7021975526848875,0.8927551884548398,1.153460725944769
2004-09-08 21:00:00,0.4852799872516105,0.6041823468019346,0.4630866145066473,0.5196541665454547,0.9794068904035876
2004-09-08 22:00:00,0.3455137140653883,0.5380958393350364,0.3383330815440871,0.338012879563254,0.7835963254197587
2004-09-08 23:00:00,-0.0737851054932787,-0.1199933492924633,-0.0775120283311131,0.0630963371037071,0.457245383780044
2004-09-09 00:00:00,-0.4930839250519458,-0.5409200462835063,-0.3997919884843933,-0.2854585649432184,0.1961646304682722
2004-09-09 01:00:00,-0.6328501982381681,-0.6018338734771613,-0.4101881162312733,-0.4769182998704029,-0.2607266878273284
2004-09-09 02:00:00,-1.0521490177968351,-0.8101152464330986,-0.7844487151189536,-0.6536503628801117,-0.4565372528111572
2004-09-09 03:00:00,-1.2617984275761684,-0.9145110873380702,-0.9403906313221536,-0.4987519716120749,-0.6403111701600667
2004-09-09 04:00:00,-1.33168156416928,-0.9145110873380702,-0.9403906313221536,-0.8058363060273609,-0.913428571106758
2004-09-09 05:00:00,-1.1919152909830577,-0.8891704022993423,-0.8988061203346337,-0.7223794984949984,-0.9786987594347007
2004-09-09 06:00:00,-1.0521490177968351,-0.7492936740699497,-0.6700913099032735,-0.4670998519254191,-0.6305910883523385
2004-09-09 07:00:00,0.625046260437833,1.1598206918989356,0.7125936804317673,1.545681976796264,0.5660290309932822
2004-09-09 08:00:00,0.7648125336240554,1.341268316651065,1.0452697683319274,1.4916805130988529,0.4354886543373963
2004-09-09 09:00:00,0.9744619434033888,1.461769882248906,1.0348736405850476,1.7273232637784646,1.0229203492888828
2004-09-09 10:00:00,0.6949293970309441,1.1795166174796314,0.8893278521287273,1.7273232637784646,1.3275145614859498
2004-09-09 11:00:00,0.0659811676929437,0.3351496799765591,0.3591253370378472,0.7307507973626068,0.7183261370918157
2004-09-09 12:00:00,-0.2834345152726122,-0.130567355309693,0.1304105266064869,0.068005561076199,0.1308944421403292
2004-09-09 13:00:00,-0.0737851054932787,0.0901756994261382,0.171995037594007,0.3527405514807298,0.4137319248947487
2004-09-09 14:00:00,0.2756305774722771,0.5618896191835352,0.5046711254941671,0.774933813115034,1.2622443731580069
2004-09-09 15:00:00,0.2057474408791658,0.5591601581535328,0.3799175925316071,0.4460158069580761,0.9141367020756446
2004-09-09 16:00:00,0.5551631238447217,0.6648787913974541,0.5046711254941671,0.7602061411975582,1.4145414792565405
2004-09-09 17:00:00,1.463643899555167,1.799527498909621,1.1804194290413677,1.3934960336490148,2.2195404686345035
2004-09-09 18:00:00,2.3022415386725013,2.9650289687851443,2.178447692741848,1.928601446650633,2.3935943041756844
2004-09-09 19:00:00,1.533527036148278,1.903548460136089,1.1388349180538475,0.9663935480422184,1.4145414792565405
2004-09-09 20:00:00,1.0443450799965,1.2154583669002683,0.5462556364816874,0.8289352768124449,1.196974184830064
2004-09-09 21:00:00,-0.0737851054932787,-0.1224203609873174,-0.0359275173435931,0.0827332329936747,0.5660290309932822
2004-09-09 22:00:00,-0.4232007884588346,-0.1908212514229929,-0.004739134102953,-0.2854585649432184,0.022110794927091
2004-09-09 23:00:00,-0.4232007884588346,-0.3240331061107271,-0.2126616890405531,-0.256003221108267,0.0873809832550339
2004-09-10 00:00:00,-0.6328501982381681,-0.6037218697280706,-0.4205842439781533,-0.4474629560354514,-0.3042401467126237
2004-09-10 01:00:00,-0.7726164714243904,-0.661413782811364,-0.6077145434219935,-0.6732872587700793,-0.7611314650082243
2004-09-10 02:00:00,-1.1220321543899463,-0.8256015589165797,-0.8156370983595936,-0.8303824258898204,-1.1309958655332344
2004-09-10 03:00:00,-1.1220321543899463,-0.8614134648139832,-0.8884099925877535,-0.5368463241304305,-0.8526706732235242
2004-09-10 04:00:00,-1.1919152909830577,-0.8599352356762402,-0.8780138648408736,-0.9285669053396586,-1.5008602660582444
2004-09-10 05:00:00,-1.1220321543899463,-0.8180997532152924,-0.8052409706127136,-0.7223794984949984,-1.1962660538611771
2004-09-10 06:00:00,-0.982265881203724,-0.6755405383757977,-0.6077145434219935,-0.4621906279529272,-0.8046449238935196
2004-09-10 07:00:00,0.2057474408791658,0.457492496325584,0.4318982312660072,0.9418474281797587,-0.0431593934008519
2004-09-10 08:00:00,1.3937607629620554,1.9318331044087504,1.762602582866648,1.8058708473383351,0.8053530548624064
2004-09-10 09:00:00,0.625046260437833,1.0658132485333416,0.6710091694442474,1.378768361731539,0.8706232431903492
2004-09-10 10:00:00,-0.0737851054932787,-0.0067951613882601,0.151202782100247,0.5638371822978819,0.457245383780044
2004-09-10 11:00:00,0.2756305774722771,0.5198161055246711,0.4526904867597671,0.936938204207267,0.7400828665344634
2004-09-10 12:00:00,0.2057474408791658,0.517060456026654,0.4215021035191272,0.5245633905179466,0.892379972632997
2004-09-10 13:00:00,0.3455137140653883,0.5369558168637693,0.4422943590128871,0.8780275165373641,1.196974184830064
2004-09-10 14:00:00,-0.1436682420863899,-0.0014341255950654,0.1304105266064869,0.1858269364160048,0.5442723015506346
2004-09-10 15:00:00,-0.0039019689001675,0.0827627147527328,0.0888260156189668,0.2054638323059725,0.7183261370918157
2004-09-10 16:00:00,0.2756305774722771,0.4274576199633002,0.213579548581527,0.6227478699677848,0.9358934315182922
2004-09-10 17:00:00,0.4153968506584996,0.5598848278593648,0.3071446983034471,0.612929422022801,0.8488665137477016
2004-09-10 18:00:00,0.8346956702171663,1.0473278528377985,0.5358595087348073,0.7602061411975582,1.1752174553874164
2004-09-10 19:00:00,0.7648125336240554,1.0577658802711056,0.6294246584567271,0.720932349417623,1.5233251264697787
2004-09-10 20:00:00,0.3455137140653883,0.2742856658129738,0.161598909847127,0.338012879563254,1.0664338081741782
2004-09-10 21:00:00,-0.4930839250519458,-0.4016490408370399,-0.3270190942562334,-0.2167294293283317,0.1961646304682722
2004-09-10 22:00:00,-0.3533176518657233,-0.2870540735933421,-0.2230578167874333,-0.1627279656309207,0.3702184660094534
2004-09-10 23:00:00,-0.2834345152726122,-0.2896113866517796,-0.2126616890405531,-0.0743619341260663,0.457245383780044
2004-09-11 00:00:00,-0.3533176518657233,-0.2878872514621019,-0.0983042838248731,-0.305095460833186,-0.1954564994993854
2004-09-11 01:00:00,-0.6075466887493036,-0.634389847726205,-0.5349416491938335,-0.4932968871188379,-0.6501967446684047
2004-09-11 02:00:00,-0.9145566374198648,-0.7881443579377524,-0.7428642041314335,-0.5079490509527524,-0.7571133287959275
2004-09-11 03:00:00,-1.0514256447989965,-0.8339471185987096,-0.8572216093471137,-0.5169629033366929,-0.8681600928397707
2004-09-11 04:00:00,-1.1250585171850254,-0.9145110873380702,-0.9403906313221536,-0.5289814231211556,-0.9241834387676467
2004-09-11 05:00:00,-1.0511105353503687,-0.8320678213144487,-0.8572216093471137,-0.5230429520572629,-0.8904870002428943
2004-09-11 06:00:00,-0.9512221730504188,-0.7919569776675635,-0.7636564596251936,-0.6109378445823964,-0.9785083681331967
2004-09-11 07:00:00,-0.1347674685773757,-0.1673734157428834,-0.056719772837353,-0.3270929581490133,-0.642611136919995
2004-09-11 08:00:00,0.1740812780587735,0.2682560915408457,0.171995037594007,-0.0672548855784872,-0.3720875062237831
2004-09-11 09:00:00,-0.0529176539221298,-0.1794436440236073,-0.108700411571753,-0.3699742834569521,-0.5427813585696359
2004-09-11 10:00:00,0.693785855886351,1.0234505629094766,0.5150672532410473,0.2327126621435222,0.4305491039013435
2004-09-11 11:00:00,0.1386085764375197,0.202284593569844,0.1408066543533669,-0.3032652138037687,-0.1604656657094827
2004-09-11 12:00:00,-0.0994378887096559,-0.166489234459144,-0.1710771780530332,-0.3951152542038959,-0.2343104342133508
2004-09-11 13:00:00,-0.1732041567347107,-0.2753028684684329,-0.2334539445343132,-0.3850316290606909,-0.2152035798685305
2004-09-11 14:00:00,-0.4526345518299823,-0.4924176299993255,-0.4517726272187933,-0.4358298420941661,-0.5469261456651476
2004-09-11 15:00:00,-0.4040583788844431,-0.47619414876846,-0.4517726272187933,-0.4813575459497763,-0.6108182794289361
2004-09-11 16:00:00,-0.0952565341966289,-0.2066227869873846,-0.1918694335467932,-0.447677270149607,-0.1813730208802949
2004-09-11 17:00:00,-0.0291612755936739,-0.1490142008477742,-0.1606810503061531,-0.3740953918072732,-0.1302024122666874
2004-09-11 18:00:00,0.2326925518826343,0.2273901775888948,0.0368453768845668,-0.3244769176706299,-0.1957313800532568
2004-09-11 19:00:00,0.594062983320624,0.4648672055457373,0.2655601873159271,-0.2106903557285037,0.0658968104968408
2004-09-11 20:00:00,-0.016030229589284,-0.2300115612623561,-0.2750384555218333,-0.6223252950712619,-0.4866760132494819
2004-09-11 21:00:00,0.2334624769386073,0.0650887952933636,-0.046323645090473,-0.3670929908715345,-0.1714334994033529
2004-09-11 22:00:00,0.2037939539042123,0.134556820016601,0.099222143365847,-0.2890589072251684,-0.1143591005363987
2004-09-11 23:00:00,0.1965214027749839,0.1328675722615861,0.109618271112727,-0.2186252215691737,-0.0281183145913726
2004-09-12 00:00:00,0.2328240106294776,0.1422452414445102,0.0784298878720869,-0.1366555037936153,-0.2183665321354498
2004-09-12 01:00:00,-0.3034009662540219,-0.4787252733588829,-0.3478113497499933,-0.455124404708464,-0.6181695083475957
2004-09-12 02:00:00,-0.3524383278069909,-0.4253496959583678,-0.3062268387624732,-0.47274078518385,-0.775755575248063
2004-09-12 03:00:00,-0.8652593990856682,-0.7514963439933497,-0.6700913099032735,-0.6361277682386728,-1.0004144891812097
2004-09-12 04:00:00,-0.9620105375465836,-0.7892710572548371,-0.7428642041314335,-0.614670138738546,-1.000065576787346
2004-09-12 05:00:00,-1.1000430548039066,-0.9126317900538092,-0.9403906313221536,-0.6354495063908498,-0.987335254131516
2004-09-12 06:00:00,-1.1252116774550327,-0.9112695318766972,-0.9195983758283937,-0.6198190709128198,-0.9936306163815912
2004-09-12 07:00:00,-0.823435940399711,-0.7496962073055875,-0.6700913099032735,-0.6679344997154779,-1.1610419201808964
2004-09-12 08:00:00,-0.5708329599089598,-0.6070807238870894,-0.4933571382063134,-0.5881272495552439,-0.990934263895428
2004-09-12 09:00:00,-0.5035748995389338,-0.5651723074584014,-0.5037532659531934,-0.652211926397388,-1.0355028424912809
2004-09-12 10:00:00,-0.4583251827159872,-0.5548136237577328,-0.5141493937000734,-0.6321152402128776,-1.0037915694158184
2004-09-12 11:00:00,-0.5918703581490316,-0.5929034227480259,-0.5973184156751135,-0.7286676064438338,-0.994934141133736
2004-09-12 12:00:00,-0.4603360516838595,-0.5784779721393131,-0.5141493937000734,-0.6444783030829951,-1.0971614887595282
2004-09-12 13:00:00,-0.1938678389175335,-0.4269006759277109,-0.3893958607375133,-0.5023863224951528,-0.9630023494496875
2004-09-12 14:00:00,-0.7581079410226284,-0.7958016920059029,-0.8156370983595936,-0.6497629700265278,-1.0486551134369304
2004-09-12 15:00:00,-0.7608390006536565,-0.7945701014646546,-0.8364293538533536,-0.7630308633470486,-1.1378186631455838
2004-09-12 16:00:00,-0.3030359141446004,-0.5057135884648192,-0.4933571382063134,-0.5808843538751862,-0.9553880253149134
2004-09-12 17:00:00,0.0150031984566952,-0.3478010637634913,-0.3166229665093532,-0.5790572530159173,-0.673981382158544
2004-09-12 18:00:00,-0.1026188071701856,-0.3297498838557992,-0.3478113497499933,-0.7025757806783532,-0.8087468853954934
2004-09-12 19:00:00,0.5717303248803502,0.2770925934301804,0.1304105266064869,-0.6695433162934993,-0.4964531958485941
2004-09-12 20:00:00,1.1963078257995416,1.1712980169265306,0.6398207862036073,-0.0481347106809855,-0.0526998733007971
2004-09-12 21:00:00,0.7826211450918507,0.6836572049169376,0.3591253370378472,-0.07980346012414,-0.2335080353018688
2004-09-12 22:00:00,1.1237139398684823,1.267152571399787,1.242796195522648,0.7126736527781083,0.3435615259201657
2004-09-12 23:00:00,0.2844901305833584,0.2237276379257831,0.0888260156189668,-0.4057083341847003,-0.5703348142817855
2004-09-13 00:00:00,-0.3386119166822583,-0.5180172237559254,-0.4309803717250333,-0.573965700992445,-0.9030714170974848
2004-09-13 01:00:00,-0.7027176564179992,-0.7546385480987927,-0.7012796931439136,-0.6780310091745286,-1.036286899433437
2004-09-13 02:00:00,-0.921443476256391,-0.8048472895830399,-0.7844487151189536,-0.557648913514782,-1.1236433086891937
2004-09-13 03:00:00,-1.0140237569103012,-0.8080362849722433,-0.7948448428658336,-0.5837894300087494,-1.120784368339192
2004-09-13 04:00:00,-1.0279757536249363,-0.790148096229118,-0.7636564596251936,-0.5168026733855643,-1.233923610802179
2004-09-13 05:00:00,-0.8360148679980783,-0.6639193599102621,-0.6077145434219935,-0.5250117803908354,-1.2808295870546376
2004-09-13 06:00:00,-0.4058964687389105,-0.4371599624884149,-0.3166229665093532,-0.4138480756290807,-1.2679950222563974
2004-09-13 07:00:00,1.5520413594894946,1.9133945915650368,1.752206455119768,1.1679553356806198,-0.334580087846173
2004-09-13 08:00:00,2.129981662325489,2.7514105508703475,2.1576554372480885,1.399735937776648,0.0127404554665891
2004-09-13 09:00:00,0.8682104529209241,1.118234137236232,0.6606130416973672,0.080342143680901,-0.3975386900671037
2004-09-13 10:00:00,0.6949293970309441,1.1599243469541545,0.7333859359255273,1.1627625069418948,0.6095424898785775
2004-09-13 11:00:00,0.5551631238447217,0.6655915572541885,0.5150672532410473,0.7700245891425421,0.6095424898785775
2004-09-13 12:00:00,0.625046260437833,1.1417896569666393,0.7125936804317673,0.5638371822978819,0.6095424898785775
2004-09-13 13:00:00,0.625046260437833,1.1724244873234404,0.6814052971911272,0.7798430370875259,0.5877857604359299
2004-09-13 14:00:00,0.0659811676929437,0.1315141961872626,0.1304105266064869,0.176008488471021,0.2179213599109198
2004-09-13 15:00:00,-0.0737851054932787,-0.0002754232375221,-0.004739134102953,1.3100392261166522,2.132513550863913
2004-09-13 16:00:00,0.1358643042860546,0.5581497960693593,0.3695214647847272,0.1809177124435129,0.391975195452101
2004-09-13 17:00:00,0.6949293970309441,1.1969057602413589,0.7437820636724074,0.5982017501053253,0.761839595977111
2004-09-13 18:00:00,1.7700366169194948,2.535239947709032,1.4403226227133676,0.1867258421726867,0.9889394027512466
2004-09-13 19:00:00,2.8613066314173903,3.099040670564165,2.5527082916295285,1.761687831585908,1.2622443731580069
2004-09-13 20:00:00,1.813059582520723,2.465686673112642,1.5962645389165675,2.404796171982348,1.4580549381418355
2004-09-13 21:00:00,0.625046260437833,1.0640668623026583,0.8893278521287273,3.2049996794985294,1.3492712909285975
2004-09-13 22:00:00,-0.0039019689001675,0.3008466327363073,0.3383330815440871,0.5294726144904385,0.0438675243697386
2004-09-13 23:00:00,-0.7726164714243904,-0.5825451511036721,-0.4621687549656733,-0.688014930687555,-1.5443737249435396
2004-09-14 00:00:00,-0.9123827446106128,-0.6665835786904027,-0.5973184156751135,-0.4621906279529272,-0.913428571106758
2004-09-14 01:00:00,-0.982265881203724,-0.7904455093204172,-0.7740525873720735,-0.6291042430176521,-1.2832929716317678
2004-09-14 02:00:00,-1.015655578160723,-0.8267304558673441,-0.8468254816002337,-0.5826231372438612,-0.8333951723553142
2004-09-14 03:00:00,-1.0285405347239374,-0.7932577936697177,-0.7740525873720735,-0.5942828812681883,-1.0452621810930856
2004-09-14 04:00:00,-0.9513387614637312,-0.7703270886648275,-0.7012796931439136,-0.5488660050014956,-1.1561485151518345
2004-09-14 05:00:00,-0.917919498784771,-0.7530966791524127,-0.6596951821563936,-0.5884043747091475,-1.171353675741206
2004-09-14 06:00:00,-0.3078594837903363,-0.2868150809306909,-0.1814733057999132,-0.5344192036785764,-1.00451719764121
2004-09-14 07:00:00,1.8837042801278656,2.57969185041759,1.710621944132248,1.2082041405713029,0.053319199259828
2004-09-14 08:00:00,2.238596911035413,2.890157054411961,2.1576554372480885,1.449790905566973,0.2977474363122516
2004-09-14 09:00:00,1.1102783227750816,1.4814053729034145,0.9932891295975274,0.9643157273856484,0.3721321724741772
2004-09-14 10:00:00,0.200292052838114,0.2937281309759617,0.047241504631447,-0.4224971220934345,-0.3974689739846001
2004-09-14 11:00:00,0.7177200117596506,1.0999785773963415,0.4630866145066473,-0.0295967270785615,0.2699846663619187
2004-09-14 12:00:00,0.593680270086785,0.5828372802808756,0.4630866145066473,-0.2556675547169593,-0.0576507111025885
2004-09-14 13:00:00,0.2879732042243701,0.4435232378415179,0.2759563150628071,-0.2691195295480774,-0.0757026947228603
2004-09-14 14:00:00,-0.2153051116727178,-0.3695339210609212,-0.3270190942562334,-0.5645057666267512,-0.7098644158138202
2004-09-14 15:00:00,0.3696612363153767,0.4123085984655952,0.244767931822167,-0.4373068191612075,-0.4424514503226499
2004-09-14 16:00:00,1.0036666120002533,1.3966988646781002,0.8477433411412074,0.559631951350498,0.3406458997554615
2004-09-14 17:00:00,1.908602800040112,2.5185503850019617,1.5962645389165675,1.2759915225884393,1.152032210216135
2004-09-14 18:00:00,1.0904060589034192,1.420454552209487,0.7645743191661674,-0.0113008487599371,0.1544307575842176
2004-09-14 19:00:00,0.5731635417882661,0.5531765510525354,0.2655601873159271,-0.5431301622769217,-0.3907435299017467
2004-09-14 20:00:00,-0.2054134657766928,-0.4324638940194243,-0.4829610104594334,-0.7006402118577779,-0.7917550842012943
2004-09-14 21:00:00,-0.5762239348302023,-0.720937148862353,-0.7428642041314335,-0.6801731015927016,-0.6952597264826789
2004-09-14 22:00:00,-0.7471757050082135,-0.7873276623215892,-0.8052409706127136,-0.7169922064775779,-0.9954390847598692
2004-09-14 23:00:00,-0.6157407840214851,-0.7393637578569684,-0.7220719486376735,-0.5206196519548747,-0.7087519463258699
2004-09-15 00:00:00,-0.7193058675271092,-0.7799263067930714,-0.7428642041314335,-0.5923864523024351,-0.9350445404590172
2004-09-15 01:00:00,-0.9484671209484836,-0.8971722612307975,-0.9092022480815136,-0.5472761778075841,-1.0608773386438477
2004-09-15 02:00:00,-0.9856425798929966,-0.8285435952210436,-0.8572216093471137,-0.5611002247131555,-1.0743860745589648
2004-09-15 03:00:00,-1.0645883475358329,-0.8359467821109612,-0.8676177370939936,-0.5595621220546597,-1.12525931088256
2004-09-15 04:00:00,-1.000436978919469,-0.8236085798734368,-0.8260332261064736,-0.6313646164516418,-1.1617309474629738
2004-09-15 05:00:00,-0.9608612315443976,-0.790148096229118,-0.7636564596251936,-0.6229085725441289,-1.2164045402363783
2004-09-15 06:00:00,-0.4089470114460754,-0.4583891038328777,-0.3686036052437533,-0.3898038448141019,-1.113156100987917
2004-09-15 07:00:00,0.5183609061064712,0.467707647076557,0.4942749977472873,-0.3138298284356116,-0.9091373802379886
2004-09-15 08:00:00,1.6256149379825795,2.132451054019884,1.689829688638488,1.5331862878726292,0.049717035673136
2004-09-15 09:00:00,0.8059296639633804,1.0493496758229852,0.6710091694442474,0.1231353013158719,-0.4574077078984165
2004-09-15 10:00:00,0.8162722516823855,1.048355979127548,0.7437820636724074,0.7802008015786853,0.0116545444862592
2004-09-15 11:00:00,1.1518476112223703,1.5677917889406054,1.0660620238256877,1.2328648709177392,0.4144941540634547
2004-09-15 12:00:00,1.0363398587869566,1.4586091356092918,1.0036852573444075,1.3427330277576763,0.3941951547078228
2004-09-15 13:00:00,0.8128619885260006,1.012054367191885,0.6086324029629672,0.0772434657199924,-0.0276797672342904
2004-09-15 14:00:00,0.7186808768965898,1.0114203498753342,0.4942749977472873,0.0541531237304792,-0.0459925222012601
2004-09-15 15:00:00,0.8729931187360517,1.1066602994628765,0.7541781914192875,0.0678264541041801,-0.0440369860870341
2004-09-15 16:00:00,0.7653823881309669,1.067270279662884,0.6086324029629672,0.0398334052089109,-0.0562930733911672
2004-09-15 17:00:00,0.8346956702171663,1.0862160796142932,0.6190285307098473,0.504926494627979,0.0438675243697386
2004-09-15 18:00:00,2.791423494824279,2.9780521459701634,1.7937909661072882,1.8844184308982057,1.3057578320433023
2004-09-15 19:00:00,3.2107223143829464,3.199682037463764,2.126467054007448,1.8500538630907624,1.3710280203712453
2004-09-15 20:00:00,1.6034101727413894,1.934610913379703,0.9101201076224876,1.0056673398221538,0.5442723015506346
2004-09-15 21:00:00,-0.1436682420863899,-0.2074483647063359,-0.2230578167874333,-0.0939988300160339,-0.3695103350405666
2004-09-15 22:00:00,-0.213551378679501,-0.1732167405606695,-0.108700411571753,-0.1725464135759045,-0.782888194450872
2004-09-15 23:00:00,-0.4232007884588346,-0.3362275006943458,-0.2854345832687133,-0.3590969245305971,-0.8916718416641102
2004-09-16 00:00:00,-0.3533176518657233,-0.408070434880618,-0.2854345832687133,0.4951080466829951,-0.0214026639582042
2004-09-16 01:00:00,-0.9123827446106128,-0.7501480957309452,-0.6804874376501535,-0.6634688108250955,-1.1962660538611771
2004-09-16 02:00:00,-1.1220321543899463,-0.9041280465307864,-0.9092022480815136,-0.8058363060273609,-1.3268064305170633
2004-09-16 03:00:00,-0.982265881203724,-0.7808344331271109,-0.7324680763845536,-0.6159530645253637,-1.1445654370298697
2004-09-16 04:00:00,-1.0521490177968351,-0.7749996241398329,-0.7116758208907935,-0.8156547539723447,-1.479103536615597
2004-09-16 05:00:00,-0.8424996080175017,-0.6328602031171675,-0.4933571382063134,-0.2854585649432184,-1.3050497010744155
2004-09-16 06:00:00,-0.4930839250519458,-0.2997863390200309,-0.1294926670655132,0.0041856494338042,-1.2397795127464726
2004-09-16 07:00:00,1.463643899555167,1.7379686662310176,1.2531923232695277,2.090605837742866,-0.5218074411391002
2004-09-16 08:00:00,1.3937607629620554,1.790496323303506,1.4195303672196078,1.4082237055664903,-0.6305910883523385
2004-09-16 09:00:00,1.0443450799965,1.441354414774297,1.0660620238256877,1.4965897370713448,-0.3042401467126237
2004-09-16 10:00:00,0.2756305774722771,0.3888283476887123,0.171995037594007,0.7454784692800825,-0.3042401467126237
2004-09-16 11:00:00,-0.5629670616450568,-0.5197140716607488,-0.4725648827125534,-0.1038172779610177,-0.6741045472376337
2004-09-16 12:00:00,-0.2834345152726122,-0.2145122918969727,-0.1398887948123932,0.0483686651862314,-0.3259968761552713
2004-09-16 13:00:00,-0.0039019689001675,0.108115807264943,0.0368453768845668,0.4656527028480437,0.3702184660094534
2004-09-16 14:00:00,-0.2834345152726122,-0.2344457450512002,-0.1606810503061531,0.2005546083334806,-0.1736997700567378
2004-09-16 15:00:00,-0.1436682420863899,-0.131697854701682,-0.1190965393186332,0.4951080466829951,-0.0649161228434995
2004-09-16 16:00:00,0.1358643042860546,0.2590584451835048,0.0680337601252069,0.3772866713431893,0.0003540654844433
2004-09-16 17:00:00,0.8346956702171663,1.2015217066491155,0.6606130416973672,0.6227478699677848,0.3049482776815104
2004-09-16 18:00:00,0.9744619434033888,1.3640271941726352,0.7749704469130475,0.4901988227105032,0.0656242538123863
2004-09-16 19:00:00,1.0443450799965,1.2610849048105468,0.6502169139504874,0.392014343260665,-0.1301863111714425
2004-09-16 20:00:00,0.5551631238447217,0.5619121449287506,0.2551640595690471,0.3134667597007945,0.1526511715829769
2004-09-16 21:00:00,-0.0737851054932787,-0.2125720560621391,-0.2022655612936731,-0.1185449498784935,-0.347753605597919
2004-09-16 22:00:00,-0.1436682420863899,-0.1729284842763684,-0.1814733057999132,-0.5210625128576667,-0.3579014453690086
2004-09-16 23:00:00,-0.4232007884588346,-0.3627250109451823,-0.2958307110155933,-0.4804767681258542,-0.5870303221253442
2004-09-17 00:00:00,-0.7027333348312792,-0.3774618845599015,-0.0671159005842332,0.612929422022801,-0.0214026639582042
2004-09-17 01:00:00,-0.9123827446106128,-0.6387993539201892,-0.5453377769407135,-0.2952770128882022,-0.8264016533361672
2004-09-17 02:00:00,-1.1220321543899463,-0.8280878609367468,-0.8468254816002337,-0.8991115615047072,-1.522616995500892
2004-09-17 03:00:00,-1.1919152909830577,-0.9170395106704284,-0.9715790145627936,-0.5782148285042803,-1.075511657310053
2004-09-17 04:00:00,-1.2617984275761684,-0.9270926546135873,-1.054748036537834,-1.012023712872021,-1.892481396025902
2004-09-17 05:00:00,-1.2617984275761684,-0.9270926546135873,-1.0443519087909536,-0.9972960409545452,-1.8707246665832544
2004-09-17 06:00:00,-1.1220321543899463,-0.9134895539493588,-0.9507867590690338,-0.7567440663024417,-1.5008602660582444
2004-09-17 07:00:00,0.2057474408791658,0.4705427776593177,0.3383330815440871,1.0694872514645486,-0.2389699583846807
2004-09-17 08:00:00,0.0659811676929437,-0.1144203334172619,-0.1710771780530332,0.5098357186004708,-0.4130237939258619
2004-09-17 09:00:00,-0.4930839250519458,-0.5524425601536372,-0.4829610104594334,0.0041856494338042,-0.6305910883523385
2004-09-17 10:00:00,-0.3533176518657233,-0.4358031068274321,-0.3893958607375133,0.4852895987380113,-0.3259968761552713
2004-09-17 11:00:00,-0.3533176518657233,-0.3248302061599143,-0.2854345832687133,0.5540187343528981,0.0656242538123863
2004-09-17 12:00:00,-0.3533176518657233,-0.3059127007421292,-0.2438500722811932,-0.143091069740953,-0.4565372528111572
2004-09-17 13:00:00,-0.0039019689001675,-0.0669597786333283,-0.0671159005842332,0.0925516809386585,-0.4782939822538049
2004-09-17 14:00:00,-0.7027333348312792,-0.5766742642968216,-0.5245455214469534,-0.3394600286406294,-0.6305910883523385
2004-09-17 15:00:00,-0.3533176518657233,-0.2917944610082036,-0.2022655612936731,-0.1087265019335097,-0.6088343589096907
2004-09-17 16:00:00,0.2057474408791658,0.2655145435256058,0.1200143988596069,0.3183759836732864,0.1091377126976816
2004-09-17 17:00:00,0.5551631238447217,0.578145698647314,0.4007098480253671,0.4018327912056488,0.0438675243697386
2004-09-17 18:00:00,0.4153968506584996,0.5415234153305761,0.3591253370378472,0.3527405514807298,0.1308944421403292
2004-09-17 19:00:00,0.6949293970309441,1.040440468886085,0.4734827422535272,0.504926494627979,0.4137319248947487
2004-09-17 20:00:00,0.0659811676929437,-0.068786927901735,-0.1398887948123932,0.1661900405260372,0.0003540654844433
2004-09-17 21:00:00,-0.4232007884588346,-0.4958556447548431,-0.4621687549656733,-0.0449065902911148,-0.1084295817287948
2004-09-17 22:00:00,-0.6328501982381681,-0.5928414311646486,-0.6077145434219935,-0.3443692526131213,-0.4347805233685096
2004-09-17 23:00:00,-0.5629670616450568,-0.5281541753751344,-0.5245455214469534,-0.3198231327506618,-0.347753605597919
2004-09-18 00:00:00,-0.4930839250519458,-0.5734435596517417,-0.4829610104594334,-0.256003221108267,-0.3042401467126237
2004-09-18 01:00:00,-0.8424996080175017,-0.8017479851183831,-0.7948448428658336,-0.6192857950726682,-0.8699151122214626
2004-09-18 02:00:00,-0.982265881203724,-0.829109394325458,-0.8468254816002337,-0.7812901861649013,-1.152752594975882
2004-09-18 03:00:00,-1.0521490177968351,-0.9139670356502764,-0.9299945035752736,-0.5199682449165326,-0.8919321150387903
2004-09-18 04:00:00,-1.1219366426958677,-0.862271228709533,-0.8988061203346337,-0.8647469936972637,-1.4138333482876535
2004-09-18 05:00:00,-1.1220321543899463,-0.9145110873380702,-0.9403906313221536,-0.8843838895872314,-1.479103536615597
2004-09-18 06:00:00,-0.9123827446106128,-0.8189575171108421,-0.8052409706127136,-0.5701935553477492,-0.848158382778815
2004-09-18 07:00:00,-0.6328501982381681,-0.6125523281247865,-0.5141493937000734,-0.3198231327506618,-0.6088343589096907
2004-09-18 08:00:00,-0.7027333348312792,-0.7247289368562434,-0.6596951821563936,-0.305095460833186,-0.6305910883523385
2004-09-18 09:00:00,-0.3533176518657233,-0.4096159207657622,-0.3582074774968732,-0.0252696944011472,-0.4565372528111572
2004-09-18 10:00:00,-0.4930839250519458,-0.5297336330142417,-0.4933571382063134,-0.1381818457684611,-0.5870776294670431
2004-09-18 11:00:00,-0.6328501982381681,-0.6807631232471808,-0.6389029266626335,-0.2952770128882022,-0.6088343589096907
2004-09-18 12:00:00,-0.4930839250519458,-0.5235448218684161,-0.4933571382063134,-0.2412755491907912,-0.6958612766802814
2004-09-18 13:00:00,-0.3533176518657233,-0.4202349782734227,-0.3893958607375133,-0.1381818457684611,-0.6741045472376337
2004-09-18 14:00:00,-0.7027333348312792,-0.6967272837038593,-0.6596951821563936,-0.3738245964480728,-0.6958612766802814
2004-09-18 15:00:00,-0.7027333348312792,-0.6752059944321211,-0.6285067989157536,-0.4965551957603705,-0.8046449238935196
2004-09-18 16:00:00,-0.5629670616450568,-0.6311574032877955,-0.6285067989157536,-0.3590969245305971,-0.8046449238935196
2004-09-18 17:00:00,-0.4232007884588346,-0.5044007770454974,-0.5037532659531934,-0.1676371896034126,-0.2172132289420331
2004-09-18 18:00:00,-0.0737851054932787,-0.1984924580537456,-0.2230578167874333,0.1367346966910857,0.2614348187962151
2004-09-18 19:00:00,0.2057474408791658,0.2604647476022775,0.0264492491376868,0.2987390877833187,0.4790021132226916
2004-09-18 20:00:00,-0.0737851054932787,-0.2026621016884137,-0.2230578167874333,-0.0203604704286553,0.1308944421403292
2004-09-18 21:00:00,-0.4232007884588346,-0.4715566838642575,-0.3997919884843933,-0.2805493409707265,-0.0214026639582042
2004-09-18 22:00:00,-0.2834345152726122,-0.3117118897501844,-0.2438500722811932,-0.1381818457684611,-0.0214026639582042
2004-09-18 23:00:00,0.2756305774722771,0.2412013895841731,0.0784298878720869,0.3232852076457783,0.1308944421403292
2004-09-19 00:00:00,0.0659811676929437,-0.1175120377321102,-0.0879081560779931,0.0827332329936747,-0.1301863111714425
2004-09-19 01:00:00,-0.4930839250519458,-0.5592181852759379,-0.4413764994719134,-0.4376445080904676,-0.6305910883523385
2004-09-19 02:00:00,-0.6328501982381681,-0.6330622022795462,-0.5349416491938335,-0.6192857950726682,-1.0004554888773485
2004-09-19 03:00:00,-0.6328501982381681,-0.5426140097941252,-0.3686036052437533,-0.5694689623990505,-1.024790551437921
2004-09-19 04:00:00,-0.8424996080175017,-0.802884253298781,-0.7844487151189536,-0.7272887224674903,-1.2180227833038249
2004-09-19 05:00:00,-1.1220321543899463,-0.9145103090094752,-0.9403906313221536,-0.9432945772571344,-1.6314006427141303
2004-09-19 06:00:00,-1.0521490177968351,-0.8599352356762402,-0.8780138648408736,-0.796017858082377,-1.4355900777303017
2004-09-19 07:00:00,-0.7726164714243904,-0.745586769676932,-0.6804874376501535,-0.4867367478153867,-1.0439689477626437
2004-09-19 08:00:00,-0.5629670616450568,-0.4767109589554344,-0.3789997329906333,-0.2903677889157103,-0.913428571106758
2004-09-19 09:00:00,-0.2834345152726122,-0.3366483475439798,-0.2646423277749531,-0.0694527101535744,-0.5435641705817479
2004-09-19 10:00:00,0.0659811676929437,-0.0767290844515623,-0.0775120283311131,0.1661900405260372,0.0003540654844433
2004-09-19 11:00:00,-0.0039019689001675,-0.0526920082411232,-0.1190965393186332,0.0630963371037071,0.1091377126976816
2004-09-19 12:00:00,0.0659811676929437,-0.0285943139683565,-0.0359275173435931,0.0581871131312152,0.4137319248947487
2004-09-19 13:00:00,-0.0737851054932787,-0.0067605486578072,0.0576376323783269,-0.2952770128882022,-0.0866728522861472
2004-09-19 14:00:00,-0.0737851054932787,-0.1204762792935446,-0.056719772837353,-0.4965551957603705,-0.5000507116964525
2004-09-19 15:00:00,-0.6328501982381681,-0.682612477772558,-0.6492990544095135,-0.5849212272652249,-0.8699151122214626
2004-09-19 16:00:00,-0.213551378679501,-0.3407974799309721,-0.3166229665093532,-0.2216386533008236,-0.0866728522861472
2004-09-19 17:00:00,1.533527036148278,1.623808738887801,0.9724968741037674,0.4460158069580761,0.892379972632997
2004-09-19 18:00:00,1.184111353182722,1.235792705064874,0.5670478919754474,0.8583906206473965,1.501568397027131
2004-09-19 19:00:00,1.6034101727413894,1.7823482301642908,0.9413084908631272,1.2314916425567817,1.6973789620109598
2004-09-19 20:00:00,1.184111353182722,1.129098871875652,0.4111059757722472,1.1382163870794353,1.6756222325683123
2004-09-19 21:00:00,-0.1436682420863899,-0.2214457345878862,-0.2646423277749531,-0.0498158142636067,0.2396780893535675
2004-09-19 22:00:00,-0.2834345152726122,-0.3365374586112324,-0.2958307110155933,-0.3394600286406294,-0.2389699583846807
2004-09-19 23:00:00,-0.213551378679501,-0.3028084516016934,-0.2750384555218333,-0.2412755491907912,-0.2172132289420331
2004-09-20 00:00:00,-0.7027333348312792,-0.6346719231657824,-0.5869222879282334,-0.6781964827425712,-0.6741045472376337
2004-09-20 01:00:00,-0.9123827446106128,-0.7878372386310352,-0.7636564596251936,-0.8205639779448366,-1.152752594975882
2004-09-20 02:00:00,-0.982265881203724,-0.8403288636679859,-0.8676177370939936,-0.9138392334221828,-1.457346807172949
2004-09-20 03:00:00,-1.0521490177968351,-0.9134895539493588,-0.9507867590690338,-0.5939730209629787,-1.1279509326345531
2004-09-20 04:00:00,-1.1220321543899463,-0.9134895539493588,-0.9507867590690338,-0.8892931135597233,-1.3050497010744155
2004-09-20 05:00:00,-1.1220321543899463,-0.888148868910631,-0.8988061203346337,-0.8303824258898204,-1.3703198894023585
2004-09-20 06:00:00,-0.8424996080175017,-0.7519341309359303,-0.6908835653970335,-0.5505566594577815,-1.087482406647939
2004-09-20 07:00:00,0.9744619434033888,1.4067900322623186,1.0764581515725675,0.6767493336651959,-0.4130237939258619
2004-09-20 08:00:00,2.226577349568655,2.839717698743466,2.1680515649949688,1.8288390879625656,0.2246058042976342
2004-09-20 09:00:00,2.5118909484518346,2.871926217950965,1.679433560891608,2.448979187734776,1.0664338081741782
2004-09-20 10:00:00,0.9744619434033888,1.2972751699731129,0.7021975526848875,1.1922178507768464,1.3710280203712453
2004-09-20 11:00:00,1.1142282165896111,1.43120757380353,0.7541781914192875,0.9173013083172994,1.3927847498138928
2004-09-20 12:00:00,0.6949293970309441,1.124874653671275,0.6502169139504874,0.4509250309305679,1.196974184830064
2004-09-20 13:00:00,0.625046260437833,1.1117150400619835,0.5150672532410473,0.3183759836732864,0.5660290309932822
2004-09-20 14:00:00,0.3455137140653883,0.3414779492929662,0.047241504631447,0.2201915042234482,0.326705007124158
2004-09-20 15:00:00,0.2057474408791658,0.3258289661331633,0.0576376323783269,0.1269162487461019,0.2614348187962151
2004-09-20 16:00:00,0.3455137140653883,0.5787156183148776,0.4318982312660072,0.2054638323059725,0.3049482776815104
2004-09-20 17:00:00,2.022708992300056,2.7568965770790665,1.814583221601048,1.3100392261166522,1.6103520442403694
2004-09-20 18:00:00,2.442007811858723,2.933068049638874,2.053694159779288,1.6095018884386587,1.958459715322732
2004-09-20 19:00:00,3.070956041196724,3.1444928628692,2.448747014160728,2.1740626452752285,2.502377951388923
2004-09-20 20:00:00,1.3937607629620554,1.619871861287025,0.8477433411412074,1.0302134596846133,1.2622443731580069
2004-09-20 21:00:00,-0.0039019689001675,0.1001362909425633,0.0368453768845668,-0.035088142346131,0.1744079010256245
2004-09-20 22:00:00,-0.0737851054932787,-0.1223938062470229,-0.1502849225592731,-0.0399973663186229,0.1091377126976816
2004-09-20 23:00:00,-0.4930839250519458,-0.4427705212723086,-0.3789997329906333,-0.4523721800079434,-0.347753605597919
2004-09-21 00:00:00,-0.9123827446106128,-0.7760095283836566,-0.7220719486376735,-0.7911086341098851,-1.0439689477626437
2004-09-21 01:00:00,-0.9123827446106128,-0.7886739418704892,-0.7532603318783136,-0.7665625142474256,-0.913428571106758
2004-09-21 02:00:00,-1.0521490177968351,-0.8329255852099984,-0.8572216093471137,-0.8991115615047072,-1.3050497010744155
2004-09-21 03:00:00,-1.1220321543899463,-0.9134895539493588,-0.9299945035752736,-0.516404083591289,-0.948671046756364
2004-09-21 04:00:00,-1.1919152909830577,-0.918060265730545,-0.9611828868159136,-0.962931473147102,-1.6096439132714826
2004-09-21 05:00:00,-1.0521490177968351,-0.8256702349690657,-0.8364293538533536,-0.6683780347975874,-1.2397795127464726
2004-09-21 06:00:00,-0.4930839250519458,-0.490109839931587,-0.3374152220031133,-0.035088142346131,-0.6741045472376337
2004-09-21 07:00:00,2.442007811858723,2.9302997637471995,2.084882543019928,2.2624286767800825,0.5007588426653393
2004-09-21 08:00:00,3.630021133941613,3.201726935602586,3.1037030622141693,2.453888411707267,0.827109784305054
2004-09-21 09:00:00,2.23235840207939,2.829936031235784,1.658641305397848,2.095515061715358,1.1099472670594734
2004-09-21 10:00:00,1.6034101727413894,2.133122797381266,1.3363613452445675,1.7665970555584,1.7626491503389028
2004-09-21 11:00:00,0.6949293970309441,1.113652620422788,0.5878401474692073,0.5000172706554871,1.0446770787315305
2004-09-21 12:00:00,0.8346956702171663,1.164030808620535,0.6606130416973672,0.666930885720212,1.0229203492888828
2004-09-21 13:00:00,1.184111353182722,1.5606732871802598,0.8269510856474475,0.7994799329774935,1.6973789620109598
2004-09-21 14:00:00,0.1358643042860546,0.3111592119137404,0.1408066543533669,0.1809177124435129,0.7183261370918157
2004-09-21 15:00:00,0.3455137140653883,0.5950169324052271,0.3383330815440871,0.1956453843609887,0.9141367020756446
2004-09-21 16:00:00,0.7648125336240554,1.144130869379921,0.6710091694442474,0.5098357186004708,1.2622443731580069
2004-09-21 17:00:00,2.022708992300056,2.61395625593231,1.585868411169688,1.1823994028318623,2.06724336253597
2004-09-21 18:00:00,2.442007811858723,2.891674520467691,1.9705251378042483,1.545681976796264,2.045486633093322
2004-09-21 19:00:00,2.3022415386725013,2.830378488149934,1.804187093854168,1.437679049401442,2.176027009749208
2004-09-21 20:00:00,1.6034101727413894,1.9287381036433824,0.8997239798756075,0.9320289802347752,1.3710280203712453
2004-09-21 21:00:00,0.2057474408791658,0.3015105012436717,0.0576376323783269,-0.0449065902911148,0.2831915482388628
2004-09-21 22:00:00,-0.4232007884588346,-0.4116469921260173,-0.3374152220031133,-0.4572814039804352,-0.3912670644832143
2004-09-21 23:00:00,-0.5629670616450568,-0.4422087511629734,-0.3789997329906333,-0.6192857950726682,-0.717618006122929
2004-09-22 00:00:00,-0.7027333348312792,-0.6329857887251469,-0.5661300324344735,-0.6831057067150631,-0.782888194450872
2004-09-22 01:00:00,-0.7726164714243904,-0.7366621793042754,-0.6492990544095135,-0.688014930687555,-0.782888194450872
2004-09-22 02:00:00,-1.0521490177968351,-0.9134895539493588,-0.9299945035752736,-0.904020785477199,-1.3703198894023585
2004-09-22 03:00:00,-1.1220321543899463,-0.9134895539493588,-0.9299945035752736,-0.5739421796251453,-1.1222991992175917
2004-09-22 04:00:00,-1.0521490177968351,-0.795042409569618,-0.7844487151189536,-0.8794746656147395,-1.4355900777303017
2004-09-22 05:00:00,-0.9123827446106128,-0.7513588545362728,-0.6596951821563936,-0.3738245964480728,-0.8916718416641102
2004-09-22 06:00:00,-0.4232007884588346,-0.3189204029233217,-0.1710771780530332,0.1465531446360695,-0.6741045472376337
2004-09-22 07:00:00,1.3937607629620554,1.7670349355490391,1.5130955169415277,1.437679049401442,-0.0431593934008519
2004-09-22 08:00:00,2.372124675265612,2.903791906304455,2.386370247679448,1.3689499137865553,0.1961646304682722
2004-09-22 09:00:00,2.372124675265612,2.911384730667304,1.835375477094808,2.2722471247250664,1.196974184830064
2004-09-22 10:00:00,1.1142282165896111,1.503168905504288,0.8997239798756075,1.3345853459791115,1.3492712909285975
2004-09-22 11:00:00,0.8346956702171663,1.2016444078628907,0.7229898081786474,0.8682090685923802,1.5233251264697787
2004-09-22 12:00:00,0.2756305774722771,0.4730341617073687,0.213579548581527,0.0238225453237718,0.4354886543373963
2004-09-22 13:00:00,0.3455137140653883,0.5686372702604566,0.2759563150628071,0.1416439206635776,0.2179213599109198
2004-09-22 14:00:00,0.0659811676929437,0.1252187082399088,0.0784298878720869,-0.0252696944011472,0.1526511715829769
2004-09-22 15:00:00,0.3455137140653883,0.5854451389139428,0.4111059757722472,0.2791021918933511,0.6748126782065205
2004-09-22 16:00:00,0.5551631238447217,0.689485146298967,0.4942749977472873,0.3478313275082378,0.892379972632997
2004-09-22 17:00:00,2.022708992300056,2.732659974044138,1.658641305397848,1.3149484500891442,2.3500808452903894
2004-09-22 18:00:00,2.092592128893167,2.6523562417596644,1.5442839001821678,1.1823994028318623,2.241297198077151
2004-09-22 19:00:00,2.162475265486279,2.6521276878569915,1.5962645389165675,1.089124147354516,1.8279193386668453
2004-09-22 20:00:00,1.184111353182722,1.501029875389525,0.7229898081786474,0.612929422022801,1.2404876437153594
2004-09-22 21:00:00,0.0659811676929437,0.1138204064567075,0.0576376323783269,-0.1234541738509854,0.1091377126976816
2004-09-22 22:00:00,-0.0039019689001675,0.0768793746883647,0.0160531213908069,-0.2707308930257427,-0.2607266878273284
2004-09-22 23:00:00,-0.213551378679501,-0.1967510164988414,-0.1814733057999132,-0.3689153724755809,-0.3695103350405666
2004-09-23 00:00:00,-0.3533176518657233,-0.4531423449910196,-0.3478113497499933,-0.4229168361729919,-0.5000507116964525
2004-09-23 01:00:00,-0.4930839250519458,-0.5519070242963516,-0.4621687549656733,-0.6585595868526035,-0.848158382778815
2004-09-23 02:00:00,-0.9123827446106128,-0.8047131423605173,-0.7948448428658336,-0.8696562176697556,-1.3268064305170633
2004-09-23 03:00:00,-1.1220321543899463,-0.9121272957722472,-0.9299945035752736,-0.5822582189610549,-0.944883803569692
2004-09-23 04:00:00,-1.1576048871203712,-0.912671347460041,-0.9507867590690338,-0.904020785477199,-1.4355900777303017
2004-09-23 05:00:00,-1.1220321543899463,-0.9121272957722472,-0.9195983758283937,-0.7567440663024417,-1.1309958655332344
2004-09-23 06:00:00,-0.8424996080175017,-0.6441808093929897,-0.5245455214469534,-0.5211013156228301,-0.9569420299920532
2004-09-23 07:00:00,0.7648125336240554,1.2244723277092269,1.0660620238256877,0.9025736363998236,0.0438675243697386
2004-09-23 08:00:00,0.4852799872516105,0.6197866447435866,0.7749704469130475,0.2152822802509563,-0.1301863111714425
2004-09-23 09:00:00,0.4153968506584996,0.6059442996045147,0.7021975526848875,0.2692837439483673,-0.1519430406140901
2004-09-23 10:00:00,0.2057474408791658,0.5632290769112216,0.3591253370378472,0.4705619268205356,0.1744079010256245
2004-09-23 11:00:00,0.4153968506584996,0.6316696163211989,0.4734827422535272,0.4214696870956165,0.4137319248947487
2004-09-23 12:00:00,0.4852799872516105,0.6550105004955702,0.4942749977472873,0.2741929679208592,0.3702184660094534
2004-09-23 13:00:00,0.5551631238447217,0.7105146692508705,0.6086324029629672,0.1710992644985291,0.4354886543373963
2004-09-23 14:00:00,0.3455137140653883,0.6004765870097918,0.4630866145066473,0.1809177124435129,0.4354886543373963
2004-09-23 15:00:00,0.3455137140653883,0.5673373699390022,0.3903137202784871,0.2152822802509563,0.1744079010256245
2004-09-23 16:00:00,0.7648125336240554,1.2239099166234018,0.7853665746599272,0.4165604631231246,0.7835963254197587
2004-09-23 17:00:00,1.7431764459276111,2.480383348344639,1.4403226227133676,1.000758115849662,1.7408924208962553
2004-09-23 18:00:00,1.952825855706945,2.5578199012218588,1.533887772435288,0.9467566521522508,1.7191356914536076
2004-09-23 19:00:00,1.813059582520723,2.525400042908842,1.481907133700888,0.8043891569499855,1.3710280203712453
2004-09-23 20:00:00,0.8346956702171663,1.1451677862043892,0.5774440197223271,0.3674682233982055,0.827109784305054
2004-09-23 21:00:00,0.1358643042860546,0.2776837568899796,0.1304105266064869,-0.0498158142636067,0.1308944421403292
2004-09-23 22:00:00,-0.0039019689001675,-0.0525141830492195,-0.108700411571753,-0.0989080539885258,-0.0214026639582042
2004-09-23 23:00:00,-0.2834345152726122,-0.3051406903441169,-0.2542462000280732,-0.2903677889157103,-0.347753605597919
2004-09-24 00:00:00,-0.7726164714243904,-0.6237280279298633,-0.5037532659531934,-0.692924154660047,-1.0004554888773485
2004-09-24 01:00:00,-0.8424996080175017,-0.7265542547632505,-0.6285067989157536,-0.7616532902749337,-1.1092391360905869
2004-09-24 02:00:00,-0.982265881203724,-0.7749996241398329,-0.7012796931439136,-0.7763809621924094,-1.0004554888773485
2004-09-24 03:00:00,-1.1919152909830577,-0.9184638977830224,-0.9715790145627936,-0.5899656616452844,-0.9035785186023622
2004-09-24 04:00:00,-1.1919152909830577,-0.9115880514081274,-0.9195983758283937,-0.8451100978072961,-1.2615362421891203
2004-09-24 05:00:00,-1.1220321543899463,-0.8574259500705078,-0.8884099925877535,-0.634013466990144,-1.1962660538611771
2004-09-24 06:00:00,-0.5629670616450568,-0.43586216823257,-0.3062268387624732,-0.0301789183736391,-0.5870776294670431
2004-09-24 07:00:00,0.9744619434033888,1.3614660352552586,1.0140813850912878,1.4573159452914095,0.0873809832550339
2004-09-24 08:00:00,2.372124675265612,2.9335595870385336,2.3551818644388085,2.188790317192704,0.5877857604359299
2004-09-24 09:00:00,2.442007811858723,2.973449568500624,1.876959988082328,2.772987969919241,1.0881905376168255
2004-09-24 10:00:00,0.9045788068102776,1.2518559421732722,0.9309123631162476,1.4769528411813773,0.6095424898785775
2004-09-24 11:00:00,0.7648125336240554,1.2250579970848272,0.7333859359255273,0.6178386459952929,0.5225155721079869
2004-09-24 12:00:00,1.1142282165896111,1.5179668550216847,1.1388349180538475,0.9025736363998236,0.7183261370918157
2004-09-24 13:00:00,1.7431764459276111,2.475736085656949,1.6170567944103278,1.20203629872183,0.9358934315182922
2004-09-24 14:00:00,1.463643899555167,1.846368961972411,1.3155690897508077,1.265856210364225,0.761839595977111
2004-09-24 15:00:00,0.8346956702171663,1.227775737401872,0.8269510856474475,0.8092983809224774,0.2831915482388628
2004-09-24 16:00:00,0.4153968506584996,0.522517912997539,0.3279369537972071,0.2152822802509563,-0.3042401467126237
2004-09-24 17:00:00,0.0659811676929437,-0.0500282015172974,-0.0255313895967131,0.1465531446360695,-0.0649161228434995
2004-09-24 18:00:00,0.4852799872516105,0.1827034027808345,-0.0983042838248731,0.3331036555907621,0.1961646304682722
2004-09-24 19:00:00,0.5551631238447217,0.1850263015801199,-0.0879081560779931,0.2692837439483673,-0.0214026639582042
2004-09-24 20:00:00,-0.0737851054932787,-0.4193970388650239,-0.5765261601813535,0.0090948734062961,-0.0649161228434995
2004-09-24 21:00:00,-0.982265881203724,-0.8857425515995927,-0.9507867590690338,-0.7125610505500146,-1.152752594975882
2004-09-24 22:00:00,-1.0521490177968351,-0.8892925083206624,-0.9715790145627936,-0.6831057067150631,-1.087482406647939
2004-09-24 23:00:00,-0.6328501982381681,-0.7526270723055137,-0.7844487151189536,-0.8991115615047072,-1.9142381254685497
2004-09-25 00:00:00,-0.6328501982381681,-0.7760166706931151,-0.7740525873720735,-1.0758436245144158,-2.349372714321502
2004-09-25 01:00:00,-0.7027333348312792,-0.792688102922329,-0.7948448428658336,-1.0414790567069725,-2.240589067108264
2004-09-25 02:00:00,-1.0521490177968351,-0.92688232275684,-1.0027673978034335,-1.0414790567069725,-2.2188323376656167
2004-09-25 03:00:00,-1.2617984275761684,-0.927093432942182,-1.0755402920315935,-0.5298484926322883,-1.1021837025505496
2004-09-25 04:00:00,-1.2617984275761684,-0.928114165110281,-1.0755402920315935,-0.962931473147102,-1.805454478255312
2004-09-25 05:00:00,-1.2617984275761684,-0.928114165110281,-1.0859364197784738,-1.012023712872021,-2.088291961009731
2004-09-25 06:00:00,-1.1919152909830577,-0.928114165110281,-1.0443519087909536,-1.0463882806794644,-2.327615984878855
2004-09-25 07:00:00,-1.0521490177968351,-0.9186850117800098,-0.9611828868159136,-1.0316606087619886,-2.197075608222969
2004-09-25 08:00:00,-0.982265881203724,-0.9082503952573092,-0.9195983758283937,-0.967840697119594,-2.088291961009731
2004-09-25 09:00:00,-0.7726164714243904,-0.752595801809615,-0.7012796931439136,-0.5309197635678139,-1.2615362421891203
2004-09-25 10:00:00,-0.7027333348312792,-0.7434753015512334,-0.7324680763845536,-0.3198231327506618,-1.0004554888773485
2004-09-25 11:00:00,-0.4232007884588346,-0.5023382062691687,-0.5037532659531934,-0.3443692526131213,-0.9569420299920532
2004-09-25 12:00:00,-0.4930839250519458,-0.5279960373182767,-0.5557339046875934,-0.9187484573946748,-2.088291961009731
2004-09-25 13:00:00,-0.4930839250519458,-0.5266698569607376,-0.5557339046875934,-1.016932936844513,-2.197075608222969
2004-09-25 14:00:00,-0.7726164714243904,-0.7402887784999195,-0.7116758208907935,-0.967840697119594,-2.1318054198950263
2004-09-25 15:00:00,-0.8424996080175017,-0.7677137359475614,-0.7740525873720735,-0.967840697119594,-2.088291961009731
2004-09-25 16:00:00,-0.7027333348312792,-0.7267498441607305,-0.7012796931439136,-0.904020785477199,-1.9359948549111967
2004-09-25 17:00:00,-0.5629670616450568,-0.5193772842993576,-0.4829610104594334,-0.6192857950726682,-1.457346807172949
2004-09-25 18:00:00,-0.213551378679501,-0.2746634486357536,-0.2542462000280732,-0.2952770128882022,-1.0439689477626437
2004-09-25 19:00:00,0.2057474408791658,0.0811208992579682,-0.1606810503061531,-0.0989080539885258,-0.913428571106758
2004-09-25 20:00:00,0.4153968506584996,0.1332741344923031,-0.056719772837353,0.014004097378788,-0.6305910883523385
2004-09-25 21:00:00,-0.2834345152726122,-0.4443993341011358,-0.4101881162312733,-0.0743619341260663,-0.4782939822538049
2004-09-25 22:00:00,0.0659811676929437,-0.0747019505183165,-0.108700411571753,0.2005546083334806,-0.2389699583846807
2004-09-25 23:00:00,0.4852799872516105,0.4263979942574767,0.2551640595690471,0.4509250309305679,-0.2607266878273284
2004-09-26 00:00:00,0.2057474408791658,0.0409500785252452,-0.046323645090473,0.4509250309305679,-0.282483417269976
2004-09-26 01:00:00,0.2756305774722771,0.1836539709153103,0.0368453768845668,0.504926494627979,-0.1954564994993854
2004-09-26 02:00:00,-0.4930839250519458,-0.4987262121806867,-0.3686036052437533,-0.1627279656309207,-0.4347805233685096
2004-09-26 03:00:00,-0.4930839250519458,-0.5087903671842605,-0.3789997329906333,-0.1858228021492173,-0.5683263271429912
2004-09-26 04:00:00,-0.8058761591796635,-0.6699978773157952,-0.6077145434219935,-0.5309197635678139,-1.0657256772052914
2004-09-26 05:00:00,-0.8424996080175017,-0.7758681930676404,-0.7116758208907935,-0.6683780347975874,-1.1962660538611771
2004-09-26 06:00:00,-1.0521490177968351,-0.829109394325458,-0.8364293538533536,-0.7812901861649013,-1.392076618845006
2004-09-26 07:00:00,-0.7726164714243904,-0.7192514722620674,-0.6181106711688734,-0.4425537320629595,-1.1745093244185296
2004-09-26 08:00:00,-0.3533176518657233,-0.4124476633299337,-0.3270190942562334,0.1121885768286262,-0.5870776294670431
2004-09-26 09:00:00,-0.8424996080175017,-0.8251026502872867,-0.8676177370939936,-0.6438319149351278,-1.1962660538611771
2004-09-26 10:00:00,-0.8424996080175017,-0.8180503064575024,-0.8676177370939936,-0.6634688108250955,-1.3703198894023585
2004-09-26 11:00:00,-0.7726164714243904,-0.7977073151102836,-0.8156370983595936,-0.5701935553477492,-1.0657256772052914
2004-09-26 12:00:00,-0.7726164714243904,-0.792233467454872,-0.8052409706127136,-0.5456474354852896,-1.1309958655332344
2004-09-26 13:00:00,-0.8424996080175017,-0.7666933929437599,-0.7636564596251936,-0.6291042430176521,-1.1092391360905869
2004-09-26 14:00:00,-0.8424996080175017,-0.7636884951592539,-0.7428642041314335,-0.688014930687555,-1.2180227833038249
2004-09-26 15:00:00,-0.8424996080175017,-0.8031586828045149,-0.8572216093471137,-0.4523721800079434,-0.8916718416641102
2004-09-26 16:00:00,-0.8424996080175017,-0.7967334429019975,-0.8156370983595936,-0.5849212272652249,-1.2180227833038249
2004-09-26 17:00:00,0.4153968506584996,0.1254212568107074,-0.108700411571753,-0.0203604704286553,-0.3259968761552713
2004-09-26 18:00:00,0.0659811676929437,-0.2605373340478096,-0.3686036052437533,0.1121885768286262,-0.2389699583846807
2004-09-26 19:00:00,0.8346956702171663,0.6113823441445636,-0.0671159005842332,0.6522032138027363,0.3702184660094534
2004-09-26 20:00:00,-0.0039019689001675,-0.3197924972218235,-0.4205842439781533,0.1367346966910857,-0.2607266878273284
2004-09-26 21:00:00,-0.213551378679501,-0.3767107516818449,-0.3789997329906333,0.1465531446360695,0.0438675243697386
2004-09-26 22:00:00,-0.1436682420863899,-0.2372587161610255,-0.2854345832687133,0.2741929679208592,0.1091377126976816
2004-09-26 23:00:00,0.1358643042860546,0.0592464777243472,-0.1398887948123932,0.3183759836732864,0.0873809832550339
2004-09-27 00:00:00,-0.1436682420863899,-0.3330132783018625,-0.2958307110155933,0.014004097378788,-0.1519430406140901
2004-09-27 01:00:00,-0.5629670616450568,-0.5980874116779118,-0.5765261601813535,-0.472009075897911,-0.6305910883523385
2004-09-27 02:00:00,-0.7726164714243904,-0.7425632377901847,-0.6596951821563936,-0.6291042430176521,-0.7611314650082243
2004-09-27 03:00:00,-1.0521490177968351,-0.8548729407113594,-0.8780138648408736,-0.5008909178600994,-0.8439515151717405
2004-09-27 04:00:00,-1.0521490177968351,-0.8274808562008408,-0.8260332261064736,-0.6585595868526035,-1.0004554888773485
2004-09-27 05:00:00,-0.8424996080175017,-0.6602880449590139,-0.5973184156751135,-0.2903677889157103,-0.848158382778815
2004-09-27 06:00:00,-0.4232007884588346,-0.3790198237025631,-0.2438500722811932,0.6031109740778172,-0.2389699583846807
2004-09-27 07:00:00,2.372124675265612,2.6378921494254195,1.6170567944103278,2.7533510740292737,0.4790021132226916
2004-09-27 08:00:00,1.323877626368945,1.646936086322976,0.7749704469130475,1.8451446391182704,0.5442723015506346
2004-09-27 09:00:00,-0.213551378679501,-0.3719700895627734,-0.3270190942562334,0.1809177124435129,-0.347753605597919
2004-09-27 10:00:00,-0.1436682420863899,-0.2063650228703872,-0.2334539445343132,0.4263789110681084,-0.1519430406140901
2004-09-27 11:00:00,-0.2834345152726122,-0.2792445991769176,-0.2230578167874333,0.4361973590130922,0.2831915482388628
2004-09-27 12:00:00,-0.3533176518657233,-0.3575785191399537,-0.3166229665093532,0.068005561076199,-0.3259968761552713
2004-09-27 13:00:00,-0.1436682420863899,-0.2056387965073656,-0.2334539445343132,-0.0596342622085906,-0.4347805233685096
2004-09-27 14:00:00,-0.3533176518657233,-0.2825159600450693,-0.2230578167874333,-0.0399973663186229,-0.2389699583846807
2004-09-27 15:00:00,-0.213551378679501,-0.2060165147960384,-0.1814733057999132,0.0287317692962637,-0.0649161228434995
2004-09-27 16:00:00,-0.0737851054932787,0.0097977054369098,0.047241504631447,0.0630963371037071,0.0438675243697386
2004-09-27 17:00:00,0.6949293970309441,1.1657586981010823,0.6190285307098473,0.5294726144904385,0.4790021132226916
2004-09-27 18:00:00,1.2539944897758333,1.4733673445843167,0.6710091694442474,0.8289352768124449,0.827109784305054
2004-09-27 19:00:00,1.533527036148278,1.7994861101419894,0.9932891295975274,1.2364008665292734,1.0446770787315305
2004-09-27 20:00:00,0.9744619434033888,1.1340063710182295,0.3695214647847272,0.9614843240697264,0.761839595977111
2004-09-27 21:00:00,0.2057474408791658,0.2904998071007013,-0.004739134102953,0.5245633905179466,0.391975195452101
2004-09-27 22:00:00,-0.4232007884588346,-0.3663294048838558,-0.3062268387624732,-0.2265478772733155,-0.1084295817287948
2004-09-27 23:00:00,-0.5629670616450568,-0.5046107426299644,-0.4725648827125534,-0.3983707163105323,-0.4347805233685096
2004-09-28 00:00:00,-0.7726164714243904,-0.7414422614774738,-0.6700913099032735,-0.4425537320629595,-0.5435641705817479
2004-09-28 01:00:00,-0.9123827446106128,-0.8255263357470901,-0.8156370983595936,-0.6536503628801117,-0.8046449238935196
2004-09-28 02:00:00,-1.1220321543899463,-0.862271228709533,-0.8884099925877535,-0.4769182998704029,-0.782888194450872
2004-09-28 03:00:00,-1.1919152909830577,-0.91806104405914,-0.9611828868159136,-0.5079925729731384,-0.7993889952354386
2004-09-28 04:00:00,-1.1220321543899463,-0.9145110873380702,-0.9507867590690338,-0.6438319149351278,-1.0657256772052914
2004-09-28 05:00:00,-0.982265881203724,-0.7935425703673595,-0.7740525873720735,-0.3541877005581051,-0.8916718416641102
2004-09-28 06:00:00,-0.6328501982381681,-0.5934490310930094,-0.4205842439781533,0.014004097378788,-0.6088343589096907
2004-09-28 07:00:00,0.2057474408791658,0.5452271606251794,0.4318982312660072,0.6374755418852606,0.2179213599109198
2004-09-28 08:00:00,1.533527036148278,2.018594216988305,1.637849049904088,1.275674658309209,0.5442723015506346
2004-09-28 09:00:00,1.3937607629620554,1.7801722065492551,1.0348736405850476,1.977693686375552,0.9141367020756446
2004-09-28 10:00:00,1.1142282165896111,1.4880964349130874,0.8893278521287273,2.1053335096603414,1.4580549381418355
2004-09-28 11:00:00,0.9045788068102776,1.2199728558864862,0.8373472133943273,1.530954304878788,1.5450818559124264
2004-09-28 12:00:00,1.184111353182722,1.6732532990440192,1.0868542793194476,1.20203629872183,1.4362982086991882
2004-09-28 13:00:00,1.3937607629620554,1.782043857899673,1.0764581515725675,1.4033144815939986,1.153460725944769
2004-09-28 14:00:00,0.9045788068102776,1.201384537680284,0.7853665746599272,1.1922178507768464,1.3927847498138928
2004-09-28 15:00:00,0.1358643042860546,0.3796235590219129,0.171995037594007,0.3281944316182702,0.1526511715829769
2004-09-28 16:00:00,0.7648125336240554,1.2226325420471629,0.7749704469130475,0.774933813115034,0.761839595977111
2004-09-28 17:00:00,1.8829427191138337,2.565922210326084,1.606660666663448,1.2904023302266847,1.3710280203712453
2004-09-28 18:00:00,3.2107223143829464,3.143354854895472,2.6566695690983284,2.2771563486975586,2.045486633093322
2004-09-28 19:00:00,3.769787407127835,3.213051708225592,2.9061766350234484,2.5373452192396297,2.1542702803065605
2004-09-28 20:00:00,1.6732933093345004,2.189503455702427,1.2220039400288878,1.4033144815939986,1.4145414792565405
2004-09-28 21:00:00,-0.0039019689001675,0.091659926272465,0.0264492491376868,0.0434594412137394,0.4137319248947487
2004-09-28 22:00:00,-0.4232007884588346,-0.4075902519216361,-0.3166229665093532,-0.2069109813833479,0.022110794927091
2004-09-28 23:00:00,-0.7027333348312792,-0.5869105672719602,-0.5869222879282334,-0.5063736437053543,-0.5435641705817479
2004-09-29 00:00:00,-0.7027333348312792,-0.6332035833795974,-0.5661300324344735,-0.4523721800079434,-0.5218074411391002
2004-09-29 01:00:00,-0.8424996080175017,-0.7856703260389628,-0.7532603318783136,-0.6487411389076198,-0.848158382778815
2004-09-29 02:00:00,-1.1220321543899463,-0.9145110873380702,-0.9507867590690338,-0.8254732019173285,-1.087482406647939
2004-09-29 03:00:00,-1.1919152909830577,-0.9203035918770168,-0.9715790145627936,-0.5148117469521402,-0.8461095599065722
2004-09-29 04:00:00,-1.080660928788424,-0.9145110873380702,-0.9507867590690338,-0.8647469936972637,-1.3485631599597108
2004-09-29 05:00:00,-1.1919152909830577,-0.91806104405914,-0.9715790145627936,-0.8745654416422476,-1.4138333482876535
2004-09-29 06:00:00,-0.982265881203724,-0.7930284614384495,-0.7636564596251936,-0.7174702745225064,-1.2397795127464726
2004-09-29 07:00:00,-0.0737851054932787,0.0893311671167008,0.213579548581527,0.1907361603884967,-0.347753605597919
2004-09-29 08:00:00,1.463643899555167,1.9717890148812272,1.731414199626008,1.7764155035033835,0.2614348187962151
2004-09-29 09:00:00,2.162475265486279,2.8715398006956443,1.7937909661072882,2.232973332945132,1.3057578320433023
2004-09-29 10:00:00,1.184111353182722,1.6662228857669956,1.0452697683319274,1.859872311035746,1.3927847498138928
2004-09-29 11:00:00,1.1142282165896111,1.4310407367800242,0.8061588301536876,1.6242295603561343,1.7626491503389028
2004-09-29 12:00:00,0.9045788068102776,1.243820294623994,0.8581394688880876,0.8387537247574288,1.501568397027131
2004-09-29 13:00:00,0.6949293970309441,1.068874918521236,0.4630866145066473,0.4754711507930275,0.827109784305054
2004-09-29 14:00:00,0.2057474408791658,0.4787090012763894,0.223975676328407,0.2545560720308916,0.4137319248947487
2004-09-29 15:00:00,0.4852799872516105,0.6259334261452908,0.4734827422535272,0.3625589994257136,0.827109784305054
2004-09-29 16:00:00,1.0443450799965,1.467898716308894,0.8893278521287273,0.990939667904678,1.6103520442403694
2004-09-29 17:00:00,1.323877626368945,1.7066001924975265,1.0660620238256877,1.0400319076295972,1.6973789620109598
2004-09-29 18:00:00,2.442007811858723,2.9232849170420727,2.0432980320324083,1.6684125761085618,2.045486633093322
2004-09-29 19:00:00,2.931189768010501,3.1624336116844938,2.3655779921856883,1.8500538630907624,1.98021644476538
2004-09-29 20:00:00,1.813059582520723,2.376527209644137,1.1908155567882477,1.4622251692639014,1.196974184830064
2004-09-29 21:00:00,-0.1436682420863899,-0.0075517883505155,0.099222143365847,-0.0007235745386876,0.5007588426653393
2004-09-29 22:00:00,-0.1436682420863899,-0.1230530047828182,-0.046323645090473,0.0532778891587233,0.326705007124158
2004-09-29 23:00:00,-0.6328501982381681,-0.560867326216301,-0.4413764994719134,-0.4327352841179757,-0.1954564994993854
2004-09-30 00:00:00,-0.8424996080175017,-0.6497656833332537,-0.5869222879282334,-0.6389226909626359,-0.6741045472376337
2004-09-30 01:00:00,-0.6499229739524038,-0.7171467343895125,-0.6285067989157536,-0.387478525439192,-0.3979956623888476
2004-09-30 02:00:00,-0.981809699358452,-0.8609567690649514,-0.8780138648408736,-0.4751464068063568,-0.7023382327262112
2004-09-30 03:00:00,-1.1098431044438135,-0.9244555399821608,-0.9819751423096736,-0.5176789566807031,-0.8236508559093824
2004-09-30 04:00:00,-1.0486203584611005,-0.9136533234425204,-0.9299945035752736,-0.4900005248002725,-0.862072716902498
2004-09-30 05:00:00,-0.9772652088013885,-0.7912110641694958,-0.7636564596251936,-0.4423192674780917,-0.8465358239538799
2004-09-30 06:00:00,-0.4016333065646667,-0.4723403234071574,-0.3374152220031133,-0.2973966326624581,-0.7110759817333292
2004-09-30 07:00:00,1.6719683917744277,2.0859352070139465,1.398738111725848,1.814264529658978,0.2602031680053182
2004-09-30 08:00:00,2.212258842868762,2.907913201998173,2.594292802617048,2.440226842017216,0.8638777142361079
2004-09-30 09:00:00,1.3188398739360516,1.716847025800713,0.9932891295975274,1.7539078022618264,0.5742734557213509
2004-09-30 10:00:00,1.4414180742561806,1.81446078603445,1.1284387903069677,2.1046329624406344,0.8721852154197752
2004-09-30 11:00:00,1.5398105309872518,1.8783273172127213,1.2635884510164077,2.339193430589201,1.273885299029382
2004-09-30 12:00:00,-0.2834345152726122,-0.220991099120429,-0.056719772837353,-0.2781629709131753,-0.6046508959874568
2004-09-30 13:00:00,-0.2834345152726122,-0.2251783238245336,-0.0151352618498331,-0.0743619341260663,-0.1954564994993854
2004-09-30 14:00:00,0.0659811676929437,0.2946623084259108,0.3903137202784871,0.1416439206635776,0.0656242538123863
2004-09-30 15:00:00,0.4852799872516105,0.5811092076641886,0.6294246584567271,0.342922103535746,0.2396780893535675
2004-09-30 16:00:00,1.2539944897758333,1.6804626363297863,1.2531923232695277,0.9025736363998236,0.7835963254197587
2004-09-30 17:00:00,3.070956041196724,3.2538181792535434,2.5527082916295285,1.8893276548706976,1.6973789620109598
2004-09-30 18:00:00,2.931189768010501,3.170896332712165,2.3551818644388085,1.63895723227361,1.566838585355074
2004-09-30 19:00:00,2.5118909484518346,2.9520665927985927,1.949732882310488,1.3542222418690797,1.2187309142727116
2004-09-30 20:00:00,1.6034101727413894,1.9038356176035505,0.8997239798756075,0.8632998446198884,0.6965694076491681
2004-09-30 21:00:00,-0.3533176518657233,-0.2226290687562544,-0.0879081560779931,-0.4670998519254191,-0.5653209000243955
2004-09-30 22:00:00,-0.4232007884588346,-0.3508385597809107,-0.2438500722811932,-0.4474629560354514,-0.5000507116964525
2004-09-30 23:00:00,-0.2834345152726122,-0.2202171657929472,-0.0671159005842332,-0.3885522683655485,-0.4130237939258619
2004-10-01 00:00:00,-0.1436682420863899,-0.1914162607417313,-0.0983042838248731,-0.1578187416584288,-0.4130237939258619
2004-10-01 01:00:00,-0.3533176518657233,-0.311376018069493,-0.1710771780530332,-0.4818275238428948,-0.782888194450872
2004-10-01 02:00:00,-0.5629670616450568,-0.5709458116228269,-0.4621687549656733,-0.5211013156228301,-0.8916718416641102
2004-10-01 03:00:00,-0.9123827446106128,-0.7915914837162331,-0.7636564596251936,-0.5514980385114666,-1.152161419195319
2004-10-01 04:00:00,-1.0521490177968351,-0.8386528474990833,-0.8676177370939936,-0.7714717382199174,-1.2180227833038249
2004-10-01 05:00:00,-0.982265881203724,-0.781470007100851,-0.7324680763845536,-0.5800120032927331,-1.087482406647939
2004-10-01 06:00:00,-0.3533176518657233,-0.2940269821224175,-0.1606810503061531,0.2005546083334806,-0.8916718416641102
2004-10-01 07:00:00,0.5551631238447217,0.5974548407004091,0.6086324029629672,0.7552969172250663,-0.4130237939258619
2004-10-01 08:00:00,1.3937607629620554,1.821793923350832,1.721018071879128,0.9565751000972348,-0.282483417269976
2004-10-01 09:00:00,1.1142282165896111,1.4702470710316342,0.9517046186100075,1.437679049401442,0.0873809832550339
2004-10-01 10:00:00,1.0443450799965,1.48421669578798,1.0244775128381676,1.86969075898073,0.4137319248947487
2004-10-01 11:00:00,0.9045788068102776,1.238372177596247,0.8893278521287273,1.3934960336490148,0.5877857604359299
2004-10-01 12:00:00,1.1142282165896111,1.5182948518483577,1.0140813850912878,1.3100392261166522,0.5225155721079869
2004-10-01 13:00:00,1.3937607629620554,1.7517373906418248,1.1388349180538475,1.1136702672169758,0.4790021132226916
2004-10-01 14:00:00,0.7648125336240554,0.9245325070869258,3.2672403732321955,0.7111139014726392,0.2831915482388628
2004-10-01 15:00:00,0.2057474408791658,0.1584765059613241,0.161598909847127,0.1956453843609887,-0.1084295817287948
2004-10-01 16:00:00,0.9045788068102776,1.151888516268736,0.7333859359255273,0.6571124377752282,0.5660290309932822
2004-10-01 17:00:00,2.442007811858723,2.686694634274929,1.575472283422808,1.4818620651538692,1.2840011026006546
2004-10-01 18:00:00,2.5973130087649623,3.013561877236629,1.876959988082328,2.0054932458066954,1.0771753965812567
2004-10-01 19:00:00,2.9559311372383084,3.2753264200753094,2.3239934811981686,2.4676533555593365,0.8970054687164383
2004-10-01 20:00:00,1.6065885753247615,1.917972995064102,0.8893278521287273,1.189662711163478,0.3812493761589219
2004-10-01 21:00:00,0.5363134390768308,0.41673921109971,0.223975676328407,0.0011549886751512,-0.3959536451341826
2004-10-01 22:00:00,0.1068637049834027,-0.0447905079143675,-0.0151352618498331,-0.2285304888284904,-0.630642545460853
2004-10-01 23:00:00,-0.1421088314460797,-0.2292255409496367,-0.2334539445343132,-0.476219700279835,-0.6717308806190587
2004-10-02 00:00:00,0.1971207147045088,0.0175961001168665,-0.046323645090473,-0.0874437096030575,-0.6599183203921867
2004-10-02 01:00:00,-0.1880281714674585,-0.4078984700451931,-0.3062268387624732,-0.4298457515631219,-0.8486176789699755
2004-10-02 02:00:00,-0.4351798626309378,-0.5641151083064324,-0.4413764994719134,-0.4668283823869011,-1.097434875397346
2004-10-02 03:00:00,-0.9067691228916432,-0.7808344331271109,-0.7324680763845536,-0.6584682730094873,-1.1298435582838533
2004-10-02 04:00:00,-0.9132763308603844,-0.790148096229118,-0.7636564596251936,-0.662517693625713,-1.1770561193086553
2004-10-02 05:00:00,-0.7310102778916444,-0.6472502168827976,-0.5765261601813535,-0.5098004971762649,-1.2112118540245684
2004-10-02 06:00:00,-0.6336722402726107,-0.6345200575217185,-0.5245455214469534,-0.474338590166352,-1.251942894259943
2004-10-02 07:00:00,0.1071677762292695,-0.0179356990544641,0.099222143365847,-0.0272568004851055,-0.7874389947316308
2004-10-02 08:00:00,0.2220403946431796,0.3426540495838059,0.2031834208346471,0.2354448861909567,-0.5944283604136847
2004-10-02 09:00:00,0.1902805278947459,0.1744034897815902,0.1200143988596069,-0.1450854419797779,-0.667739468905055
2004-10-02 10:00:00,0.0301624413246123,-0.105888112224475,-0.0879081560779931,-0.2465254584450656,-0.8304679268435261
2004-10-02 11:00:00,0.1643699922305024,0.1399889126321012,0.0784298878720869,-0.1610834924578842,-0.488540586475108
2004-10-02 12:00:00,0.1515216908311733,0.1463212109435875,0.0784298878720869,-0.1401294749079385,-0.4874156676867106
2004-10-02 13:00:00,0.100501201604818,0.0165681569632566,-0.0151352618498331,-0.2759980313070201,-0.7932903319324272
2004-10-02 14:00:00,-0.380871738432832,-0.4948892353442606,-0.4309803717250333,-0.5125029075161027,-0.962108489677588
2004-10-02 15:00:00,-0.1883818937989518,-0.3019874522862412,-0.2750384555218333,-0.4679201034283913,-0.8478219196853987
2004-10-02 16:00:00,-0.0024671524941911,-0.1234976593306473,-0.1814733057999132,-0.3881456633282761,-0.7024164143330188
2004-10-02 17:00:00,0.2781481207736732,0.1711693055498509,0.0264492491376868,-0.2011003047545302,-0.5021825299050091
2004-10-02 18:00:00,0.4389416620455845,0.2261315744670019,0.1408066543533669,-0.2940273091599752,-0.6598311752890571
2004-10-02 19:00:00,1.7609261425501803,2.0727204694265264,0.9724968741037674,0.9629706647384,0.5324384945176661
2004-10-02 20:00:00,1.27823761535781,1.2688921815932916,0.6710091694442474,0.7062141160105925,0.0961059509803596
2004-10-02 21:00:00,0.1879865810930502,0.1065532897187822,-0.0151352618498331,-0.2626455353796415,-0.7041480290298702
2004-10-02 22:00:00,0.1005278599058255,-0.0666837009023347,-0.056719772837353,-0.2709117978092749,-0.8096407451675931
2004-10-02 23:00:00,-0.0779884531046369,-0.2237731202226007,-0.2022655612936731,-0.5302966720608072,-0.7869333871428071
2004-10-03 00:00:00,-0.1093738540311058,-0.3265509533310027,-0.2958307110155933,-0.3713236908153577,-0.7518381452198216
2004-10-03 01:00:00,-0.4150631754619127,-0.56728432499252,-0.5037532659531934,-0.4663333849502217,-0.9392625294411576
2004-10-03 02:00:00,-0.7038275581190085,-0.738616699758026,-0.6492990544095135,-0.6520606105950132,-1.0939579517731517
2004-10-03 03:00:00,-0.8159953170133494,-0.7682837471831949,-0.7116758208907935,-0.6292746231129498,-1.2203318795507478
2004-10-03 04:00:00,-0.9252398265878362,-0.7914081186560956,-0.7740525873720735,-0.6828085809080732,-1.2734115468902456
2004-10-03 05:00:00,-0.9965565716326592,-0.8251309906049459,-0.8364293538533536,-0.6324988482445416,-1.2863663719308045
2004-10-03 06:00:00,-1.0219935059180665,-0.8258726919717944,-0.8468254816002337,-0.5865829669196709,-1.3205717378578334
2004-10-03 07:00:00,-0.7580391292831528,-0.7324125967445136,-0.6181106711688734,-0.5887341982130367,-1.2884298019822389
2004-10-03 08:00:00,-0.682148861125325,-0.6381673511011783,-0.5973184156751135,-0.6404304180974371,-1.2715024881643553
2004-10-03 09:00:00,-0.2860969797628604,-0.4734181711589072,-0.3997919884843933,-0.5507938207599195,-1.1781366355921248
2004-10-03 10:00:00,0.0643405492031892,-0.0971019727736301,-0.0671159005842332,-0.1838702290280782,-0.767315613507639
2004-10-03 11:00:00,-0.2212345842743119,-0.3474244442916582,-0.3062268387624732,-0.4071498793831658,-0.9559933932979864
2004-10-03 12:00:00,0.1061011109602068,0.0264521975731772,-0.004739134102953,-0.2261245675707314,-0.7054512218006695
2004-10-03 13:00:00,-0.2183597364322245,-0.3623060870250179,-0.3166229665093532,-0.4599166960237743,-1.042703019897849
2004-10-03 14:00:00,-0.5357182292859224,-0.5429942004206876,-0.5557339046875934,-0.6476646992639932,-1.1200786589945155
2004-10-03 15:00:00,-0.4276375628183897,-0.5268966710700813,-0.4829610104594334,-0.6094215778429067,-1.0369553438721089
2004-10-03 16:00:00,-0.5011213361599557,-0.5453013952959712,-0.5349416491938335,-0.6249156418267668,-1.056759276046629
2004-10-03 17:00:00,-0.2915904225286005,-0.4061992413705503,-0.3789997329906333,-0.4378581480253057,-0.932005915205896
2004-10-03 18:00:00,0.2708587415919339,-0.0296836992969239,-0.0359275173435931,-0.3119466957841761,-0.6996402203333218
2004-10-03 19:00:00,1.814937193306433,2.0761194761842323,0.9828930018506477,1.2067988512383567,0.2534684284447976
2004-10-03 20:00:00,1.9129377730126944,2.125398481269924,1.0452697683319274,1.257979249036048,0.0266499758607659
2004-10-03 21:00:00,0.122925997797949,-0.0595705100900479,-0.0983042838248731,-0.3018539317657782,-0.8182734220789378
2004-10-03 22:00:00,-0.2030197169606003,-0.3547638998048688,-0.3166229665093532,-0.5740719216893596,-0.8757176481645064
2004-10-03 23:00:00,-0.2882699645237346,-0.3844911074520153,-0.3686036052437533,-0.5274291626969921,-1.0631060954052185
2004-10-04 00:00:00,-0.5722929184250739,-0.6292889110357922,-0.6077145434219935,-0.5603466420538038,-1.1441107055822064
2004-10-04 01:00:00,-0.6497299511916713,-0.7217498154834371,-0.6389029266626335,-0.5068784541965443,-1.2300499694704046
2004-10-04 02:00:00,-0.9451659902118484,-0.8264119363359141,-0.8468254816002337,-0.5674155620155369,-1.3318960365211714
2004-10-04 03:00:00,-1.078024464472377,-0.8873306624213132,-0.8988061203346337,-0.5224531200632535,-1.3603475847675726
2004-10-04 04:00:00,-1.0709406041299678,-0.8377727867784931,-0.8676177370939936,-0.4596261996467399,-1.378116554291014
2004-10-04 05:00:00,-0.9990891935355628,-0.7907836702028581,-0.7636564596251936,-0.5361472750869842,-1.4161783815152005
2004-10-04 06:00:00,-0.7965109730749413,-0.6561694047393254,-0.5973184156751135,-0.4346942244882247,-1.3298816567134988
2004-10-04 07:00:00,-0.0812741720110024,-0.1222868547412847,-0.0255313895967131,-0.1738577672572772,-1.0667759001910064
2004-10-04 08:00:00,0.981087864118804,1.4192669143418295,0.9101201076224876,1.1701419239337485,-0.4109542222195407
2004-10-04 09:00:00,1.5647776960245925,1.8191395481382144,1.2739845787632875,1.6885906132640518,-0.1674948727232446
2004-10-04 10:00:00,1.2649289584229575,1.7150391058270025,1.0036852573444075,1.5876893409822688,0.3046521503215427
2004-10-04 11:00:00,1.437180737311038,1.805916752560636,1.0868542793194476,1.7883113226520593,0.6150364491612065
2004-10-04 12:00:00,1.4747999320065397,1.8348427395954456,1.1180426625600877,1.6247611132935855,0.619920890693947
2004-10-04 13:00:00,0.8573496944760858,1.2590064927581115,0.7125936804317673,0.7920934745572125,0.2314003005003006
2004-10-04 14:00:00,0.3246845171561851,0.4719640972415673,0.296748570556567,-0.0498892998092155,-0.4748256071492507
2004-10-04 15:00:00,0.4333159274610946,0.528225167663333,0.3695214647847272,-0.0415189141294331,-0.5058281830479295
2004-10-04 16:00:00,1.24038482729973,1.6927660884847529,1.0140813850912878,1.0636564992738315,0.6233997232108767
2004-10-04 17:00:00,2.5661147990958804,2.896334236412899,1.9705251378042483,1.7816291568921383,0.9083881131012048
2004-10-04 18:00:00,3.1179143051926794,3.043354098213462,3.145287573201689,2.181718325969636,1.298109645811312
2004-10-04 19:00:00,2.7674199607226075,2.896319585521702,3.4675675333549694,2.750941706966114,1.16351644089255
2004-10-04 20:00:00,1.7146220066151965,2.070971885562164,1.0348736405850476,1.3361392543971626,0.2783894380797457
2004-10-04 21:00:00,0.0299530070473221,-0.0490385338169396,-0.1398887948123932,-0.363635799331336,-0.6322755616981636
2004-10-04 22:00:00,-0.2128594624768513,-0.2842660089985517,-0.2542462000280732,-0.4632395011533488,-0.8657402808142053
2004-10-04 23:00:00,-0.3951591715506131,-0.464324820833275,-0.4101881162312733,-0.541328455505279,-1.015269741432682
2004-10-05 00:00:00,-0.553387601115268,-0.5924781806310327,-0.5141493937000734,-0.4310063138038112,-1.056251261593052
2004-10-05 01:00:00,-0.8734919822799293,-0.8068725005868161,-0.7948448428658336,-0.5416351321859336,-1.202704085094376
2004-10-05 02:00:00,-1.0681595185309551,-0.912945502261565,-0.9195983758283937,-0.5833770944472781,-1.0711163072942098
2004-10-05 03:00:00,-1.1147946339343855,-0.888148868910631,-0.8988061203346337,-0.518711125215813,-1.361715347910024
2004-10-05 04:00:00,-1.1295001233616382,-0.912945502261565,-0.9195983758283937,-0.4940276225902072,-1.2803523638708332
2004-10-05 05:00:00,-0.995008307494458,-0.789810301618957,-0.7532603318783136,-0.5190360047380405,-1.4040555847211873
2004-10-05 06:00:00,-0.5223994088738108,-0.4888005080989245,-0.3686036052437533,-0.1995328378413161,-1.182030610781296
2004-10-05 07:00:00,2.132905078259725,2.73035099359149,2.0225057765386483,2.094840283127342,-0.2244763168135273
2004-10-05 08:00:00,1.8428174441863687,2.3802426756516986,1.5650761556759278,1.9156095617493096,-0.1203898736543055
2004-10-05 09:00:00,1.323738669974943,1.724957576031236,1.0660620238256877,1.5410277424234171,0.0987911820914566
2004-10-05 10:00:00,1.5829439952461557,1.8639870249090915,1.1908155567882477,2.0944061116468644,0.7809637133518846
2004-10-05 11:00:00,0.9956911147963332,1.422753093902157,0.8269510856474475,1.5204068443651353,0.6431499574028016
2004-10-05 12:00:00,2.274299040659713,2.902864138619405,1.980921265551128,2.0629474065155216,1.1775937778567531
2004-10-05 13:00:00,1.6075959258740824,2.0828215263623027,1.2531923232695277,1.6284403345556846,0.946133064131345
2004-10-05 14:00:00,0.7797303855763494,1.2018918247879802,0.5982362752160875,0.7345336924219763,0.4735961289965552
2004-10-05 15:00:00,0.4846786426266338,0.5212561049931969,0.3383330815440871,0.0036218857067385,-0.3194966814151737
2004-10-05 16:00:00,1.2679720034829642,1.7145640506799391,1.0660620238256877,1.0869926919877977,0.8432795996884012
2004-10-05 17:00:00,2.7209368809421104,3.0372289268762733,2.136863181754328,2.0082013492163258,1.090993788096161
2004-10-05 18:00:00,3.105270939482345,3.0255404458793014,3.030930167986009,2.352072053365182,1.3763144913130896
2004-10-05 19:00:00,3.314099406882153,3.058131353347043,3.145287573201689,2.8646955337569344,1.4397863366937849
2004-10-05 20:00:00,2.1963155127224616,2.5554318059567467,1.3051729620039276,1.7536677944247925,0.5459830014227348
2004-10-05 21:00:00,1.6321172308270724,1.86145058937061,0.9309123631162476,1.6245855270357803,0.5407788618545136
2004-10-05 22:00:00,0.339050675569129,0.2482854617502058,0.151202782100247,-0.0822293071261721,-0.5522244019447488
2004-10-05 23:00:00,-0.2285177987239433,-0.3045954024873784,-0.2750384555218333,-0.4586326091503542,-0.684938592449366
2004-10-06 00:00:00,-0.4343992742545618,-0.5633547728373428,-0.4725648827125534,-0.390024151633302,-0.8780045016612971
2004-10-06 01:00:00,-0.6725767816126275,-0.7197974010952959,-0.6285067989157536,-0.5904729066728986,-1.0466509420556245
2004-10-06 02:00:00,-0.8269981558718388,-0.7726314907139767,-0.7012796931439136,-0.5114283405928026,-1.2029258486330063
2004-10-06 03:00:00,-1.0482339380572778,-0.8264119363359141,-0.8468254816002337,-0.522982425736313,-1.213240011058069
2004-10-06 04:00:00,-1.1262452905962057,-0.8612496953208216,-0.8884099925877535,-0.5615834989205915,-1.2466833968024007
2004-10-06 05:00:00,-0.9932475683665076,-0.8197446820244363,-0.8052409706127136,-0.5619862461539915,-1.3320059223464509
2004-10-06 06:00:00,-0.7308903988443013,-0.6397291818868142,-0.5349416491938335,-0.4270197416817402,-1.2708859988062162
2004-10-06 07:00:00,1.589538592457887,1.834913063873192,1.3363613452445675,1.96355569663446,-0.2937817383930478
2004-10-06 08:00:00,2.2623884449983227,2.7899570456096723,2.147259309501208,2.3153787203774283,-0.0913189312129943
2004-10-06 09:00:00,1.8909300126159496,2.518811903409828,1.5026993891946478,1.9530241167891744,0.2762752148824877
2004-10-06 10:00:00,0.7016865432330687,1.0441123484923351,0.5046711254941671,0.9457265061550932,0.0606564849619868
2004-10-06 11:00:00,0.9879725369683732,1.3274380584972305,0.6606130416973672,1.3388257840686324,0.5668852108826955
2004-10-06 12:00:00,0.7434179474733592,1.1211870243569886,0.5358595087348073,1.0134912657106867,0.3029414504494425
2004-10-06 13:00:00,1.1190943895326446,1.5044999389695362,0.7229898081786474,1.0898335338141645,0.5778940442727046
2004-10-06 14:00:00,0.5112879590060365,0.5560798082793622,0.3383330815440871,0.4430590062890971,-0.114761959898866
2004-10-06 15:00:00,0.9015234989318076,1.1742172069975343,0.5982362752160875,1.0068520976094604,0.3665739748012413
2004-10-06 16:00:00,0.9470547107519552,1.1787468962833687,0.6086324029629672,0.9645907925471928,0.6251024555306908
2004-10-06 17:00:00,2.0633289120027154,2.590677088637106,1.377945856232088,1.5190833554560474,1.0627597706262384
2004-10-06 18:00:00,2.479953170867052,2.7136724190528176,1.6170567944103278,1.8568837490300312,1.1433777885266765
2004-10-06 19:00:00,3.174172650723865,2.9899164376614995,3.394794639126809,3.260209572168173,1.5213780558798566
2004-10-06 20:00:00,2.50860717893373,2.997483256692474,2.0432980320324083,2.591498897645172,1.0714327832710315
2004-10-06 21:00:00,1.0028002172175094,1.1437748527238336,0.5670478919754474,0.9345725838909326,0.2159397632610913
2004-10-06 22:00:00,0.0690837274099494,-0.0314886890923951,-0.0359275173435931,-0.3017730302476768,-0.6694378854673808
2004-10-06 23:00:00,0.1631655368681072,0.2281031265817691,0.0056569936439269,-0.180535962850106,-0.6974013381409204
2004-10-07 00:00:00,-0.0133080838276552,-0.2053173925817313,-0.1502849225592731,-0.1320746800575645,-0.772139136463525
2004-10-07 01:00:00,-0.6983606070398947,-0.7338472852649804,-0.6596951821563936,-0.5596261690898232,-1.0627616647595162
2004-10-07 02:00:00,-0.8825020714845123,-0.8042410173916937,-0.7948448428658336,-0.5809389623999046,-1.149946771641121
2004-10-07 03:00:00,-1.0176229191214814,-0.8312496606091658,-0.8572216093471137,-0.583984679829982,-1.13009445318553
2004-10-07 04:00:00,-1.0774109486668468,-0.8582593110754076,-0.8780138648408736,-0.5460137395811375,-1.242754397581305
2004-10-07 05:00:00,-0.8917808263789367,-0.7795925869620245,-0.7220719486376735,-0.6405875018784173,-1.2478811025007452
2004-10-07 06:00:00,-0.5312303876184997,-0.5575727070583741,-0.4101881162312733,-0.354842628310661,-1.2194341189978413
2004-10-07 07:00:00,1.074012203470092,1.3531826045086108,0.8373472133943273,1.4490579977400255,-0.6250637649445112
2004-10-07 08:00:00,2.512713890203936,2.9371666364512365,2.677461824592089,2.4031700514685106,0.2014202271450079
2004-10-07 09:00:00,1.5372843237380285,1.84241138998782,1.1284387903069677,1.555477053191574,0.1190526675550747
2004-10-07 10:00:00,1.1755868282695527,1.442299397256504,0.7437820636724074,1.2093944416107756,0.2467008227310969
2004-10-07 11:00:00,0.2748619853313545,0.4820182713255133,0.2759563150628071,0.220661931569445,-0.2339122225897171
2004-10-07 12:00:00,0.5132438452280808,0.5816461628265589,0.4318982312660072,0.493154125203221,-0.1666810204553514
2004-10-07 13:00:00,0.5584581564950017,0.6052540594929957,0.4526904867597671,0.4746931478606193,-0.0756623589894118
2004-10-07 14:00:00,0.5667865429585086,0.6306182317416736,0.4526904867597671,0.3956406789007458,-0.176273953407847
2004-10-07 15:00:00,0.2182630800047976,0.2340794082371681,0.1408066543533669,-0.1960068800107315,-0.5983686470005192
2004-10-07 16:00:00,0.5551631238447217,0.5829211566329784,0.4111059757722472,0.1416439206635776,-0.5000507116964525
2004-10-07 17:00:00,2.3022415386725013,2.722343549007766,1.814583221601048,0.7847522610600178,0.022110794927091
2004-10-07 18:00:00,2.23235840207939,2.581715138491897,1.533887772435288,0.882936740509856,0.1961646304682722
2004-10-07 19:00:00,3.2107223143829464,3.3101786925993086,2.677461824592089,1.3591314658415714,0.391975195452101
2004-10-07 20:00:00,3.42037172416228,3.325616702925875,2.531916036135769,2.1151519576053253,0.1526511715829769
2004-10-07 21:00:00,0.4852799872516105,0.5261183695092034,0.5358595087348073,0.4312881350406003,-0.3912670644832143
2004-10-07 22:00:00,-0.2834345152726122,-0.2120945285771867,-0.0359275173435931,-0.143091069740953,-0.8046449238935196
2004-10-07 23:00:00,-0.2834345152726122,-0.2211852234287894,-0.056719772837353,-0.2707308930257427,-1.087482406647939
2004-10-08 00:00:00,-0.2834345152726122,-0.3209117337412049,-0.1814733057999132,-0.3590969245305971,-1.087482406647939
2004-10-08 01:00:00,-0.6328501982381681,-0.623822617746154,-0.5037532659531934,-0.6241950190451602,-1.2397795127464726
2004-10-08 02:00:00,-0.982265881203724,-0.8189264297510834,-0.8052409706127136,-0.8402008738348042,-1.3703198894023585
2004-10-08 03:00:00,-0.982265881203724,-0.8264119363359141,-0.8364293538533536,-0.5525606949334907,-1.2116523102743857
2004-10-08 04:00:00,-0.9123827446106128,-0.781470007100851,-0.7220719486376735,-0.7371071704124741,-1.457346807172949
2004-10-08 05:00:00,-0.8424996080175017,-0.6611875638944752,-0.6077145434219935,-0.4474629560354514,-1.3703198894023585
2004-10-08 06:00:00,-0.2834345152726122,-0.2742935136330292,-0.056719772837353,0.2005546083334806,-1.3050497010744155
2004-10-08 07:00:00,2.5118909484518346,2.9203430180897136,2.064090287526168,2.095515061715358,-0.6305910883523385
2004-10-08 08:00:00,1.533527036148278,1.8091974533719253,1.398738111725848,1.7371417117234484,-0.7611314650082243
2004-10-08 09:00:00,1.2539944897758333,1.668481686917294,1.3363613452445675,1.5653188726862317,-0.5000507116964525
2004-10-08 10:00:00,2.092592128893167,2.827587127104624,1.887356115829208,2.232973332945132,0.391975195452101
2004-10-08 11:00:00,1.1142282165896111,1.4340040626607586,1.0036852573444075,1.43276982542895,-0.1084295817287948
2004-10-08 12:00:00,0.8346956702171663,1.1575194031641656,0.8581394688880876,0.8534813966749045,-0.1954564994993854
2004-10-08 13:00:00,1.0443450799965,1.4336416362397728,1.0244775128381676,0.6276570939402767,-0.2172132289420331
2004-10-08 14:00:00,0.7648125336240554,1.111414696792445,0.6918014249380073,0.5196541665454547,-0.2607266878273284
2004-10-08 15:00:00,0.9744619434033888,1.333691058860113,0.9517046186100075,0.4951080466829951,-0.2607266878273284
2004-10-08 16:00:00,0.2057474408791658,0.4584404089860303,0.4422943590128871,0.2889206398383349,-0.2607266878273284
2004-10-08 17:00:00,0.5551631238447217,0.6609594948661148,0.8165549579005673,0.2741929679208592,-0.4347805233685096
2004-10-08 18:00:00,0.1358643042860546,0.4549655838663802,0.8997239798756075,-0.1332726217959692,-0.5653209000243955
2004-10-08 19:00:00,0.6949293970309441,1.126525076564618,1.0140813850912878,0.4165604631231246,-0.1954564994993854
2004-10-08 20:00:00,0.5551631238447217,0.5447068708515457,0.7541781914192875,0.4656527028480437,-0.2607266878273284
2004-10-08 21:00:00,-0.4232007884588346,-0.1869090056330422,0.099222143365847,-0.3689153724755809,-0.7393747355655766
2004-10-08 22:00:00,-0.4232007884588346,-0.2866790107786988,-0.108700411571753,-0.4278260601454838,-0.848158382778815
2004-10-08 23:00:00,-0.2834345152726122,-0.2893285328836074,-0.1814733057999132,-0.3492784765856133,-0.848158382778815
2004-10-09 00:00:00,-0.3533176518657233,-0.3173179616986491,-0.1502849225592731,-0.3149139087781699,-0.9569420299920532
2004-10-09 01:00:00,-0.5629670616450568,-0.4644838745708325,-0.2854345832687133,-0.472009075897911,-1.0439689477626437
2004-10-09 02:00:00,-0.4930839250519458,-0.5772878161497312,-0.4205842439781533,-0.4081891642555161,-1.1309958655332344
2004-10-09 03:00:00,-0.8424996080175017,-0.7361340146766233,-0.6181106711688734,-0.637418596905268,-1.138502710707482
2004-10-09 04:00:00,-0.8424996080175017,-0.7462556286441104,-0.6492990544095135,-0.6978333786325388,-1.3485631599597108
2004-10-09 05:00:00,-0.5629670616450568,-0.5118485575854957,-0.3686036052437533,-0.4130983882280081,-1.2397795127464726
2004-10-09 06:00:00,-0.5629670616450568,-0.5002380925841478,-0.3270190942562334,-0.1332726217959692,-1.1962660538611771
2004-10-09 07:00:00,0.5551631238447217,0.4868657018141829,0.6502169139504874,0.7012954535276553,-1.022212218319996
2004-10-09 08:00:00,0.7648125336240554,1.0427168511058202,0.9101201076224876,1.1382163870794353,-0.8916718416641102
2004-10-09 09:00:00,0.9045788068102776,1.0622924562425609,0.7645743191661674,1.108761043244484,-0.5653209000243955
2004-10-09 10:00:00,1.0443450799965,1.1641983781886012,0.8477433411412074,1.0400319076295972,-0.3259968761552713
2004-10-09 11:00:00,0.1358643042860546,0.2113229114854174,0.171995037594007,0.176008488471021,-0.6523478177949861
2004-10-09 12:00:00,0.6949293970309441,0.9901276602903044,0.7125936804317673,0.3331036555907621,-0.5000507116964525
2004-10-09 13:00:00,0.8346956702171663,0.9492910481207476,0.5046711254941671,0.342922103535746,-0.347753605597919
2004-10-09 14:00:00,-0.1436682420863899,-0.1351637061504739,-0.0359275173435931,-0.256003221108267,-0.7393747355655766
2004-10-09 15:00:00,0.3455137140653883,0.4003922961105098,0.4734827422535272,-0.0007235745386876,-0.3912670644832143
2004-10-09 16:00:00,0.4153968506584996,0.4173822020871187,0.296748570556567,0.0532778891587233,-0.347753605597919
2004-10-09 17:00:00,1.1142282165896111,1.2327801155624896,0.8893278521287273,0.6865677816101796,0.0003540654844433
2004-10-09 18:00:00,1.184111353182722,1.350411205302557,1.0764581515725675,0.7258415733901149,-0.0214026639582042
2004-10-09 19:00:00,1.8829427191138337,2.299147062698027,1.4923032614477678,1.094033371327008,0.2614348187962151
2004-10-09 20:00:00,0.9744619434033888,1.0457907912150923,0.6190285307098473,0.7651153651700502,-0.0649161228434995
2004-10-09 21:00:00,0.0659811676929437,-0.0634265330850301,-0.0151352618498331,0.1367346966910857,-0.5870776294670431
2004-10-09 22:00:00,-0.4232007884588346,-0.346759660103594,-0.2542462000280732,-0.3934614923380404,-1.0439689477626437
2004-10-09 23:00:00,0.9045788068102776,0.6594488048475635,0.4007098480253671,0.3969235672331569,-0.4565372528111572
2004-10-10 00:00:00,1.1142282165896111,1.068620725558968,0.6086324029629672,0.8387537247574288,-0.1519430406140901
2004-10-10 01:00:00,-0.0737851054932787,-0.0758570817211305,0.0576376323783269,-0.0743619341260663,-0.782888194450872
2004-10-10 02:00:00,-0.4930839250519458,-0.4933977746204053,-0.3374152220031133,-0.6438319149351278,-1.2615362421891203
2004-10-10 03:00:00,-0.7027333348312792,-0.7285806103679014,-0.6700913099032735,-0.7309910905528237,-1.1008093827765293
2004-10-10 04:00:00,-0.931157177993191,-0.8177516114132235,-0.8052409706127136,-0.9236576813671666,-1.5661304543861874
2004-10-10 05:00:00,-0.982265881203724,-0.8038553784649676,-0.7948448428658336,-0.8942023375322152,-1.5443737249435396
2004-10-10 06:00:00,-0.6328501982381681,-0.6332854910181956,-0.5245455214469534,-0.3689153724755809,-1.1092391360905869
2004-10-10 07:00:00,-0.5629670616450568,-0.4818523229487441,-0.3789997329906333,-0.251093997135775,-1.1745093244185296
2004-10-10 08:00:00,-0.7027333348312792,-0.6234872496898475,-0.5245455214469534,-0.4327352841179757,-1.2832929716317678
2004-10-10 09:00:00,-0.7726164714243904,-0.6328363496349374,-0.5973184156751135,-0.6634688108250955,-1.2832929716317678
2004-10-10 10:00:00,-0.6328501982381681,-0.6994347683970661,-0.6492990544095135,-0.4670998519254191,-1.1309958655332344
2004-10-10 11:00:00,-0.1436682420863899,-0.2356464771528649,-0.2438500722811932,-0.089089606043542,-0.913428571106758
2004-10-10 12:00:00,0.1358643042860546,-0.0260841584659593,-0.2126616890405531,0.3085575357283026,-0.6305910883523385
2004-10-10 13:00:00,-0.3533176518657233,-0.4927298771179617,-0.5661300324344735,-0.1185449498784935,-0.8046449238935196
2004-10-10 14:00:00,-0.5629670616450568,-0.6930209745032965,-0.7220719486376735,-0.3738245964480728,-0.8916718416641102
2004-10-10 15:00:00,-0.213551378679501,-0.4950039701359471,-0.5765261601813535,-0.0301789183736391,-0.6305910883523385
2004-10-10 16:00:00,-0.2834345152726122,-0.491093830411606,-0.4933571382063134,0.0778240090211828,-0.6088343589096907
2004-10-10 17:00:00,-0.213551378679501,-0.3604705134941728,-0.3686036052437533,-0.0694527101535744,-0.848158382778815
2004-10-10 18:00:00,-0.0737851054932787,-0.2514296991032603,-0.3062268387624732,0.0434594412137394,-0.6305910883523385
2004-10-10 19:00:00,0.0659811676929437,-0.2452646040875599,-0.3166229665093532,0.4705619268205356,-0.5000507116964525
2004-10-10 20:00:00,-0.3533176518657233,-0.3692938295814302,-0.3374152220031133,0.0041856494338042,-0.8264016533361672
2004-10-10 21:00:00,-0.5629670616450568,-0.5471119707437113,-0.5453377769407135,-0.3443692526131213,-1.022212218319996
2004-10-10 22:00:00,-0.4232007884588346,-0.5137832077680604,-0.4829610104594334,-0.2609124450807589,-1.022212218319996
2004-10-10 23:00:00,-0.4232007884588346,-0.4979428473419967,-0.4933571382063134,-0.2952770128882022,-1.022212218319996
2004-10-11 00:00:00,-0.5629670616450568,-0.5961318381913563,-0.5453377769407135,-0.5211013156228301,-1.1962660538611771
2004-10-11 01:00:00,-0.4930839250519458,-0.5942348682695888,-0.5557339046875934,-0.5063736437053543,-1.2615362421891203
2004-10-11 02:00:00,-1.1220321543899463,-0.9258608122601464,-1.0339557810440738,-0.9776591450645776,-1.6966708310420733
2004-10-11 03:00:00,-1.1919152909830577,-0.9248400343080124,-1.0027673978034335,-0.6072635298475527,-1.2936731983445362
2004-10-11 04:00:00,-1.1919152909830577,-0.9236365551642484,-0.9819751423096736,-1.0071144888995291,-1.761941019370016
2004-10-11 05:00:00,-1.0521490177968351,-0.8236085798734368,-0.8260332261064736,-0.7272887224674903,-1.4355900777303017
2004-10-11 06:00:00,-0.7027333348312792,-0.5948750206468281,-0.4309803717250333,-0.364006148503089,-1.2397795127464726
2004-10-11 07:00:00,0.5551631238447217,0.6741614129237377,0.7957627024068074,0.4803803747655194,-1.0439689477626437
2004-10-11 08:00:00,0.9744619434033888,1.4800699441708072,1.3675497284852078,0.6276570939402767,-0.913428571106758
2004-10-11 09:00:00,1.7431764459276111,2.3228434141200656,1.481907133700888,1.6045926644661668,-0.5435641705817479
2004-10-11 10:00:00,0.9045788068102776,1.1509510423682676,0.5982362752160875,1.4622251692639014,-0.4782939822538049
2004-10-11 11:00:00,0.1358643042860546,0.2654733378941142,0.099222143365847,0.8731182925648722,-0.6088343589096907
2004-10-11 12:00:00,0.4153968506584996,0.5658237497422115,0.4007098480253671,0.6914770055826716,-0.4130237939258619
2004-10-11 13:00:00,0.6949293970309441,1.177032925149459,0.7229898081786474,0.6374755418852606,-0.5000507116964525
2004-10-11 14:00:00,0.7648125336240554,1.1401081009295029,0.6086324029629672,1.0105765637946456,-0.4347805233685096
2004-10-11 15:00:00,0.2756305774722771,0.5161002732448302,0.286352442809687,0.55892795832539,-0.282483417269976
2004-10-11 16:00:00,0.9045788068102776,1.2073575228851634,0.7229898081786474,0.6718401096927039,-0.2389699583846807
2004-10-11 17:00:00,1.8829427191138337,2.3959480647426097,1.4195303672196078,1.1823994028318623,-0.0214026639582042
2004-10-11 18:00:00,1.6732933093345004,2.045278617669973,1.1284387903069677,1.0302134596846133,-0.3259968761552713
2004-10-11 19:00:00,1.323877626368945,1.6388121671542355,1.0452697683319274,0.7356600213350987,-0.6523478177949861
2004-10-11 20:00:00,0.7648125336240554,1.051596573124186,0.5046711254941671,0.6767493336651959,-0.7393747355655766
2004-10-11 21:00:00,-0.1436682420863899,-0.1173504200885932,-0.108700411571753,-0.0694527101535744,-1.0439689477626437
2004-10-11 22:00:00,-0.1436682420863899,-0.2170777545136386,-0.2542462000280732,-0.1578187416584288,-1.152752594975882
2004-10-11 23:00:00,-0.5629670616450568,-0.53023185488301,-0.5037532659531934,-0.4670998519254191,-1.152752594975882
2004-10-12 00:00:00,-0.7027333348312792,-0.7221947447354762,-0.6492990544095135,-0.6143765711001764,-1.2180227833038249
2004-10-12 01:00:00,-0.7726164714243904,-0.7669260216255473,-0.7012796931439136,-0.7125610505500146,-1.3050497010744155
2004-10-12 02:00:00,-1.1220321543899463,-0.9170395106704284,-0.9611828868159136,-0.8843838895872314,-1.4355900777303017
2004-10-12 03:00:00,-1.0521490177968351,-0.912945502261565,-0.9299945035752736,-0.5648978768086972,-1.3281808332864198
2004-10-12 04:00:00,-1.1220321543899463,-0.827269700231464,-0.8468254816002337,-0.8942023375322152,-1.6531573721567778
2004-10-12 05:00:00,-0.9123827446106128,-0.7934407008895054,-0.7740525873720735,-0.6536503628801117,-1.4355900777303017
2004-10-12 06:00:00,-0.6328501982381681,-0.6257231588226507,-0.5557339046875934,0.0238225453237718,-0.782888194450872
2004-10-12 07:00:00,0.4153968506584996,0.475093710737388,0.2551640595690471,1.2462193144742573,-0.1954564994993854
2004-10-12 08:00:00,0.625046260437833,0.9563249409844304,0.3591253370378472,0.9663935480422184,-0.1519430406140901
2004-10-12 09:00:00,-0.2324480653643558,-0.3440864218685602,-0.3062268387624732,-0.3838562348750163,-0.7213199301038702
2004-10-12 10:00:00,-0.1492400102727776,-0.2745016478560966,-0.2438500722811932,-0.404300048499232,-0.6015684491967619
2004-10-12 11:00:00,-0.240549356426155,-0.3546625339513994,-0.3166229665093532,-0.3078797465056951,-0.6650613753928809
2004-10-12 12:00:00,-0.1546876340836611,-0.2525924304558828,-0.1918694335467932,-0.3086909340422874,-0.5310252351714573
2004-10-12 13:00:00,0.1268386033139441,0.0846846369735701,0.0784298878720869,-0.076553915813735,-0.1788884724924046
2004-10-12 14:00:00,-0.3245125912009614,-0.4433848514538131,-0.4101881162312733,-0.30915439486867,-0.6633053600671532
2004-10-12 15:00:00,-0.2577733680142939,-0.3794585263258435,-0.3478113497499933,-0.3342999350532102,-0.6237804910544271
2004-10-12 16:00:00,-0.2368069475006547,-0.3794585263258435,-0.3582074774968732,-0.3115567954122153,-0.5454806988879064
2004-10-12 17:00:00,0.2368802377421506,0.1617525368010448,-0.046323645090473,0.0284370780256982,-0.1775949071806176
2004-10-12 18:00:00,0.4302912099830307,0.3243047240402548,0.0784298878720869,0.1390496786497938,0.0012588806409365
2004-10-12 19:00:00,0.8320216426888563,1.0315004950776718,0.348729209290967,0.3627913665638159,0.3094242161689142
2004-10-12 20:00:00,-0.3269571574033495,-0.4895838729376144,-0.5557339046875934,-0.4471620473334022,-0.6176728642550937
2004-10-12 21:00:00,-0.570222484815888,-0.7113476827335622,-0.7324680763845536,-0.4757164628737192,-0.6881744146215688
2004-10-12 22:00:00,-0.7055147786512116,-0.7580027589899054,-0.7532603318783136,-0.5200949906282247,-0.7940573748306394
2004-10-12 23:00:00,-0.7467230137342299,-0.7987045371764149,-0.8572216093471137,-0.4982980242049505,-0.7957997789212116
2004-10-13 00:00:00,-0.9085288206797104,-0.9112916913496328,-0.9507867590690338,-0.4874971471767265,-0.8236661270512641
2004-10-13 01:00:00,-1.0352062346228872,-0.923907047242973,-1.0235596532971938,-0.5269895228731616,-0.9579537431417186
2004-10-13 02:00:00,-1.1571477597384856,-0.927093432942182,-1.0859364197784738,-0.5481177034134644,-0.9928569338564738
2004-10-13 03:00:00,-1.1738292332475264,-0.927093432942182,-1.127520930765994,-0.5423083002344687,-1.0280906120004307
2004-10-13 04:00:00,-1.2705953878295562,-0.927093432942182,-1.117124803019114,-0.5465003472307546,-1.0558613495030498
2004-10-13 05:00:00,-1.2595855095134572,-0.927093432942182,-1.1067286752722338,-0.5651769870461468,-1.067965140365047
2004-10-13 06:00:00,-1.138292218475092,-0.9145110873380702,-0.9507867590690338,-0.5277069994846199,-1.062164181333393
2004-10-13 07:00:00,-0.7675793021418319,-0.6313953887016768,-0.5765261601813535,-0.4783670363149218,-0.8894884003563664
2004-10-13 08:00:00,-0.7517276932124355,-0.6247245632354697,-0.5661300324344735,-0.3958185730496864,-0.8030929111044514
2004-10-13 09:00:00,-0.4232007884588346,-0.5270755950788247,-0.5661300324344735,0.2349191761409239,-0.6958612766802814
2004-10-13 10:00:00,-0.6328501982381681,-0.6772410490034204,-0.6285067989157536,0.2103730562784644,-0.8264016533361672
2004-10-13 11:00:00,-0.431963871843145,-0.5102056432738914,-0.4621687549656733,-0.2663130708669035,-0.6365650926602066
2004-10-13 12:00:00,-0.3582101832038781,-0.4081754634568865,-0.3789997329906333,-0.1974524702851021,-0.4422872855474211
2004-10-13 13:00:00,-0.3479002519036072,-0.4469351286631278,-0.4205842439781533,-0.2521057155649205,-0.5450836491989811
2004-10-13 14:00:00,-0.4093217271896122,-0.4796321635239776,-0.4309803717250333,-0.2192541559635988,-0.4550866603230644
2004-10-13 15:00:00,-0.5827024851253603,-0.5487587309142549,-0.5557339046875934,-0.3667829432942923,-0.7509832932557894
2004-10-13 16:00:00,-0.1444800873206971,-0.3458431552911513,-0.3166229665093532,-0.2962402653152999,-0.4892425610296502
2004-10-13 17:00:00,0.2897774713594342,0.2004480127902292,-0.0151352618498331,0.1982334838521019,0.0586216053062448
2004-10-13 18:00:00,0.1228003705544511,-0.0284148405511931,-0.1294926670655132,0.041867703845095,-0.1470229110867348
2004-10-13 19:00:00,0.295538996664681,0.1715541661479823,-0.0775120283311131,0.0880658415775638,0.0446332393425698
2004-10-13 20:00:00,-0.1787362540369117,-0.4477828658550146,-0.4309803717250333,-0.354931020710068,-0.4482853585028202
2004-10-13 21:00:00,-0.5205179992802061,-0.691466789651504,-0.7220719486376735,-0.5208720197460631,-0.6951390512636786
2004-10-13 22:00:00,-0.7068110385377014,-0.7767495357412104,-0.7844487151189536,-0.4744358218056998,-0.6079672236358841
2004-10-13 23:00:00,-0.7116101991765773,-0.7767495357412104,-0.7844487151189536,-0.5022097624227778,-0.6841853267769819
2004-10-14 00:00:00,-0.7553287298354053,-0.7832735318072025,-0.7636564596251936,-0.4288834729505939,-0.5643443768973272
2004-10-14 01:00:00,-0.951871635908714,-0.9125565668843194,-0.9507867590690338,-0.5011427612895965,-0.7601712089670736
2004-10-14 02:00:00,-1.1430621382900503,-0.927093432942182,-1.0651441642847137,-0.5302796677602434,-0.9532223450091408
2004-10-14 03:00:00,-1.2118645473603171,-0.927093432942182,-1.0963325475253538,-0.5334782740777697,-0.9834414449330172
2004-10-14 04:00:00,-1.2486484000283893,-0.927093432942182,-1.0963325475253538,-0.5452674230766524,-1.0035982732775437
2004-10-14 05:00:00,-1.2141342934231296,-0.927093432942182,-1.054748036537834,-0.5479143634404218,-1.0701423570225672
2004-10-14 06:00:00,-1.0453442198816596,-0.829109394325458,-0.8468254816002337,-0.5129892904392807,-0.920499607770022
2004-10-14 07:00:00,-0.1232054302016586,-0.1541552901368739,-0.1190965393186332,-0.2361267668341436,-0.4919336018142892
2004-10-14 08:00:00,0.2275634947687906,0.4237791474560117,0.234371804075287,0.2785138580756028,-0.0623019357402871
2004-10-14 09:00:00,0.1032598359159508,-0.0675590916513558,-0.1502849225592731,0.0731236308194933,-0.2103183083824269
2004-10-14 10:00:00,-0.1680480247839062,-0.2809796309669232,-0.2334539445343132,-0.0499362676350021,-0.3245733401468169
2004-10-14 11:00:00,-0.2959888755804574,-0.3970196339229957,-0.3478113497499933,-0.2523651996933493,-0.4736346240731475
2004-10-14 12:00:00,-0.0483474214431558,-0.1634782931820191,-0.1710771780530332,-0.1973382343451904,-0.272327277965255
2004-10-14 13:00:00,-0.035169890026384,-0.1634782931820191,-0.1710771780530332,-0.1773107639039445,-0.3303607709386515
2004-10-14 14:00:00,0.1339337101270913,0.0735905243188467,0.0680337601252069,-0.1457761012361618,-0.2935066918485038
2004-10-14 15:00:00,0.0713628455317097,0.0667525871249237,-0.004739134102953,-0.1976777210859639,-0.3402224427901312
2004-10-14 16:00:00,-0.0600150933366151,-0.1289933001867146,-0.0983042838248731,-0.2508294192080584,-0.4053822473207767
2004-10-14 17:00:00,0.3244719172056503,0.2693395249448644,0.109618271112727,0.0544693887392051,-0.4346575242800925
2004-10-14 18:00:00,0.7802747147600464,0.9239391459934472,0.3383330815440871,0.3923499347431596,-0.2165109224061456
2004-10-14 19:00:00,1.6002578952930044,1.82567018288928,1.0036852573444075,1.1688477992793789,0.1745323940300952
2004-10-14 20:00:00,1.3927080266552694,1.4255664312842626,0.6814052971911272,1.0456482707973451,0.0224409503749473
2004-10-14 21:00:00,-0.0603659832236264,-0.3931537215764555,-0.4205842439781533,-0.1711812004579439,-0.5176651439036779
2004-10-14 22:00:00,-0.585763524538547,-0.675065025388385,-0.6804874376501535,-0.630795534198849,-0.9092404604456904
2004-10-14 23:00:00,-0.5364396695569379,-0.6536918932538766,-0.6804874376501535,-0.5974980424334001,-0.937915349142112
2004-10-15 00:00:00,-0.1754235436007761,-0.4441124513378844,-0.3789997329906333,-0.2357300497601947,-0.502623401131508
2004-10-15 01:00:00,-0.6784651004620412,-0.7584051090894032,-0.7324680763845536,-0.5268719909454754,-0.9143415198062098
2004-10-15 02:00:00,-0.918405387974228,-0.8460458703332329,-0.8676177370939936,-0.4967873381720336,-0.9418659271506494
2004-10-15 03:00:00,-1.0534180195705447,-0.9170395106704284,-0.9611828868159136,-0.5332754210120118,-1.2685315041103298
2004-10-15 04:00:00,-1.0588318623156203,-0.9134895539493588,-0.9403906313221536,-0.5229201765126628,-1.2035038281550958
2004-10-15 05:00:00,-0.9746320767729676,-0.8247833982112969,-0.8156370983595936,-0.4832609788895501,-1.0949893348175233
2004-10-15 06:00:00,-0.0733467430560866,-0.1912505225350652,-0.1398887948123932,-0.0325790716527928,-0.7578795417407765
2004-10-15 07:00:00,1.063819402079873,1.4197963609224613,0.9517046186100075,1.5466438059559136,-0.2192834646110448
2004-10-15 08:00:00,1.4417149810836518,1.7247211472745445,1.1284387903069677,1.8589793979841087,-0.1929581738856671
2004-10-15 09:00:00,1.884242111350692,2.4547285390418407,1.325965217497688,2.299379096814248,0.2118832832034174
2004-10-15 10:00:00,0.8067632357130088,1.1359104374654203,0.6294246584567271,0.8107977557246228,0.1760882246046339
2004-10-15 11:00:00,0.2951316245024101,0.4629871299328814,0.296748570556567,0.0231052934387527,-0.3790142969925337
2004-10-15 12:00:00,0.4076439835908683,0.4775193489111924,0.3799175925316071,0.0973462944271735,-0.2024563261640923
2004-10-15 13:00:00,0.911979051201332,1.220599914029718,0.7229898081786474,0.8990635592376071,0.2983675774651884
2004-10-15 14:00:00,0.2698928780235557,0.3017808101862565,0.171995037594007,-0.1409429097089225,-0.3489684913308806
2004-10-15 15:00:00,0.7869482871885124,1.1751885610838957,0.7021975526848875,0.5761805066957589,0.479087100447077
2004-10-15 16:00:00,1.3681014151390556,1.704898674621134,1.2220039400288878,1.4911630430182563,1.1292025170656228
2004-10-15 17:00:00,1.8071909574911784,2.461821768014872,1.4091342394727275,1.6152018498417784,0.8142378716054725
2004-10-15 18:00:00,1.4918002637877876,1.8111980325648769,1.0764581515725675,1.4035811569684808,0.47226919955957
2004-10-15 19:00:00,0.5380690548125563,0.4943819752705273,0.286352442809687,0.0039001719472446,-0.2848182420711562
2004-10-15 20:00:00,0.375187335499851,0.217511539495103,0.0576376323783269,-0.0921589946585453,-0.2967773720619585
2004-10-15 21:00:00,-0.5045871652125031,-0.642495773769194,-0.6492990544095135,-0.684150984292458,-0.9008278871662498
2004-10-15 22:00:00,-0.2660879254841531,-0.4540731344223794,-0.4725648827125534,-0.4789200880817204,-0.7751614946307288
2004-10-15 23:00:00,-0.5738377669684588,-0.6735727405518999,-0.6804874376501535,-0.6463497499595937,-0.9361168402041916
2004-10-16 00:00:00,-0.1534683500413304,-0.5096905728802466,-0.4309803717250333,-0.2082707261579553,-0.3981387463486526
2004-10-16 01:00:00,-0.4814649212192632,-0.6715041262829524,-0.6181106711688734,-0.3074713436569093,-0.8022012092110957
2004-10-16 02:00:00,-0.891966643067678,-0.8422084356564569,-0.8676177370939936,-0.4369658342441728,-1.0721705140560678
2004-10-16 03:00:00,-0.8740028219729855,-0.8077955067322276,-0.7948448428658336,-0.5162836302198937,-1.0414756018691045
2004-10-16 04:00:00,-0.9142573146838652,-0.8197446820244363,-0.8052409706127136,-0.5609300318898903,-1.326841039572306
2004-10-16 05:00:00,-0.8068702222320762,-0.7477692946249361,-0.6908835653970335,-0.4719601604429849,-1.1648011109438945
2004-10-16 06:00:00,-0.5331744442194719,-0.5576168886521401,-0.4621687549656733,-0.174686633273751,-1.0316115231528715
2004-10-16 07:00:00,-0.4211780065626995,-0.4593796872139353,-0.3789997329906333,-0.2337013692849898,-0.9578204526315984
2004-10-16 08:00:00,0.1955133857681376,0.1983533931894071,0.0888260156189668,0.2034905843524297,-0.7182600580446526
2004-10-16 09:00:00,0.0447498636359185,-0.1228148362327968,-0.1814733057999132,-0.0392195132038409,-0.5491962341040031
2004-10-16 10:00:00,-0.0654795452000095,-0.1706730711446592,-0.1814733057999132,-0.130279864896723,-0.2214617602079371
2004-10-16 11:00:00,-0.2712149832254213,-0.3497000939668333,-0.3166229665093532,-0.3283629621655787,-0.656632037055505
2004-10-16 12:00:00,-0.4770983748214247,-0.4974316228072911,-0.4517726272187933,-0.3752656172848469,-0.7459979293940914
2004-10-16 13:00:00,-0.242420935771263,-0.3635795241742476,-0.3270190942562334,-0.3478818017661688,-0.5556633967002478
2004-10-16 14:00:00,-0.7166482015310424,-0.7402887784999195,-0.7116758208907935,-0.3712298300725975,-0.8770649944542247
2004-10-16 15:00:00,-0.6664249621191927,-0.5841961691894698,-0.6077145434219935,-0.4356407722500107,-0.8775742538378463
2004-10-16 16:00:00,-0.2070794429752805,-0.2871066336655114,-0.2750384555218333,-0.2756120261933383,-0.5405628932299678
2004-10-16 17:00:00,-0.1062714109441669,-0.2363546646061002,-0.2750384555218333,-0.2309941647811162,-0.235322645335034
2004-10-16 18:00:00,0.597482243653599,0.5798567396029845,0.2759563150628071,0.0547766646903642,0.1491575658961833
2004-10-16 19:00:00,0.2026556444511918,0.0069394081324437,-0.1918694335467932,-0.3268139228203767,-0.3516077430256598
2004-10-16 20:00:00,0.0844325774437824,-0.2658980035687244,-0.3582074774968732,-0.3178247154359319,-0.5866777579366832
2004-10-16 21:00:00,-0.2695655841577727,-0.4964858162124544,-0.5349416491938335,-0.4250994542590285,-0.8084944135824268
2004-10-16 22:00:00,-0.6638876750136128,-0.7483682413706838,-0.7636564596251936,-0.6394657049484849,-1.0596141496251512
2004-10-16 23:00:00,-0.5553375725267762,-0.691789383962048,-0.7220719486376735,-0.6030353393489669,-1.0579575627123277
2004-10-17 00:00:00,-0.7794252930768741,-0.8969209526627339,-0.9092022480815136,-0.5165300053060375,-1.231710540159371
2004-10-17 01:00:00,-0.8473399807235913,-0.8849525022917941,-0.8988061203346337,-0.4866927014333093,-1.2187462536504725
2004-10-17 02:00:00,-0.7467145164007837,-0.7982755407685526,-0.7844487151189536,-0.5788636886429784,-1.2243757443173018
2004-10-17 03:00:00,-0.8877103953902581,-0.8160396547768533,-0.8052409706127136,-0.5705430049606592,-1.2928123707162893
2004-10-17 04:00:00,-1.066173558413087,-0.9134895539493588,-0.9507867590690338,-0.5112098315851159,-1.3198216260082292
2004-10-17 05:00:00,-1.094416945337059,-0.9258615905887412,-1.0027673978034335,-0.5334182721185111,-1.234014905672124
2004-10-17 06:00:00,-1.0782330656777612,-0.91806104405914,-0.9611828868159136,-0.5538184139047148,-1.205484262870216
2004-10-17 07:00:00,-1.0724828284968473,-0.9141143228908412,-0.9403906313221536,-0.512012854061085,-1.1190096790627937
2004-10-17 08:00:00,-0.7962847107451402,-0.7400374241478208,-0.6804874376501535,-0.5879007253045601,-1.1272367577655729
2004-10-17 09:00:00,-0.5612753758474351,-0.5712065059180637,-0.5973184156751135,-0.593987852907964,-1.0187587823759785
2004-10-17 10:00:00,-0.4462203146860048,-0.5057851946955445,-0.4725648827125534,-0.4416886850897794,-0.8258894061204384
2004-10-17 11:00:00,-0.5443486876227205,-0.5373607496192985,-0.5349416491938335,-0.438653529802343,-0.8098668244637119
2004-10-17 12:00:00,-0.4515456435410164,-0.5031996786715527,-0.4725648827125534,-0.4370189445926301,-0.7719641822945755
2004-10-17 13:00:00,0.0371372525544631,-0.0406454960905244,-0.0255313895967131,-0.3565059785045877,-0.5354248179494524
2004-10-17 14:00:00,0.043444273344076,0.0618524134279448,0.0888260156189668,-0.3226124373136456,-0.4196629228589489
2004-10-17 15:00:00,-0.7235131305764279,-0.7077452575083932,-0.6908835653970335,-0.3797977502924107,-0.8633481892309686
2004-10-17 16:00:00,-0.6624616225240927,-0.6778347763691791,-0.6492990544095135,-0.4602931877181979,-0.8603754622748805
2004-10-17 17:00:00,0.2942260753400614,0.2259813112641626,0.1408066543533669,-0.1096336476596278,-0.1721953965907136
2004-10-17 18:00:00,0.2594206643159017,0.2195753006563414,0.0264492491376868,0.0028313730025499,-0.1177760185324383
2004-10-17 19:00:00,0.5297886532908629,0.3087410823216744,0.1408066543533669,0.130620789187014,0.1373737220556758
2004-10-17 20:00:00,0.1471487297796549,0.0234763268668552,-0.1710771780530332,-0.1136486102218473,-0.1781504779619022
2004-10-17 21:00:00,-0.0718956984093718,-0.3239951053616849,-0.3686036052437533,-0.3161571703484739,-0.2904627548938585
2004-10-17 22:00:00,-0.2928478612642482,-0.4682222325958887,-0.4725648827125534,-0.3421994439341174,-0.4961721736398355
2004-10-17 23:00:00,-0.1445009141183593,-0.3660416064399047,-0.3374152220031133,-0.4400646620227074,-0.4375082480917993
2004-10-18 00:00:00,-0.5809025499642099,-0.686038680247048,-0.6181106711688734,-0.3336648581361145,-0.6101252683707158
2004-10-18 01:00:00,-0.6843380907883756,-0.7569705579210413,-0.7220719486376735,-0.3517276951373191,-0.7083382975696818
2004-10-18 02:00:00,-0.9346068037971572,-0.9145110873380702,-0.9299945035752736,-0.4830916849720417,-0.9269651104595404
2004-10-18 03:00:00,-1.1029688449930757,-0.9258615905887412,-1.0131635255503135,-0.5111734259019702,-0.9664552874216874
2004-10-18 04:00:00,-1.1005114494833277,-0.9249656657000268,-0.9923712700565536,-0.5066888599906975,-0.9538781741566924
2004-10-18 05:00:00,-1.034610629863346,-0.829109394325458,-0.8572216093471137,-0.492947662232367,-1.0702038565667755
2004-10-18 06:00:00,-0.268039896268237,-0.3220494670107224,-0.2230578167874333,0.1078751775551882,-0.5708082196801194
2004-10-18 07:00:00,1.01818089059817,1.4627254866272308,0.9828930018506477,1.5271318579661246,0.05696684429082
2004-10-18 08:00:00,1.9166549398594284,2.4983248297044938,1.606660666663448,2.252209316867619,0.4428065191308576
2004-10-18 09:00:00,0.8712240072354411,1.213659603733556,0.6606130416973672,0.978856127270482,0.5156631451605734
2004-10-18 10:00:00,0.3703926734492701,0.5198225152895697,0.296748570556567,0.3327367522244098,-0.1175107654375794
2004-10-18 11:00:00,0.718951458651816,1.1451600944865108,0.5670478919754474,0.8381355772320839,0.3088362772064672
2004-10-18 12:00:00,0.5826993826730316,0.6248965093208226,0.4838788700004072,0.2858375429105422,-0.0816099707803321
2004-10-18 13:00:00,1.041122857830847,1.519889235082872,0.8893278521287273,1.206986572723877,0.5080401895108225
2004-10-18 14:00:00,0.9587813641363936,1.2108841755324231,0.7437820636724074,1.0512000625682387,0.0219711967714111
2004-10-18 15:00:00,1.4478737150739105,1.8188652102005505,1.0452697683319274,1.7222645218151111,0.4275755469918923
2004-10-18 16:00:00,1.5705045655385292,1.8501313108318025,1.1908155567882477,1.8927974310914897,0.6400001183990198
2004-10-18 17:00:00,2.656280504136036,3.010905304390332,2.6150850581108087,2.7246004723075608,0.8684315023489741
2004-10-18 18:00:00,2.916833073294415,3.1160672037687664,2.8541959962890484,2.4597555695811297,0.8064595486861421
2004-10-18 19:00:00,2.7986941465495607,3.018456739985549,2.178447692741848,2.280345067051761,0.5497954751916461
2004-10-18 20:00:00,2.814913390111289,2.953267233332187,1.866563860335448,2.332631118930171,0.2340222891651265
2004-10-18 21:00:00,0.6987306374944804,0.815693783426462,0.296748570556567,0.6947659519287444,-0.3770174292008235
2004-10-18 22:00:00,-0.2017157928125707,-0.3807858055002224,-0.3478113497499933,-0.3947962924779,-0.8335883854982528
2004-10-18 23:00:00,-0.246694261422766,-0.4371183905846434,-0.4101881162312733,-0.2935017489275686,-0.957329950193984
2004-10-19 00:00:00,-0.3405125702369027,-0.5235037078049946,-0.4309803717250333,-0.1009115651025436,-0.8457279473502013
2004-10-19 01:00:00,-0.204729763663041,-0.4500953258943221,-0.3478113497499933,0.0273494020601131,-0.8166072077071018
2004-10-19 02:00:00,-0.5116264562079158,-0.5847959858318823,-0.5037532659531934,-0.0980877275767406,-0.8925007990832126
2004-10-19 03:00:00,-0.8037758599426301,-0.7384737620007853,-0.6389029266626335,-0.3478122863876521,-1.1700191937286162
2004-10-19 04:00:00,-0.7674837487941581,-0.6631637859808114,-0.5973184156751135,-0.2992800649491458,-1.2299050596132006
2004-10-19 05:00:00,-0.5638768927970049,-0.5760758211754589,-0.4517726272187933,-0.1998269298413772,-1.212736478352653
2004-10-19 06:00:00,0.0757428043872426,0.0431667583633524,0.0160531213908069,0.2029919912927234,-0.9400118113373988
2004-10-19 07:00:00,1.3541661215161451,1.70119859204933,1.0764581515725675,2.130739882331946,-0.4423968393913554
2004-10-19 08:00:00,2.4660035484073504,2.863343725887759,2.7606308465671283,2.8735410660379364,0.1240459989690588
2004-10-19 09:00:00,2.406823453085742,2.8543993568119865,1.949732882310488,2.864512756253076,0.1515089897646262
2004-10-19 10:00:00,1.8648355346747545,2.4241411409452898,1.3675497284852078,2.328576454697031,0.4422716971836514
2004-10-19 11:00:00,1.9016053292544048,2.5220889414983185,1.4403226227133676,2.4385401951824286,0.6532674208808004
2004-10-19 12:00:00,2.0336805493084573,2.6461592810556107,1.575472283422808,2.4547088130278656,0.8061099723295883
2004-10-19 13:00:00,0.9724574057820058,1.3019616237947556,0.8581394688880876,1.3211688779253827,0.237978178875188
2004-10-19 14:00:00,0.2696131324773582,0.4267792837008788,0.213579548581527,0.0945163892875129,-0.4227782358028241
2004-10-19 15:00:00,0.5728423092611257,0.6103064193222835,0.4111059757722472,0.072334915926818,-0.2870465008605093
2004-10-19 16:00:00,0.5475509126377816,0.549213851256025,0.3903137202784871,0.3281183242642045,-0.3543671719674213
2004-10-19 17:00:00,1.3745750503099652,1.741149008437608,1.0140813850912878,1.8337839685300727,0.4477112115256586
2004-10-19 18:00:00,1.7609041494518491,2.313945561623844,1.2739845787632875,1.5349214756182774,0.3062215921312369
2004-10-19 19:00:00,2.146632770363539,2.5735820625161585,1.4923032614477678,1.532843205508829,0.3119512581689971
2004-10-19 20:00:00,2.3911633673876462,2.7338371731518176,1.648245177650968,1.89611229588688,0.1904821057815381
2004-10-19 21:00:00,2.177028565172295,2.4347161542112894,1.3571536007383276,2.140331206755741,0.0462186162568362
2004-10-19 22:00:00,1.5421537956458111,1.5752316946265854,0.9309123631162476,1.751625480545611,-0.1408777703953876
2004-10-19 23:00:00,0.672525527604104,0.7624484158214603,0.3591253370378472,0.9161280864872036,-0.5127961395034919
2004-10-20 00:00:00,0.3764431080916857,0.2719688105063072,0.151202782100247,0.3372835673593328,-0.638269484886747
2004-10-20 01:00:00,-0.0939822674084702,-0.1933796632982702,-0.1398887948123932,-0.1044002183442259,-0.863794206168319
2004-10-20 02:00:00,-0.2240702777367945,-0.3412840726548527,-0.2126616890405531,-0.2228845366795847,-0.9311859212831156
2004-10-20 03:00:00,-0.3109547624588794,-0.3556722550590832,-0.2126616890405531,-0.1349480323087981,-0.984625954372888
2004-10-20 04:00:00,-0.3803069156802355,-0.3993584655664579,-0.2646423277749531,-0.1734555069311621,-1.0265767770660668
2004-10-20 05:00:00,-0.1788074816849161,-0.2432532198623508,-0.1190965393186332,-0.1424079013658748,-1.0686187286385185
2004-10-20 06:00:00,0.1336216413909222,0.1366048314698026,0.1823911653408869,0.3625049152626866,-0.8226032887744293
2004-10-20 07:00:00,1.8180815399102688,2.3458423831211266,1.533887772435288,2.160082862947312,-0.2207956396386824
2004-10-20 08:00:00,2.6274795421850534,2.9740297437920256,2.7606308465671283,2.8588553430557724,0.2991283127178407
2004-10-20 09:00:00,1.951171774775182,2.445999538066664,1.5442839001821678,2.166089950483965,0.0457145025840662
2004-10-20 10:00:00,1.6626133274933692,2.03853994026391,1.2220039400288878,1.954607389461944,0.4272777597251984
2004-10-20 11:00:00,1.894055365180317,2.53177427939638,1.523491644688408,2.578613682893642,0.7484308694422518
2004-10-20 12:00:00,2.007257174578582,2.7600190482654288,1.7418103273728882,2.3608561604194773,1.008291259328865
2004-10-20 13:00:00,2.121482329506772,2.8446631070670154,1.731414199626008,2.183969485619619,1.017592048697536
2004-10-20 14:00:00,1.963012059167665,2.547461354873295,1.377945856232088,2.1790983153241603,1.149473298006908
2004-10-20 15:00:00,1.534856085745007,1.812905593933888,1.1492310458007275,2.046508517672576,0.9888026264370016
2004-10-20 16:00:00,1.813059582520723,2.706651345718932,2.032901904285528,2.031695150072963,1.2404876437153594
2004-10-20 17:00:00,4.119203090093391,3.1234908103382897,3.363606255886169,3.224636575388497,1.8279193386668453
2004-10-20 18:00:00,3.909553680314058,3.223430399549552,2.978949529251609,2.885900121286556,1.3492712909285975
2004-10-20 19:00:00,3.280605450976057,3.33890689260296,2.5527082916295285,2.012058254182995,0.5225155721079869
2004-10-20 20:00:00,2.721540358231168,2.99774843782314,1.949732882310488,1.918782998705649,0.4354886543373963
2004-10-20 21:00:00,1.813059582520723,2.174699096420132,1.1388349180538475,1.427860601456458,0.0656242538123863
2004-10-20 22:00:00,0.9045788068102776,0.9605605136294852,0.6606130416973672,0.8191168288674612,-0.2389699583846807
2004-10-20 23:00:00,1.2539944897758333,1.3744419633161675,0.8477433411412074,1.094033371327008,-0.0214026639582042
2004-10-21 00:00:00,1.6034101727413894,1.916185220065788,1.1388349180538475,1.216763970639306,-0.1084295817287948
2004-10-21 01:00:00,0.8346956702171663,1.0391198741808152,0.4215021035191272,0.4754711507930275,-0.4130237939258619
2004-10-21 02:00:00,-0.0737851054932787,-0.2626438574977292,-0.2126616890405531,-0.1381818457684611,-0.717618006122929
2004-10-21 03:00:00,-0.4232007884588346,-0.5775180640616991,-0.5557339046875934,-0.3561471652900455,-1.0822117878153306
2004-10-21 04:00:00,-0.7141273259420202,-0.6373526241985197,-0.4933571382063134,-0.6831057067150631,-1.1092391360905869
2004-10-21 05:00:00,-0.9123827446106128,-0.7436335311761612,-0.6492990544095135,-0.4376445080904676,-1.087482406647939
2004-10-21 06:00:00,-0.5629670616450568,-0.4166398327098172,-0.2646423277749531,-0.1725464135759045,-0.8264016533361672
2004-10-21 07:00:00,0.4153968506584996,0.580818753746208,0.5462556364816874,0.4607434788755518,-0.5870776294670431
2004-10-21 08:00:00,1.0443450799965,1.488039479573559,1.3467574729914478,1.0203950117396294,-0.1301863111714425
2004-10-21 09:00:00,1.0443450799965,1.52680042673278,0.9621007463568876,1.4033144815939986,0.1961646304682722
2004-10-21 10:00:00,0.3455137140653883,0.5274213831450372,0.4422943590128871,0.5343818384629304,-0.1084295817287948
2004-10-21 11:00:00,-0.0737851054932787,-0.0218259685076193,0.0888260156189668,0.1710992644985291,-0.4130237939258619
2004-10-21 12:00:00,0.8346956702171663,1.1316873180778833,0.6606130416973672,0.8142076048949692,-0.1519430406140901
2004-10-21 13:00:00,0.3455137140653883,0.5251677098066576,0.3591253370378472,0.3538465051967007,-0.1735714592667966
2004-10-21 14:00:00,-0.0039019689001675,0.2897833785211676,0.3799175925316071,0.3625589994257136,0.022110794927091
2004-10-21 15:00:00,0.5551631238447217,0.5535862265976317,0.5566517642285672,0.6423847658577524,-0.1954564994993854
2004-10-21 16:00:00,0.625046260437833,1.0302723841230828,0.6606130416973672,0.608020198050309,-0.1736997700567378
2004-10-21 17:00:00,0.7648125336240554,1.144913410105981,0.9932891295975274,0.4754711507930275,-0.1954564994993854
2004-10-21 18:00:00,1.6034101727413894,2.125838374278114,1.804187093854168,1.0253042357121214,0.1744079010256245
2004-10-21 19:00:00,2.721540358231168,3.0876972180548825,2.4383508864138483,1.658594128163578,0.2179213599109198
2004-10-21 20:00:00,2.022708992300056,2.583521593376488,1.679433560891608,1.216763970639306,-0.0649161228434995
2004-10-21 21:00:00,1.533527036148278,1.6841951339983638,1.4091342394727275,0.986030443932186,-0.1301863111714425
2004-10-21 22:00:00,1.533527036148278,1.666049638978591,1.3363613452445675,1.0989425952995,-0.4130237939258619
2004-10-21 23:00:00,1.463643899555167,1.5959931062695838,1.1284387903069677,0.99584889187717,-0.4130237939258619
2004-10-22 00:00:00,0.0659811676929437,0.1204008542378431,0.1927872930877669,-0.0743619341260663,-0.782888194450872
2004-10-22 01:00:00,-0.5629670616450568,-0.5016145438121066,-0.3582074774968732,-0.5505566594577815,-1.022212218319996
2004-10-22 02:00:00,-0.7726164714243904,-0.647586180131559,-0.5661300324344735,-0.5996488991827007,-1.152752594975882
2004-10-22 03:00:00,-0.982265881203724,-0.7892710572548371,-0.7532603318783136,-0.5650457468056713,-1.1984313191902682
2004-10-22 04:00:00,-0.8908791093473579,-0.7737577779747467,-0.7012796931439136,-0.5554658834302735,-1.3485631599597108
2004-10-22 05:00:00,-0.8424996080175017,-0.6440099433744046,-0.5765261601813535,-0.197092533438364,-1.3268064305170633
2004-10-22 06:00:00,-0.7726164714243904,-0.6304895515693869,-0.5037532659531934,-0.2609124450807589,-1.1962660538611771
2004-10-22 07:00:00,0.4852799872516105,0.5455002166098636,0.8477433411412074,0.9173013083172994,-0.6958612766802814
2004-10-22 08:00:00,1.3937607629620554,1.834544227687307,1.731414199626008,1.1136702672169758,-0.4130237939258619
2004-10-22 09:00:00,0.5551631238447217,0.6454572037544221,0.7645743191661674,0.504926494627979,-0.4782939822538049
2004-10-22 10:00:00,0.4153968506584996,0.5588182429802228,0.7229898081786474,0.3821958953156812,-0.5870776294670431
2004-10-22 11:00:00,-0.0039019689001675,0.2788800021562152,0.3071446983034471,0.014004097378788,-0.6305910883523385
2004-10-22 12:00:00,0.2057474408791658,0.4763738323557264,0.5358595087348073,0.1367346966910857,-0.5870776294670431
2004-10-22 13:00:00,1.184111353182722,1.5812235428538814,1.2012116845351275,0.8534813966749045,0.022110794927091
2004-10-22 14:00:00,1.1142282165896111,1.443072781175566,1.1388349180538475,0.7651153651700502,0.0438675243697386
2004-10-22 15:00:00,1.1142282165896111,1.4400314392992073,1.1076465348132076,0.6227478699677848,0.0438675243697386
2004-10-22 16:00:00,2.372124675265612,2.775930282377658,1.7002258163853678,1.5211358569338045,0.5877857604359299
2004-10-22 17:00:00,2.3022415386725013,2.897468947936107,1.918544499069848,1.2560377624192411,0.9141367020756446
2004-10-22 18:00:00,4.398735636465836,3.2361814364305865,2.978949529251609,2.198608765137688,1.153460725944769
2004-10-22 19:00:00,3.280605450976057,3.229373167291337,2.4695392696544887,1.5604096487137395,0.5442723015506346
2004-10-22 20:00:00,1.6732933093345004,2.2606456194491327,1.4715110059540075,1.1234887151619597,0.1961646304682722
2004-10-22 21:00:00,0.2756305774722771,0.3617119288528723,0.244767931822167,0.2889206398383349,-0.4130237939258619
2004-10-22 22:00:00,-0.3533176518657233,-0.2659531275468531,-0.1710771780530332,-0.364006148503089,-0.782888194450872
2004-10-22 23:00:00,-0.2834345152726122,-0.2469089834882839,-0.1606810503061531,-0.2069109813833479,-0.8046449238935196
2004-10-23 00:00:00,-0.2834345152726122,-0.2853549364867693,-0.1294926670655132,-0.1823648615208883,-0.848158382778815
2004-10-23 01:00:00,-0.7027333348312792,-0.6350914422784018,-0.5557339046875934,-0.5211013156228301,-1.152752594975882
2004-10-23 02:00:00,-0.7726164714243904,-0.645848447083489,-0.5557339046875934,-0.4523721800079434,-1.2832929716317678
2004-10-23 03:00:00,-0.9123827446106128,-0.7709626626385676,-0.7012796931439136,-0.5465153664477725,-1.2493392475644425
2004-10-23 04:00:00,-0.9636999240657436,-0.7907836702028581,-0.7636564596251936,-0.7076518265775227,-1.479103536615597
2004-10-23 05:00:00,-0.982265881203724,-0.7749996241398329,-0.7012796931439136,-0.5456474354852896,-1.457346807172949
2004-10-23 06:00:00,-0.6328501982381681,-0.575238110687235,-0.3893958607375133,-0.1038172779610177,-1.2615362421891203
2004-10-23 07:00:00,0.1358643042860546,0.3793118613116966,0.234371804075287,0.7651153651700502,-0.9786987594347007
2004-10-23 08:00:00,0.625046260437833,0.9961315955028378,0.4838788700004072,1.3394945699516037,-0.8916718416641102
2004-10-23 09:00:00,0.8346956702171663,1.1402579062919922,0.7853665746599272,1.3984052576215067,-0.4130237939258619
2004-10-23 10:00:00,0.4852799872516105,0.510834742948626,0.4526904867597671,1.1431256110519272,-0.3912670644832143
2004-10-23 11:00:00,0.625046260437833,0.9555255517334938,0.5046711254941671,0.99584889187717,-0.1736997700567378
2004-10-23 12:00:00,0.9045788068102776,1.1669921200037303,0.8373472133943273,0.8632998446198884,0.1744079010256245
2004-10-23 13:00:00,0.625046260437833,1.0276634266731757,0.5774440197223271,0.3871051192881731,0.022110794927091
2004-10-23 14:00:00,0.1358643042860546,0.1928163635657084,0.1200143988596069,-0.0399973663186229,-0.1954564994993854
2004-10-23 15:00:00,0.6949293970309441,1.0388471844684108,0.4630866145066473,0.6227478699677848,0.1961646304682722
2004-10-23 16:00:00,0.625046260437833,1.0297513618048892,0.4838788700004072,0.5982017501053253,0.1091377126976816
2004-10-23 17:00:00,0.8346956702171663,1.0640976291741722,0.5150672532410473,0.8927551884548398,0.2179213599109198
2004-10-23 18:00:00,1.323877626368945,1.5072891023811663,1.0036852573444075,1.1627625069418948,0.1091377126976816
2004-10-23 19:00:00,1.7431764459276111,2.130481607970726,1.2220039400288878,1.4131329295389825,0.1744079010256245
2004-10-23 20:00:00,1.3937607629620554,1.3207035932223865,0.6606130416973672,1.089124147354516,0.1526511715829769
2004-10-23 21:00:00,0.1358643042860546,0.1798972077081878,0.0888260156189668,0.0827332329936747,-0.3042401467126237
2004-10-23 22:00:00,0.3455137140653883,0.4433346076173565,0.3383330815440871,0.2201915042234482,-0.4565372528111572
2004-10-23 23:00:00,0.3455137140653883,0.2674803268519642,0.1823911653408869,0.1612808165535453,-0.5653209000243955
2004-10-24 00:00:00,0.5551631238447217,0.5382802574279787,0.4318982312660072,0.3772866713431893,-0.282483417269976
2004-10-24 01:00:00,-0.0039019689001675,0.0060013848235554,0.047241504631447,-0.0547250382360987,-0.913428571106758
2004-10-24 02:00:00,-0.0039019689001675,-0.1188730139562422,-0.046323645090473,0.0238225453237718,-0.9569420299920532
2004-10-24 03:00:00,-0.4232007884588346,-0.432220689225554,-0.3062268387624732,-0.3172281416487473,-1.1549934690563548
2004-10-24 04:00:00,-0.6287229600761863,-0.6062710790123148,-0.4517726272187933,-0.472009075897911,-1.2832929716317678
2004-10-24 05:00:00,-0.4930839250519458,-0.4324397200489492,-0.2854345832687133,-0.4867367478153867,-1.3485631599597108
2004-10-24 06:00:00,-0.6328501982381681,-0.5839482028559605,-0.3997919884843933,-0.2756401169982346,-1.3703198894023585
2004-10-24 07:00:00,-0.4232007884588346,-0.4653062474073345,-0.3374152220031133,-0.2069109813833479,-1.3485631599597108
2004-10-24 08:00:00,-0.8424996080175017,-0.7448763845900171,-0.6804874376501535,-0.6389226909626359,-1.4138333482876535
2004-10-24 09:00:00,-0.4930839250519458,-0.4611989616283236,-0.3686036052437533,-0.310004684805678,-1.1092391360905869
2004-10-24 10:00:00,-0.0039019689001675,-0.1188064439693658,-0.1710771780530332,0.1367346966910857,-0.5653209000243955
2004-10-24 11:00:00,-0.3533176518657233,-0.3465697479264528,-0.3062268387624732,-0.2903677889157103,-0.8264016533361672
2004-10-24 12:00:00,-0.4232007884588346,-0.4560618097662332,-0.3893958607375133,-0.4130983882280081,-0.913428571106758
2004-10-24 13:00:00,-0.7027333348312792,-0.5906652701975081,-0.5661300324344735,-0.7027426026050307,-1.2615362421891203
2004-10-24 14:00:00,-0.4930839250519458,-0.4907007286871763,-0.4101881162312733,-0.4278260601454838,-0.8699151122214626
2004-10-24 15:00:00,-0.0737851054932787,-0.1484023430041592,-0.1294926670655132,-0.0399973663186229,-0.4347805233685096
2004-10-24 16:00:00,-0.0737851054932787,-0.1846942487244046,-0.1710771780530332,0.0041856494338042,-0.5000507116964525
2004-10-24 17:00:00,0.2756305774722771,0.1554608031445602,0.047241504631447,0.3331036555907621,-0.2389699583846807
2004-10-24 18:00:00,1.533527036148278,1.607394063526815,0.9309123631162476,1.1480348350244192,0.391975195452101
2004-10-24 19:00:00,2.162475265486279,2.523052237594522,1.3467574729914478,1.442588273373934,0.3702184660094534
2004-10-24 20:00:00,0.9045788068102776,0.9220376434522156,0.4422943590128871,0.6718401096927039,-0.2389699583846807
2004-10-24 21:00:00,-0.5629670616450568,-0.5279535497338054,-0.4205842439781533,-0.4474629560354514,-0.8264016533361672
2004-10-24 22:00:00,-0.6328501982381681,-0.5797418404252298,-0.4413764994719134,-0.5898304512377168,-1.0439689477626437
2004-10-24 23:00:00,-0.2834345152726122,-0.3219885742441848,-0.2438500722811932,-0.2805493409707265,-1.0439689477626437
2004-10-25 00:00:00,-0.2834345152726122,-0.375623838691167,-0.2542462000280732,-0.143091069740953,-1.022212218319996
2004-10-25 01:00:00,-0.4930839250519458,-0.5732862457075137,-0.4309803717250333,-0.3492784765856133,-1.1745093244185296
2004-10-25 02:00:00,-0.8424996080175017,-0.7784662997012546,-0.7220719486376735,-0.6192857950726682,-1.4355900777303017
2004-10-25 03:00:00,-0.982265881203724,-0.788072477002817,-0.7532603318783136,-0.4403366559229167,-1.3409745643791935
2004-10-25 04:00:00,-0.9341454069217509,-0.7820092514649708,-0.7324680763845536,-0.6389226909626359,-1.5878871838288349
2004-10-25 05:00:00,-0.8424996080175017,-0.6482263325087982,-0.5661300324344735,-0.2805493409707265,-1.3485631599597108
2004-10-25 06:00:00,-0.6328501982381681,-0.6131797067562633,-0.4309803717250333,0.0729147850486909,-1.1092391360905869
2004-10-25 07:00:00,0.7648125336240554,1.1765565880494162,0.7437820636724074,1.3885868096765228,-0.717618006122929
2004-10-25 08:00:00,1.6034101727413894,2.017032798258984,1.4195303672196078,2.0169674781554874,-0.4782939822538049
2004-10-25 09:00:00,0.9744619434033888,1.3451685670238482,0.7749704469130475,1.3640406898140631,0.022110794927091
2004-10-25 10:00:00,0.7648125336240554,1.2576679507111248,0.8477433411412074,1.2216731946117978,0.0873809832550339
2004-10-25 11:00:00,0.625046260437833,1.1161815473795311,0.7125936804317673,1.427860601456458,-0.0431593934008519
2004-10-25 12:00:00,0.9744619434033888,1.4214878063111558,0.8997239798756075,1.6045926644661668,0.022110794927091
2004-10-25 13:00:00,1.323877626368945,1.7886982926813535,1.398738111725848,1.5702280966587234,0.3484617365668057
2004-10-25 14:00:00,1.184111353182722,1.6698213277811205,1.2220039400288878,1.6193203363836426,0.1526511715829769
2004-10-25 15:00:00,1.463643899555167,1.842464133196129,1.4715110059540075,1.8009616233658432,0.1961646304682722
2004-10-25 16:00:00,2.022708992300056,2.854080699928452,2.147259309501208,2.1004242856878497,0.326705007124158
2004-10-25 17:00:00,4.04931995350028,3.080388620981256,3.633905577305049,2.826989433616652,1.0446770787315305
2004-10-25 18:00:00,4.398735636465836,3.0762002974603115,3.446775277861209,3.05281373635128,0.8488665137477016
2004-10-25 19:00:00,4.119203090093391,3.2707370284078467,3.0829108067204087,2.856444777451604,0.5660290309932822
2004-10-25 20:00:00,3.0010729046036126,3.150838530118903,2.199239948235608,2.4735253075972348,0.0438675243697386
2004-10-25 21:00:00,0.9744619434033888,1.2137313931004212,0.8061588301536876,1.2462193144742573,-0.5000507116964525
2004-10-25 22:00:00,0.9744619434033888,1.225705383339595,0.8581394688880876,1.108761043244484,-0.6088343589096907
2004-10-25 23:00:00,-0.1436682420863899,-0.1276976119964793,-0.0671159005842332,0.0974609049111504,-0.9351853005494056
2004-10-26 00:00:00,0.0659811676929437,0.0576485233351037,0.0888260156189668,0.3576497754532217,-0.913428571106758
2004-10-26 01:00:00,-0.3533176518657233,-0.4609153753155915,-0.3478113497499933,-0.035088142346131,-1.087482406647939
2004-10-26 02:00:00,-0.7726164714243904,-0.6639075476292344,-0.6077145434219935,-0.5456474354852896,-1.3485631599597108
2004-10-26 03:00:00,-0.7726164714243904,-0.6621697230130945,-0.6077145434219935,-0.2626477826440332,-1.1562527572942445
2004-10-26 04:00:00,-0.9662367113281796,-0.7836852676338734,-0.7324680763845536,-0.5603751074027654,-1.479103536615597
2004-10-26 05:00:00,-0.8424996080175017,-0.6463832503962147,-0.5661300324344735,-0.4916459717878786,-1.392076618845006
2004-10-26 06:00:00,-0.4930839250519458,-0.436811729118276,-0.2854345832687133,-0.0498158142636067,-1.2180227833038249
2004-10-26 07:00:00,0.625046260437833,1.195245631132598,0.7645743191661674,0.7111139014726392,-0.6088343589096907
2004-10-26 08:00:00,1.6732933093345004,2.1749833237093537,1.4195303672196078,1.6831402480260371,-0.3695103350405666
2004-10-26 09:00:00,1.184111353182722,1.561690608437752,0.8581394688880876,1.506408185016329,-0.3259968761552713
2004-10-26 10:00:00,0.9045788068102776,1.34148826315516,0.9828930018506477,1.7420509356959404,0.2179213599109198
2004-10-26 11:00:00,0.9744619434033888,1.4997651372069434,0.9101201076224876,1.7862339514483674,0.4790021132226916
2004-10-26 12:00:00,1.6034101727413894,2.12414876025082,1.5962645389165675,1.8942368788431896,0.7835963254197587
2004-10-26 13:00:00,1.323877626368945,1.762757974136353,1.2739845787632875,1.5113174089888206,1.0229203492888828
2004-10-26 14:00:00,1.6732933093345004,2.30559125719103,1.5650761556759278,1.761687831585908,1.0446770787315305
2004-10-26 15:00:00,2.23235840207939,2.917517959994651,2.032901904285528,2.208427213082672,1.4145414792565405
2004-10-26 16:00:00,2.581774085044945,3.071625556684046,2.230428331476248,2.561891339102089,1.2187309142727116
2004-10-26 17:00:00,4.398735636465836,3.041177342053867,3.592321066317529,3.337548726755811,1.6756222325683123
2004-10-26 18:00:00,5.167450138990059,3.041177342053867,4.236880986624089,3.504462341820536,1.5233251264697787
2004-10-26 19:00:00,2.8613066314173903,3.166510954704621,2.6254811858576885,2.193699541165196,0.5225155721079869
2004-10-26 20:00:00,2.022708992300056,2.542010490803449,1.3155690897508077,1.5849557685761992,0.3702184660094534
2004-10-26 21:00:00,-0.0039019689001675,-0.066182640423397,-0.1606810503061531,0.0041856494338042,-0.3259968761552713
2004-10-26 22:00:00,-0.4930839250519458,-0.4381151090263898,-0.3582074774968732,-0.310004684805678,-0.6741045472376337
2004-10-26 23:00:00,-0.3533176518657233,-0.438941053017621,-0.3997919884843933,-0.3394600286406294,-0.6958612766802814
2004-10-27 00:00:00,-0.0737851054932787,-0.2650618955217252,-0.2230578167874333,-0.1136357259060016,-0.6523478177949861
2004-10-27 01:00:00,-0.6328501982381681,-0.6319506116940083,-0.5869222879282334,-0.6045581231551925,-0.9351853005494056
2004-10-27 02:00:00,-0.9123827446106128,-0.7808344331271109,-0.7220719486376735,-0.7076518265775227,-1.0657256772052914
2004-10-27 03:00:00,-1.0521490177968351,-0.7924000297741679,-0.7740525873720735,-0.5513326398522371,-1.0365680046375323
2004-10-27 04:00:00,-1.0880436120236898,-0.8307104162450459,-0.8572216093471137,-0.7763809621924094,-1.2832929716317678
2004-10-27 05:00:00,-0.982265881203724,-0.7453713557923011,-0.6492990544095135,-0.5211013156228301,-1.1745093244185296
2004-10-27 06:00:00,-0.2834345152726122,-0.2622039644895391,-0.0879081560779931,0.2791021918933511,-0.913428571106758
2004-10-27 07:00:00,0.9045788068102776,1.1519055479297526,0.9621007463568876,1.3689499137865553,-0.1954564994993854
2004-10-27 08:00:00,1.952825855706945,2.667567529544957,1.783394838360408,1.5555004247412478,0.1961646304682722
2004-10-27 09:00:00,0.4153968506584996,0.3209692655231162,0.1408066543533669,0.936938204207267,-0.0431593934008519
2004-10-27 10:00:00,0.7648125336240554,1.150870096194404,0.4942749977472873,1.5849557685761992,0.4790021132226916
2004-10-27 11:00:00,0.4153968506584996,0.6051295269178212,0.3695214647847272,0.9271197562622832,0.4354886543373963
2004-10-27 12:00:00,0.7648125336240554,1.1901264266122238,0.5670478919754474,1.0154857877671375,0.4137319248947487
2004-10-27 13:00:00,1.3937607629620554,1.7972060651994552,1.0868542793194476,1.472043617208885,0.1526511715829769
2004-10-27 14:00:00,1.0443450799965,1.4606412142183167,0.7541781914192875,1.5604096487137395,0.1961646304682722
2004-10-27 15:00:00,0.4852799872516105,0.5977932762870599,0.3279369537972071,0.6472939898302443,0.0656242538123863
2004-10-27 16:00:00,-0.0039019689001675,0.2162382854820131,0.213579548581527,0.0925516809386585,-0.1736997700567378
2004-10-27 17:00:00,0.2057474408791658,0.5235709458023239,0.4630866145066473,0.1367346966910857,-0.1954564994993854
2004-10-27 18:00:00,1.0443450799965,1.5057152303943278,0.9724968741037674,0.8092983809224774,0.1308944421403292
2004-10-27 19:00:00,0.3455137140653883,0.5306758954883123,0.5462556364816874,0.1809177124435129,-0.1954564994993854
2004-10-27 20:00:00,0.4852799872516105,0.5665440241806843,0.4111059757722472,0.4901988227105032,-0.347753605597919
2004-10-27 21:00:00,-0.4930839250519458,-0.4371069445758957,-0.3478113497499933,-0.305095460833186,-0.7611314650082243
2004-10-27 22:00:00,-0.7027333348312792,-0.5899826760198326,-0.5765261601813535,-0.3885522683655485,-0.8916718416641102
2004-10-27 23:00:00,-0.5629670616450568,-0.4993359639586921,-0.4517726272187933,-0.4474629560354514,-1.087482406647939
2004-10-28 00:00:00,-0.8424996080175017,-0.7732381291776028,-0.7116758208907935,-0.6831057067150631,-1.1309958655332344
2004-10-28 01:00:00,-0.7726164714243904,-0.73561171040545,-0.6389029266626335,-0.688014930687555,-1.2832929716317678
2004-10-28 02:00:00,-0.8424996080175017,-0.7788931442594724,-0.7220719486376735,-0.634013466990144,-1.4138333482876535
2004-10-28 03:00:00,-0.982265881203724,-0.7888906377080999,-0.7428642041314335,-0.4609369540576082,-1.2117442691070217
2004-10-28 04:00:00,-0.9781083192243462,-0.8007720526285225,-0.7844487151189536,-0.6192857950726682,-1.5008602660582444
2004-10-28 05:00:00,-0.9123827446106128,-0.741695584543077,-0.6389029266626335,-0.3689153724755809,-1.3485631599597108
2004-10-28 06:00:00,-0.3533176518657233,-0.2772779917379294,-0.1398887948123932,0.4312881350406003,-1.0657256772052914
2004-10-28 07:00:00,0.9045788068102776,1.277666966603459,0.8997239798756075,1.97278446240306,-0.4782939822538049
2004-10-28 08:00:00,1.6034101727413894,2.050024773873244,1.5026993891946478,2.444069963762283,-0.1736997700567378
2004-10-28 09:00:00,0.9744619434033888,1.4025429220404464,0.8997239798756075,2.1053335096603414,-0.282483417269976
2004-10-28 10:00:00,0.9045788068102776,1.2984897288533448,0.9621007463568876,2.1544257493852608,0.1308944421403292
2004-10-28 11:00:00,0.2057474408791658,0.273213220577353,0.0888260156189668,0.9173013083172994,0.0438675243697386
2004-10-28 12:00:00,0.1358643042860546,0.3390532267998616,0.1823911653408869,0.5442002864079143,-0.1954564994993854
2004-10-28 13:00:00,0.3455137140653883,0.5171750992502706,0.3279369537972071,0.4607434788755518,-0.2389699583846807
2004-10-28 14:00:00,0.5551631238447217,0.6625972813658002,0.6398207862036073,0.8534813966749045,0.0656242538123863
2004-10-28 15:00:00,1.6034101727413894,2.095752036660501,1.5130955169415277,1.928601446650633,0.2614348187962151
2004-10-28 16:00:00,2.022708992300056,2.6007960929145986,1.585868411169688,2.1544257493852608,0.6312992193212251
2004-10-28 17:00:00,3.070956041196724,3.1850783953908675,2.4903315251482483,2.566800563074581,0.8488665137477016
2004-10-28 18:00:00,2.651657221638057,2.957965407866787,1.752206455119768,2.021876702127979,0.5660290309932822
2004-10-28 19:00:00,0.4153968506584996,0.5309714772182119,0.296748570556567,0.1170978008011181,-0.1519430406140901
2004-10-28 20:00:00,0.2756305774722771,0.2913160448765145,0.109618271112727,0.2643745199758754,0.0438675243697386
2004-10-28 21:00:00,-0.4232007884588346,-0.5166761178029794,-0.4933571382063134,-0.3001862368606942,-0.4782939822538049
2004-10-28 22:00:00,-0.7726164714243904,-0.7120107729123317,-0.6804874376501535,-0.6634688108250955,-1.022212218319996
2004-10-28 23:00:00,-0.6328501982381681,-0.6837146368468878,-0.6181106711688734,-0.5456474354852896,-0.8916718416641102
2004-10-29 00:00:00,-0.7726164714243904,-0.7705197478840682,-0.7324680763845536,-0.5849212272652249,-0.9786987594347007
2004-10-29 01:00:00,-0.9123827446106128,-0.8571229513269397,-0.8780138648408736,-0.7616532902749337,-1.3050497010744155
2004-10-29 02:00:00,-1.0521490177968351,-0.9101428325596126,-0.9195983758283937,-0.850019321779788,-1.457346807172949
2004-10-29 03:00:00,-1.0521490177968351,-0.9134895539493588,-0.9507867590690338,-0.5783758449979459,-1.1698170170893556
2004-10-29 04:00:00,-1.072091451315181,-0.8595737707199891,-0.8988061203346337,-0.7567440663024417,-1.1745093244185296
2004-10-29 05:00:00,-0.7027333348312792,-0.6288012652791068,-0.5453377769407135,-0.1872740854933802,-0.8916718416641102
2004-10-29 06:00:00,-0.5629670616450568,-0.4960015126903233,-0.3789997329906333,0.0189133213512799,-0.4130237939258619
2004-10-29 07:00:00,0.5551631238447217,0.6061614990665103,0.4734827422535272,0.6276570939402767,0.022110794927091
2004-10-29 08:00:00,1.1142282165896111,1.5620147594054858,1.1908155567882477,0.8142076048949692,0.3049482776815104
2004-10-29 09:00:00,0.625046260437833,1.0781632172678584,0.5462556364816874,0.936938204207267,0.1961646304682722
2004-10-29 10:00:00,-0.4930839250519458,-0.3854123738040971,-0.3062268387624732,-0.3394600286406294,-0.717618006122929
2004-10-29 11:00:00,0.3455137140653883,0.4244794600552287,0.2655601873159271,0.8878459644823479,-0.1954564994993854
2004-10-29 12:00:00,1.463643899555167,1.817918396356944,1.4091342394727275,1.791143175420859,0.1308944421403292
2004-10-29 13:00:00,2.092592128893167,2.4444688862088566,1.1492310458007275,1.7224140398059726,0.5877857604359299
2004-10-29 14:00:00,2.372124675265612,2.659660443565932,1.533887772435288,2.296793244587526,1.153460725944769
2004-10-29 15:00:00,1.6732933093345004,1.7562934515318138,0.7021975526848875,1.7371417117234484,0.7400828665344634
2004-10-29 16:00:00,0.4153968506584996,0.4952286136455743,0.2655601873159271,0.3281944316182702,0.1744079010256245
2004-10-29 17:00:00,0.6949293970309441,1.1880392240250703,0.7437820636724074,0.6522032138027363,0.5442723015506346
2004-10-29 18:00:00,1.463643899555167,1.7824463911353108,0.9932891295975274,1.1136702672169758,0.4137319248947487
2004-10-29 19:00:00,0.6949293970309441,0.6561805572937912,0.161598909847127,0.7454784692800825,0.391975195452101
2004-10-29 20:00:00,-0.2834345152726122,-0.4934300065810387,-0.4829610104594334,-0.0547250382360987,-0.1519430406140901
2004-10-29 21:00:00,-0.213551378679501,-0.4538386285951574,-0.4517726272187933,0.2251007281959401,0.1308944421403292
2004-10-29 22:00:00,-0.2834345152726122,-0.4622163744538858,-0.4205842439781533,-0.1332726217959692,-0.3259968761552713
2004-10-29 23:00:00,-0.0039019689001675,-0.1674419086592294,-0.2334539445343132,0.2889206398383349,-0.0649161228434995
2004-10-30 00:00:00,0.2057474408791658,0.0391185339894794,-0.1502849225592731,0.5540187343528981,-0.0431593934008519
2004-10-30 01:00:00,-0.213551378679501,-0.5201561623026184,-0.4621687549656733,0.1023701288836424,-0.347753605597919
2004-10-30 02:00:00,-0.4232007884588346,-0.5669823334977216,-0.5037532659531934,-0.1185449498784935,-0.5653209000243955
2004-10-30 03:00:00,-0.4930839250519458,-0.5936087258070568,-0.5661300324344735,-0.2356207578019448,-0.8219484555709134
2004-10-30 04:00:00,-0.766740398732002,-0.7292703010710005,-0.6181106711688734,-0.3198231327506618,-0.8264016533361672
2004-10-30 05:00:00,-0.7726164714243904,-0.7292703010710005,-0.6181106711688734,-0.2265478772733155,-0.7393747355655766
2004-10-30 06:00:00,-0.4930839250519458,-0.4862394407496178,-0.3686036052437533,-0.0056327985111796,-0.6088343589096907
2004-10-30 07:00:00,0.2057474408791658,0.3856095468927299,0.234371804075287,0.8583906206473965,-0.347753605597919
2004-10-30 08:00:00,0.6949293970309441,0.9138763645109228,0.4215021035191272,1.0645780274920569,-0.1736997700567378
2004-10-30 09:00:00,0.625046260437833,0.8357860156140371,0.3175408260503271,1.2511285384467492,-0.0866728522861472
2004-10-30 10:00:00,0.4153968506584996,0.4835615595769779,0.3071446983034471,1.197127074749338,-0.0431593934008519
2004-10-30 11:00:00,1.323877626368945,1.490599722810236,0.9309123631162476,1.7715062795308918,0.9141367020756446
2004-10-30 12:00:00,1.1142282165896111,1.3130232297846356,0.7645743191661674,1.1922178507768464,1.0881905376168255
2004-10-30 13:00:00,0.9045788068102776,1.15441469618338,0.6190285307098473,0.8240260528399531,0.5007588426653393
2004-10-30 14:00:00,0.9045788068102776,1.1006992181070945,0.5774440197223271,0.8878459644823479,0.8053530548624064
2004-10-30 15:00:00,0.7648125336240554,1.0861076630194353,0.5254633809879271,0.7307507973626068,0.5442723015506346
2004-10-30 16:00:00,1.2539944897758333,1.499511493653095,0.8061588301536876,1.094033371327008,0.5442723015506346
2004-10-30 17:00:00,1.1142282165896111,1.3642253474760748,0.7645743191661674,1.2511285384467492,0.4137319248947487
2004-10-30 18:00:00,1.533527036148278,1.660836302482276,1.1492310458007275,1.442588273373934,0.1526511715829769
2004-10-30 19:00:00,1.952825855706945,2.338250657575118,1.450718750460248,1.6831402480260371,0.1308944421403292
2004-10-30 20:00:00,1.323877626368945,1.227757240651736,0.6606130416973672,1.2560377624192411,-0.0214026639582042
2004-10-30 21:00:00,0.4852799872516105,0.4474319124767394,0.2551640595690471,0.7552969172250663,-0.3042401467126237
2004-10-30 22:00:00,0.2057474408791658,0.0670680391260092,-0.1190965393186332,0.3576497754532217,-0.4347805233685096
2004-10-30 23:00:00,-0.1436682420863899,-0.2590930308799947,-0.2854345832687133,-0.0105420224836715,-0.6088343589096907
2004-10-31 00:00:00,-0.0737851054932787,-0.3908234057635016,-0.3582074774968732,0.1563715925810534,-0.5218074411391002
2004-10-31 01:00:00,-0.4232007884588346,-0.5765240010939823,-0.5869222879282334,-0.1921833094658721,-0.8264016533361672
2004-10-31 02:00:00,-0.5629670616450568,-0.5955056499447893,-0.5141493937000734,-0.4523721800079434,-1.0657256772052914
2004-10-31 03:00:00,-0.7726164714243904,-0.765464641012681,-0.7012796931439136,-0.5993997150160671,-1.2347259267183246
2004-10-31 04:00:00,-1.0849672857410193,-0.8873306624213132,-0.8988061203346337,-0.8058363060273609,-1.4138333482876535
2004-10-31 05:00:00,-1.1220321543899463,-0.9162213041811108,-0.9611828868159136,-0.8991115615047072,-1.5878871838288349
2004-10-31 06:00:00,-1.1919152909830577,-0.9270926546135873,-1.054748036537834,-0.95802224917461,-1.7184275604847208
2004-10-31 07:00:00,-1.1919152909830577,-0.924645818431582,-1.0339557810440738,-0.9432945772571344,-1.7401842899273685
2004-10-31 08:00:00,-0.8424996080175017,-0.7643574914785372,-0.7012796931439136,-0.4867367478153867,-1.5008602660582444
2004-10-31 09:00:00,-0.5629670616450568,-0.5655589536338975,-0.5869222879282334,-0.3394600286406294,-1.0004554888773485
2004-10-31 10:00:00,-0.0039019689001675,-0.0731403486528555,-0.0775120283311131,0.0778240090211828,-0.782888194450872
2004-10-31 11:00:00,0.2057474408791658,0.0502382857037976,-0.0359275173435931,0.3183759836732864,-0.717618006122929
2004-10-31 12:00:00,-0.0737851054932787,-0.252826203738545,-0.2854345832687133,0.1023701288836424,-0.5870776294670431
2004-10-31 13:00:00,-0.213551378679501,-0.2802918631932937,-0.2646423277749531,-0.0596342622085906,-0.848158382778815
2004-10-31 14:00:00,-0.4232007884588346,-0.4373031749498656,-0.3997919884843933,-0.3787338204205647,-1.0439689477626437
2004-10-31 15:00:00,-0.3533176518657233,-0.133988796244544,0.0264492491376868,-0.2756401169982346,-1.0439689477626437
2004-10-31 16:00:00,0.0659811676929437,-0.0578302589200535,-0.1294926670655132,0.2496468480583996,-0.6741045472376337
2004-10-31 17:00:00,0.1358643042860546,0.0604247756488665,-0.056719772837353,0.5000172706554871,-0.3695103350405666
2004-10-31 18:00:00,3.1408391777898346,2.9422387749836405,1.9705251378042483,1.5014989610438367,-0.0866728522861472
2004-10-31 19:00:00,1.813059582520723,2.0883635922298507,1.1492310458007275,1.4965897370713448,-0.2172132289420331
2004-10-31 20:00:00,1.3937607629620554,1.4673081022575143,0.9621007463568876,1.2904023302266847,-0.4565372528111572
2004-10-31 21:00:00,1.3937607629620554,1.175828072484645,0.6398207862036073,1.3885868096765228,-0.5870776294670431
2004-10-31 22:00:00,0.4153968506584996,0.4511409687194016,0.2655601873159271,0.55892795832539,-0.7393747355655766
2004-10-31 23:00:00,0.3455137140653883,0.3990046735780133,0.234371804075287,0.4067420151781408,-0.913428571106758
2004-11-01 00:00:00,0.7648125336240554,1.022997117826929,0.4734827422535272,0.392014343260665,-0.8916718416641102
2004-11-01 01:00:00,1.1142282165896111,1.2747243351065405,0.6710091694442474,0.4901988227105032,-0.717618006122929
2004-11-01 02:00:00,0.9744619434033888,1.182737982181573,0.5566517642285672,0.5638371822978819,-0.913428571106758
2004-11-01 03:00:00,0.625046260437833,1.0161434309249693,0.4838788700004072,0.9803414192157728,-0.7678939250110737
2004-11-01 04:00:00,0.516471832251327,0.6064981032917616,0.5774440197223271,0.2594652960033835,-1.2615362421891203
2004-11-01 05:00:00,0.4153968506584996,0.5297505085730814,0.3799175925316071,0.2005546083334806,-1.3268064305170633
2004-11-01 06:00:00,-0.213551378679501,-0.2736064784039595,-0.1814733057999132,-0.1872740854933802,-1.4138333482876535
2004-11-01 07:00:00,-0.5629670616450568,-0.5003088747022433,-0.3686036052437533,-0.2854585649432184,-1.2832929716317678
2004-11-01 08:00:00,-0.4232007884588346,-0.3852066203508492,-0.2750384555218333,-0.1234541738509854,-1.2832929716317678
2004-11-01 09:00:00,-0.1436682420863899,-0.1503572297301898,-0.1606810503061531,0.1367346966910857,-1.0439689477626437
2004-11-01 10:00:00,0.0659811676929437,0.0727386665638107,0.109618271112727,0.0434594412137394,-0.782888194450872
2004-11-01 11:00:00,0.3455137140653883,0.4921308658381072,0.2655601873159271,0.4312881350406003,-0.4782939822538049
2004-11-01 12:00:00,0.4153968506584996,0.2526223086806597,0.1200143988596069,0.3969235672331569,-0.4347805233685096
2004-11-01 13:00:00,0.2756305774722771,0.1356633285742549,-0.046323645090473,0.4018327912056488,-0.4130237939258619
2004-11-01 14:00:00,-0.4232007884588346,-0.496110661829741,-0.5037532659531934,-0.3149139087781699,-1.0004554888773485
2004-11-01 15:00:00,-0.0737851054932787,-0.2031179275407806,-0.2022655612936731,-0.1087265019335097,-0.8264016533361672
2004-11-01 16:00:00,0.6949293970309441,1.0084051964669902,0.4111059757722472,0.6767493336651959,-0.4782939822538049
2004-11-01 17:00:00,1.1142282165896111,1.2398434933447064,0.5254633809879271,1.265856210364225,0.0003540654844433
2004-11-01 18:00:00,1.323877626368945,1.5615188267384672,0.8789317243818475,1.3984052576215067,-0.3259968761552713
2004-11-01 19:00:00,1.3937607629620554,1.385956648116315,0.4630866145066473,1.1136702672169758,-0.4130237939258619
2004-11-01 20:00:00,0.6949293970309441,0.969920235470693,0.3279369537972071,0.8289352768124449,-0.347753605597919
2004-11-01 21:00:00,0.7648125336240554,0.854625962876548,0.348729209290967,0.8534813966749045,-0.5218074411391002
2004-11-01 22:00:00,0.7648125336240554,0.8620182531661377,0.4111059757722472,0.8092983809224774,-0.6741045472376337
2004-11-01 23:00:00,0.4153968506584996,0.3788139141471383,0.171995037594007,0.5834740781878496,-0.848158382778815
2004-11-02 00:00:00,0.1358643042860546,0.1095740287793951,-0.0879081560779931,0.1023701288836424,-1.0439689477626437
2004-11-02 01:00:00,-0.3533176518657233,-0.491646626850083,-0.3893958607375133,-0.0547250382360987,-1.1745093244185296
2004-11-02 02:00:00,-0.7027333348312792,-0.7306392895012559,-0.6804874376501535,-0.4474629560354514,-1.3268064305170633
2004-11-02 03:00:00,-0.982265881203724,-0.8255318756153239,-0.8572216093471137,-0.4334308873560213,-1.3985763986084223
2004-11-02 04:00:00,-1.1055683209164744,-0.9046606979938676,-0.9092022480815136,-0.8156547539723447,-1.5661304543861874
2004-11-02 05:00:00,-1.0521490177968351,-0.8612496953208216,-0.8988061203346337,-0.6978333786325388,-1.6314006427141303
2004-11-02 06:00:00,-1.1220321543899463,-0.8403288636679859,-0.8676177370939936,-0.8107455299998527,-1.5878871838288349
2004-11-02 07:00:00,-0.4232007884588346,-0.3807431347796111,-0.2750384555218333,0.3478313275082378,-1.1745093244185296
2004-11-02 08:00:00,0.9045788068102776,1.301210948757049,0.9724968741037674,1.810780071310827,-0.5435641705817479
2004-11-02 09:00:00,1.6034101727413894,2.0803510198342074,1.4403226227133676,1.5898649925486912,0.0438675243697386
2004-11-02 10:00:00,1.6034101727413894,1.9812835249214475,1.2739845787632875,1.5800465446037073,-0.0649161228434995
2004-11-02 11:00:00,2.581774085044945,3.106051488274213,2.2408244592231283,2.9742661527914094,0.892379972632997
2004-11-02 12:00:00,1.952825855706945,2.59036392583777,1.481907133700888,2.1053335096603414,0.892379972632997
2004-11-02 13:00:00,2.092592128893167,2.9588895128290384,2.064090287526168,1.6929586959710212,0.8706232431903492
2004-11-02 14:00:00,3.769787407127835,3.2313462760632947,2.7606308465671283,2.394977724037364,1.7408924208962553
2004-11-02 15:00:00,2.581774085044945,3.075660412119702,2.178447692741848,2.139698077467785,1.2622443731580069
2004-11-02 16:00:00,2.651657221638057,3.074666349151985,2.0952786707668083,1.5014989610438367,0.3702184660094534
2004-11-02 17:00:00,3.280605450976057,3.1932858246394304,2.771026974314009,2.340976260339953,0.6530559487638729
2004-11-02 18:00:00,4.04931995350028,3.300781244713269,3.405190766873689,2.7042588343043543,1.0446770787315305
2004-11-02 19:00:00,4.119203090093391,3.184833725507877,3.488359788848729,2.448979187734776,0.2396780893535675
2004-11-02 20:00:00,4.9578007292107245,3.0529921869874133,3.8314320044957695,3.047904512378788,0.1961646304682722
2004-11-02 21:00:00,2.651657221638057,2.81130815562335,1.845771604841688,2.110242733632833,-0.3042401467126237
2004-11-02 22:00:00,1.1142282165896111,1.2735821150015936,0.8061588301536876,1.0596688035195647,-0.717618006122929
2004-11-02 23:00:00,0.3455137140653883,0.456185270558531,0.2655601873159271,0.4852895987380113,-0.9569420299920532
2004-11-03 00:00:00,-0.7027333348312792,-0.6076334287574965,-0.4725648827125534,-0.5456474354852896,-1.1745093244185296
2004-11-03 01:00:00,0.3455137140653883,0.4143397613939202,0.1927872930877669,0.2103730562784644,-1.0439689477626437
2004-11-03 02:00:00,0.0659811676929437,-0.070005607345116,-0.0671159005842332,0.068005561076199,-1.1309958655332344
2004-11-03 03:00:00,-0.8424996080175017,-0.7859265334987705,-0.7532603318783136,-0.4224483564561345,-1.303502170033508
2004-11-03 04:00:00,-1.072787774468216,-0.8599352356762402,-0.8780138648408736,-0.850019321779788,-1.5878871838288349
2004-11-03 05:00:00,-1.1220321543899463,-0.888148868910631,-0.8988061203346337,-0.8303824258898204,-1.6314006427141303
2004-11-03 06:00:00,-0.982265881203724,-0.7810896791221836,-0.7324680763845536,-0.4278260601454838,-1.3050497010744155
2004-11-03 07:00:00,-0.5629670616450568,-0.4843757558212885,-0.3478113497499933,-0.035088142346131,-1.0004554888773485
2004-11-03 08:00:00,0.0659811676929437,0.2988922038506266,0.4318982312660072,0.2889206398383349,-0.7611314650082243
2004-11-03 09:00:00,1.1142282165896111,1.6066540103852258,1.2947768342570478,1.3591314658415714,-0.1954564994993854
2004-11-03 10:00:00,1.1142282165896111,1.529918685787923,1.0036852573444075,1.2805838822817008,-0.347753605597919
2004-11-03 11:00:00,0.9045788068102776,1.2571998547373806,0.8269510856474475,1.0154857877671375,-0.3259968761552713
2004-11-03 12:00:00,0.9045788068102776,1.325276319501112,0.8685355966349674,1.108761043244484,0.3049482776815104
2004-11-03 13:00:00,0.3455137140653883,0.440415051274073,0.1927872930877669,0.2938298638108269,-0.5218074411391002
2004-11-03 14:00:00,0.2756305774722771,0.3692917505497837,0.171995037594007,0.1367346966910857,-0.6741045472376337
2004-11-03 15:00:00,0.2756305774722771,0.2854881034944851,0.161598909847127,0.4165604631231246,-0.5000507116964525
2004-11-03 16:00:00,0.4153968506584996,0.5658237497422115,0.3903137202784871,0.55892795832539,-0.347753605597919
2004-11-03 17:00:00,0.7648125336240554,1.06910072538181,0.5150672532410473,0.6571124377752282,-0.0649161228434995
2004-11-03 18:00:00,1.1142282165896111,1.4817280587820283,0.9517046186100075,0.7111139014726392,-0.0649161228434995
2004-11-03 19:00:00,1.7431764459276111,2.3829296490972296,1.3571536007383276,1.0645780274920569,0.1526511715829769
2004-11-03 20:00:00,0.8346956702171663,1.200045629361017,0.7645743191661674,0.5736556302428657,-0.282483417269976
2004-11-03 21:00:00,0.2057474408791658,0.2789629628276183,0.1408066543533669,0.1416439206635776,-0.4347805233685096
2004-11-03 22:00:00,0.4852799872516105,0.566305764062593,0.4422943590128871,0.342922103535746,-0.5218074411391002
2004-11-03 23:00:00,0.4153968506584996,0.5123745516134314,0.296748570556567,0.3674682233982055,-0.717618006122929
2004-11-04 00:00:00,-0.213551378679501,-0.2651618878541448,-0.1502849225592731,-0.1087265019335097,-0.9569420299920532
2004-11-04 01:00:00,-0.7027333348312792,-0.6340973793106848,-0.5245455214469534,-0.4965551957603705,-1.152752594975882
2004-11-04 02:00:00,-0.6328501982381681,-0.723497071610785,-0.6389029266626335,-0.4818275238428948,-1.1962660538611771
2004-11-04 03:00:00,-0.9123827446106128,-0.789810301618957,-0.7428642041314335,-0.4956570390918192,-1.3037323161011063
2004-11-04 04:00:00,-1.0521490177968351,-0.8599352356762402,-0.8780138648408736,-0.7076518265775227,-1.522616995500892
2004-11-04 05:00:00,-1.1220321543899463,-0.9046606979938676,-0.9092022480815136,-0.7812901861649013,-1.522616995500892
2004-11-04 06:00:00,-0.982265881203724,-0.7528338787915665,-0.6908835653970335,-0.4032799402830243,-1.392076618845006
2004-11-04 07:00:00,-0.9123827446106128,-0.745229745772075,-0.6492990544095135,-0.4180076122005,-1.2397795127464726
2004-11-04 08:00:00,0.9744619434033888,1.488764881823951,1.1284387903069677,1.108761043244484,-0.5653209000243955
2004-11-04 09:00:00,1.0443450799965,1.5385119828833875,1.242796195522648,0.9663935480422184,-0.4782939822538049
2004-11-04 10:00:00,2.0076903719699537,2.5018945193446447,1.554680027929048,2.183881093220212,0.7183261370918157
2004-11-04 11:00:00,1.0324824026311707,1.4630062343297934,0.8685355966349674,1.3984052576215067,0.4354886543373963
2004-11-04 12:00:00,0.7941845163826181,1.1578530772111777,0.6294246584567271,1.089124147354516,0.2179213599109198
2004-11-04 13:00:00,1.0405322098491492,1.4760691520571847,0.9205162353693674,0.8780275165373641,0.6312992193212251
2004-11-04 14:00:00,1.486346308630415,1.8962347352505435,1.3571536007383276,1.216763970639306,0.6312992193212251
2004-11-04 15:00:00,1.6104830198731952,2.121955521838628,1.3675497284852078,1.3444037939240956,1.0011636198462353
2004-11-04 16:00:00,1.7945442594932184,2.402035510034966,1.398738111725848,1.751869383640924,0.7183261370918157
2004-11-04 17:00:00,4.538494845202291,3.042213526333775,3.592321066317529,3.995384739069727,1.6538655031256646
2004-11-04 18:00:00,4.608385046245169,3.05927119268217,3.7586591102676095,3.808834228115034,1.3275145614859498
2004-11-04 19:00:00,2.581774085044945,3.0181065836859404,2.251220586970008,1.9384198945956168,0.3049482776815104
2004-11-04 20:00:00,1.533527036148278,1.9153687991538344,1.648245177650968,1.211854746666814,-0.282483417269976
2004-11-04 21:00:00,1.0443450799965,1.3876579828565674,1.0868542793194476,1.1873086268043545,-0.3912670644832143
2004-11-04 22:00:00,1.2539944897758333,1.4860134444571529,1.0348736405850476,1.63895723227361,-0.3042401467126237
2004-11-04 23:00:00,0.2057474408791658,0.4004501671307379,0.2031834208346471,0.5245633905179466,-0.782888194450872
2004-11-05 00:00:00,-0.3533176518657233,-0.3751302867939678,-0.2646423277749531,-0.2118202053558398,-0.9786987594347007
2004-11-05 01:00:00,-0.213551378679501,-0.3355645478676812,-0.2230578167874333,-0.1234541738509854,-1.0439689477626437
2004-11-05 02:00:00,-0.4232007884588346,-0.5066460261214386,-0.3893958607375133,-0.1087265019335097,-1.1092391360905869
2004-11-05 03:00:00,-0.982265881203724,-0.8188646213038461,-0.8052409706127136,-0.4275157878418024,-1.2146583183603357
2004-11-05 04:00:00,-1.1220321543899463,-0.8609567690649514,-0.8884099925877535,-0.8107455299998527,-1.5008602660582444
2004-11-05 05:00:00,-1.1919152909830577,-0.9145110873380702,-0.9507867590690338,-0.8402008738348042,-1.5661304543861874
2004-11-05 06:00:00,-1.1220321543899463,-0.8274808562008408,-0.8260332261064736,-0.6978333786325388,-1.457346807172949
2004-11-05 07:00:00,-0.9123827446106128,-0.642265251153016,-0.5869222879282334,-0.3738245964480728,-1.2615362421891203
2004-11-05 08:00:00,-0.0737851054932787,0.1812068142450602,0.5150672532410473,0.3281944316182702,-0.7611314650082243
2004-11-05 09:00:00,2.8613066314173903,3.075649057679024,2.7606308465671283,2.3900685000648725,0.1744079010256245
2004-11-05 10:00:00,1.6732933093345004,2.246444510611874,1.4715110059540075,2.0611504939079146,0.3484617365668057
2004-11-05 11:00:00,1.7431764459276111,2.459396312977207,1.3363613452445675,2.3164301404774936,0.892379972632997
2004-11-05 12:00:00,0.8346956702171663,1.253197597534638,0.9932891295975274,1.0154857877671375,-0.0649161228434995
2004-11-05 13:00:00,1.0443450799965,1.5292121465599473,1.1180426625600877,1.0645780274920569,0.0873809832550339
2004-11-05 14:00:00,1.6034101727413894,2.1236151015389684,1.4195303672196078,1.4033144815939986,0.326705007124158
2004-11-05 15:00:00,1.533527036148278,1.9023467207856544,1.5650761556759278,1.4180421535114742,0.6095424898785775
2004-11-05 16:00:00,2.022708992300056,2.795021858696477,1.918544499069848,1.7813247274758757,0.7400828665344634
2004-11-05 17:00:00,4.189086226686502,3.02202533080886,3.498755916595609,3.74501431647264,1.5233251264697787
2004-11-05 18:00:00,4.119203090093391,3.276190456383653,3.2700411061642485,3.013539944571345,0.95765016096094
2004-11-05 19:00:00,1.0443450799965,1.4614003135184614,1.1492310458007275,0.6472939898302443,-0.1084295817287948
2004-11-05 20:00:00,0.5551631238447217,0.5479538746130823,0.4734827422535272,0.5392910624354224,-0.2607266878273284
2004-11-05 21:00:00,0.4153968506584996,0.4775979143152363,0.3071446983034471,0.6031109740778172,-0.3695103350405666
2004-11-05 22:00:00,-0.1436682420863899,-0.1514315978952803,-0.0671159005842332,0.0827332329936747,-0.7393747355655766
2004-11-05 23:00:00,-0.5629670616450568,-0.4732733104721968,-0.3893958607375133,-0.3738245964480728,-0.8916718416641102
2004-11-06 00:00:00,-0.6328501982381681,-0.6214336068003421,-0.4829610104594334,-0.3541877005581051,-0.9569420299920532
2004-11-06 01:00:00,-0.213551378679501,-0.3441626065027846,-0.2438500722811932,0.0434594412137394,-0.7393747355655766
2004-11-06 02:00:00,-0.1436682420863899,-0.2791513828816767,-0.2438500722811932,0.0827332329936747,-0.8046449238935196
2004-11-06 03:00:00,-0.4232007884588346,-0.5421239374835853,-0.4517726272187933,-0.1542910609251438,-0.884951211310763
2004-11-06 04:00:00,-0.8424996080175017,-0.7780353803639227,-0.7324680763845536,-0.5358289875403058,-1.2180227833038249
2004-11-06 05:00:00,-1.1220321543899463,-0.8609567690649514,-0.8884099925877535,-0.7616532902749337,-1.4355900777303017
2004-11-06 06:00:00,-1.0521490177968351,-0.8068698908968217,-0.7948448428658336,-0.6094673471276845,-1.4138333482876535
2004-11-06 07:00:00,-0.7027333348312792,-0.628012406356218,-0.5245455214469534,-0.0252696944011472,-1.1309958655332344
2004-11-06 08:00:00,0.4852799872516105,0.5084556213543721,0.3279369537972071,1.0302134596846133,-0.5000507116964525
2004-11-06 09:00:00,0.5551631238447217,0.5662151116733115,0.5254633809879271,1.0645780274920569,-0.282483417269976
2004-11-06 10:00:00,-0.2834345152726122,-0.2359253934940279,-0.046323645090473,0.0778240090211828,-0.6523478177949861
2004-11-06 11:00:00,0.1358643042860546,0.4254577733149088,0.286352442809687,0.3674682233982055,-0.6088343589096907
2004-11-06 12:00:00,0.8346956702171663,1.04100452819717,0.5982362752160875,1.2364008665292734,0.0438675243697386
2004-11-06 13:00:00,0.9744619434033888,1.258656153322363,0.8373472133943273,1.265856210364225,0.2396780893535675
2004-11-06 14:00:00,1.184111353182722,1.5156662988314749,0.9932891295975274,1.3542222418690797,0.4790021132226916
2004-11-06 15:00:00,0.9045788068102776,1.0473820611352271,0.6606130416973672,1.0596688035195647,0.6748126782065205
2004-11-06 16:00:00,1.184111353182722,1.5064021740553275,0.8789317243818475,1.319857674061636,0.4354886543373963
2004-11-06 17:00:00,1.0443450799965,1.301900639460148,0.8477433411412074,1.1578532829694028,0.0656242538123863
2004-11-06 18:00:00,0.9744619434033888,1.081929045713909,0.5878401474692073,0.8142076048949692,-0.1954564994993854
2004-11-06 19:00:00,0.4852799872516105,0.4897438693898349,0.3383330815440871,0.5785648542153576,-0.4130237939258619
2004-11-06 20:00:00,0.2756305774722771,0.2047907200771619,0.0680337601252069,0.5245633905179466,-0.4347805233685096
2004-11-06 21:00:00,0.6949293970309441,0.620499593736461,0.2031834208346471,0.7700245891425421,-0.4347805233685096
2004-11-06 22:00:00,-0.213551378679501,-0.385583972367242,-0.3582074774968732,0.0532778891587233,-0.5870776294670431
2004-11-06 23:00:00,-0.3533176518657233,-0.3840820728834089,-0.3582074774968732,-0.202001757410856,-0.8046449238935196
2004-11-07 00:00:00,-0.1436682420863899,-0.4282280466701597,-0.3997919884843933,-0.0694527101535744,-0.6523478177949861
2004-11-07 01:00:00,-0.0737851054932787,-0.3364758333001351,-0.3062268387624732,-0.035088142346131,-0.5000507116964525
2004-11-07 02:00:00,-0.4930839250519458,-0.5645240970910039,-0.4621687549656733,-0.3001862368606942,-0.6741045472376337
2004-11-07 03:00:00,-0.6328501982381681,-0.7559917410369763,-0.7012796931439136,-0.3903216894387637,-0.7547084559308985
2004-11-07 04:00:00,-0.9493394305417636,-0.8017935860172338,-0.7844487151189536,-0.688014930687555,-1.1745093244185296
2004-11-07 05:00:00,-0.982265881203724,-0.91806104405914,-0.9611828868159136,-0.85492854575228,-1.479103536615597
2004-11-07 06:00:00,-1.1919152909830577,-0.92688232275684,-1.0235596532971938,-0.9531130252021182,-1.7184275604847208
2004-11-07 07:00:00,-1.1919152909830577,-0.926696668494953,-1.054748036537834,-0.9089300094496908,-1.6314006427141303
2004-11-07 08:00:00,-1.1220321543899463,-0.9191241722436402,-1.0131635255503135,-0.7076518265775227,-1.2832929716317678
2004-11-07 09:00:00,-0.982265881203724,-0.907898270244196,-0.9819751423096736,-0.6781964827425712,-1.1309958655332344
2004-11-07 10:00:00,-0.982265881203724,-0.8990232639814344,-0.9715790145627936,-0.688014930687555,-1.152752594975882
2004-11-07 11:00:00,-0.982265881203724,-0.8635389886384239,-0.8988061203346337,-0.6045581231551925,-1.022212218319996
2004-11-07 12:00:00,-0.7726164714243904,-0.792233467454872,-0.8052409706127136,-0.6045581231551925,-1.0657256772052914
2004-11-07 13:00:00,-0.7726164714243904,-0.7786843232758801,-0.7948448428658336,-0.796017858082377,-1.6531573721567778
2004-11-07 14:00:00,-0.8424996080175017,-0.7689453264888098,-0.7740525873720735,-0.8991115615047072,-1.827211207697959
2004-11-07 15:00:00,-0.8424996080175017,-0.7697205417692714,-0.7844487151189536,-0.8794746656147395,-1.7836977488126635
2004-11-07 16:00:00,-0.8424996080175017,-0.7983210500993332,-0.8260332261064736,-0.7027426026050307,-1.3050497010744155
2004-11-07 17:00:00,-0.7027333348312792,-0.7494034184018223,-0.7636564596251936,-0.6438319149351278,-1.1962660538611771
2004-11-07 18:00:00,0.7648125336240554,0.7774197952634015,0.3071446983034471,-0.2412755491907912,-0.5653209000243955
2004-11-07 19:00:00,0.6949293970309441,0.5696419551242914,-0.0879081560779931,0.7258415733901149,0.6530559487638729
2004-11-07 20:00:00,0.6949293970309441,0.6276221244918858,0.0888260156189668,0.8534813966749045,0.6095424898785775
2004-11-07 21:00:00,0.1358643042860546,0.2141061229724987,0.0056569936439269,0.5098357186004708,0.3702184660094534
2004-11-07 22:00:00,-0.213551378679501,-0.4425693462225597,-0.4205842439781533,0.0827332329936747,0.1526511715829769
2004-11-07 23:00:00,-0.9123827446106128,-0.8857425515995927,-0.9299945035752736,-0.7321979464399822,-1.152752594975882
2004-11-08 00:00:00,-0.8424996080175017,-0.8829472989113087,-0.8988061203346337,-0.6487411389076198,-1.1092391360905869
2004-11-08 01:00:00,-0.9123827446106128,-0.9092098454945732,-0.9195983758283937,-0.634013466990144,-1.0439689477626437
2004-11-08 02:00:00,-0.982265881203724,-0.9258615905887412,-1.0027673978034335,-0.8402008738348042,-1.479103536615597
2004-11-08 03:00:00,-1.1919152909830577,-0.927093432942182,-1.127520930765994,-0.5237886692912436,-0.8879070072182431
2004-11-08 04:00:00,-1.33168156416928,-0.928114165110281,-1.1483131862597538,-1.1052989683493673,-2.1100486904523783
2004-11-08 05:00:00,-1.33168156416928,-0.928114165110281,-1.1379170585128735,-1.070934400541924,-2.0012650432391403
2004-11-08 06:00:00,-1.2617984275761684,-0.928114165110281,-1.117124803019114,-1.0071144888995291,-1.827211207697959
2004-11-08 07:00:00,-0.982265881203724,-0.915926454995771,-0.9611828868159136,-0.4523721800079434,-0.8264016533361672
2004-11-08 08:00:00,-0.2834345152726122,-0.4812514532735268,-0.4101881162312733,0.5932925261328333,0.457245383780044
2004-11-08 09:00:00,-0.213551378679501,-0.4948544394776676,-0.5661300324344735,0.4116512391506327,0.5007588426653393
2004-11-08 10:00:00,-0.4232007884588346,-0.6347919689055279,-0.6804874376501535,0.2692837439483673,0.1308944421403292
2004-11-08 11:00:00,-0.5629670616450568,-0.6886271264492791,-0.7116758208907935,0.0827332329936747,0.1526511715829769
2004-11-08 12:00:00,-0.6328501982381681,-0.6819938438917643,-0.6492990544095135,-0.0252696944011472,-0.1519430406140901
2004-11-08 13:00:00,-0.5629670616450568,-0.5306812709704781,-0.5557339046875934,-0.089089606043542,-0.2172132289420331
2004-11-08 14:00:00,-0.213551378679501,-0.1876771701721152,-0.1398887948123932,0.0385502172412475,-0.1084295817287948
2004-11-08 15:00:00,-0.2834345152726122,-0.3758821522165842,-0.3686036052437533,0.1661900405260372,0.2396780893535675
2004-11-08 16:00:00,0.0659811676929437,0.1038166863793213,-0.0151352618498331,0.5883833021603414,0.4790021132226916
2004-11-08 17:00:00,0.7648125336240554,1.1215673981196908,0.5878401474692073,1.3542222418690797,1.0011636198462353
2004-11-08 18:00:00,2.651657221638057,2.9622141663139194,2.0432980320324083,2.4735253075972348,1.5885953147977216
2004-11-08 19:00:00,3.1408391777898346,3.0732111493838423,1.824979349347928,2.880268476720943,1.97866310405093
2004-11-08 20:00:00,1.7936645355599707,2.3527590688552333,1.2220039400288878,1.805086402248004,1.5472281153095016
2004-11-08 21:00:00,0.6820796960708121,0.8008293554902589,0.244767931822167,0.6426523401379914,0.6263507053888505
2004-11-08 22:00:00,-0.11111389132218,-0.3142433806128872,-0.3478113497499933,-0.1091251666365981,0.0671042266495341
2004-11-08 23:00:00,-0.2318180130814816,-0.4511633758625839,-0.4101881162312733,-0.1050603897136957,-0.0106866381147102
2004-11-09 00:00:00,-0.6730567143379532,-0.729458793943057,-0.6700913099032735,-0.356317882475002,-0.3591626424996333
2004-11-09 01:00:00,-0.8164655444509645,-0.8007919228997085,-0.7948448428658336,-0.405274162704223,-0.5167772597957927
2004-11-09 02:00:00,-1.0525700773305295,-0.8609567690649514,-0.8780138648408736,-0.4760017905426527,-0.6613883337889769
2004-11-09 03:00:00,-1.166766074741993,-0.9221262543099944,-0.9819751423096736,-0.5182965798443565,-0.7708419193569402
2004-11-09 04:00:00,-1.2146606907340394,-0.9258615905887412,-1.0339557810440738,-0.5243677144161728,-0.8627722015969508
2004-11-09 05:00:00,-1.1657443328754873,-0.9244555399821608,-0.9819751423096736,-0.5159596496034229,-0.8777870538801549
2004-11-09 06:00:00,-1.0820944372715071,-0.8273715697093181,-0.8468254816002337,-0.4624669665642938,-0.8478949555813549
2004-11-09 07:00:00,-0.5478067691065376,-0.5471655838486853,-0.4101881162312733,0.0876803608255734,-0.2451260544604213
2004-11-09 08:00:00,1.1466795663433031,1.574040210899989,1.1492310458007275,2.119278534299,1.0215997274974575
2004-11-09 09:00:00,1.442149511390074,1.8000029203289638,1.1908155567882477,2.4325340065515326,1.3959684509148906
2004-11-09 10:00:00,1.0226579856379991,1.314695262742494,0.7437820636724074,1.580786943311961,1.4777935529866768
2004-11-09 11:00:00,1.2212596623138028,1.572933336070055,0.9413084908631272,2.539984406541248,1.876899202383114
2004-11-09 12:00:00,0.0589075874578599,-0.0216426492315167,-0.0775120283311131,0.3285225322194591,0.2671669746940648
2004-11-09 13:00:00,0.1883879551375944,0.2837981231949104,0.047241504631447,0.3226594194215016,0.1828274459133154
2004-11-09 14:00:00,0.5470903904878769,0.6274728685378163,0.3591253370378472,0.5814928899001227,0.5395246363321393
2004-11-09 15:00:00,-0.0039019689001675,0.1921452611808154,0.1823911653408869,0.3296981511315729,0.1955043195725595
2004-11-09 16:00:00,-0.4232007884588346,-0.4655578764636431,-0.3997919884843933,-0.0903473999235791,-0.1837410438160005
2004-11-09 17:00:00,-0.3533176518657233,-0.3883817431774505,-0.3374152220031133,-0.123207124585524,-0.1289133287030613
2004-11-09 18:00:00,0.9744619434033888,1.248744276019168,0.5774440197223271,1.0912574005327484,1.013399788269653
2004-11-09 19:00:00,1.7431764459276111,2.1931874222939145,0.8893278521287273,1.888782019076392,1.2811058932886836
2004-11-09 20:00:00,1.813059582520723,1.834500641285996,0.5358595087348073,1.145373175078884,1.200648554359349
2004-11-09 21:00:00,0.625046260437833,0.5183892918582225,-0.1814733057999132,0.4383298631031939,0.5000500624932194
2004-11-09 22:00:00,-0.4232007884588346,-0.607548087316274,-0.6285067989157536,-0.2161846924397825,0.1548294671798691
2004-11-09 23:00:00,-0.8424996080175017,-0.7976178531059119,-0.8156370983595936,-0.4206333908245808,-0.3821047113355148
2004-11-10 00:00:00,-0.9123827446106128,-0.910747639661839,-0.9195983758283937,-0.5038948361724911,-0.615722141870374
2004-11-10 01:00:00,-0.982265881203724,-0.9092098454945732,-0.9195983758283937,-0.5187353956712434,-0.6667817027239935
2004-11-10 02:00:00,-1.0521490177968351,-0.9145110873380702,-0.9507867590690338,-0.555152839500509,-0.8092158090456665
2004-11-10 03:00:00,-1.2617984275761684,-0.927093432942182,-1.0963325475253538,-0.545282067749605,-0.9368631342683256
2004-11-10 04:00:00,-1.33168156416928,-0.928114165110281,-1.127520930765994,-1.012023712872021,-1.761941019370016
2004-11-10 05:00:00,-1.33168156416928,-0.928114165110281,-1.127520930765994,-1.026751384789497,-1.827211207697959
2004-11-10 06:00:00,-1.2617984275761684,-0.927093432942182,-1.0859364197784738,-0.9334761293121504,-1.5443737249435396
2004-11-10 07:00:00,-1.1220321543899463,-0.9254648032494948,-1.0131635255503135,-0.6143765711001764,-0.8264016533361672
2004-11-10 08:00:00,-0.4930839250519458,-0.5702604704030519,-0.5765261601813535,0.1416439206635776,0.391975195452101
2004-11-10 09:00:00,-0.0737851054932787,-0.2009408051089054,-0.1918694335467932,0.4607434788755518,0.8488665137477016
2004-11-10 10:00:00,-0.3533176518657233,-0.4900134187538967,-0.4829610104594334,0.5687464062703738,1.196974184830064
2004-11-10 11:00:00,-0.5629670616450568,-0.6978032543101744,-0.7220719486376735,0.3821958953156812,0.8706232431903492
2004-11-10 12:00:00,-0.4930839250519458,-0.5099984247315237,-0.4725648827125534,0.7700245891425421,1.196974184830064
2004-11-10 13:00:00,-0.1436682420863899,-0.3032754487585981,-0.3686036052437533,0.7503876932525745,1.4145414792565405
2004-11-10 14:00:00,0.4153968506584996,0.2194078226563456,-0.056719772837353,1.0743964754370403,0.761839595977111
2004-11-10 15:00:00,-0.0039019689001675,-0.0647898900789816,-0.1606810503061531,1.0302134596846133,-0.2607266878273284
2004-11-10 16:00:00,0.2057474408791658,0.2610656172774948,-0.004739134102953,1.4965897370713448,-0.1084295817287948
2004-11-10 17:00:00,0.4153968506584996,0.3055640365656035,0.099222143365847,1.648775680218594,-0.0866728522861472
2004-11-10 18:00:00,0.2756305774722771,0.3146274441323519,0.1304105266064869,0.9663935480422184,0.6748126782065205
2004-11-10 19:00:00,1.1142282165896111,1.2938135306555405,0.5878401474692073,1.3051300021441603,1.4580549381418355
2004-11-10 20:00:00,1.7431764459276111,2.2959810051103533,1.0452697683319274,1.7076863678884968,1.566838585355074
2004-11-10 21:00:00,1.2539944897758333,1.216101724159957,0.4111059757722472,1.6782310240535454,1.8061626092241985
2004-11-10 22:00:00,0.0659811676929437,-0.035777279649969,-0.1502849225592731,0.5294726144904385,0.827109784305054
2004-11-10 23:00:00,0.4153968506584996,0.4791527401435187,0.213579548581527,1.437679049401442,1.2404876437153594
2004-11-11 00:00:00,0.3455137140653883,0.2640481724529254,-0.0151352618498331,1.1725809548868786,1.0446770787315305
2004-11-11 01:00:00,-0.0039019689001675,-0.1587468794380158,-0.2022655612936731,0.5196541665454547,0.4790021132226916
2004-11-11 02:00:00,-0.4930839250519458,-0.5872238674234013,-0.4933571382063134,-0.0939988300160339,-0.282483417269976
2004-11-11 03:00:00,-0.6328501982381681,-0.6473879352600495,-0.6077145434219935,-0.1870968512416878,-0.5864966621128465
2004-11-11 04:00:00,-0.7027333348312792,-0.7153709548083653,-0.6181106711688734,-0.3149139087781699,-0.782888194450872
2004-11-11 05:00:00,-0.7027333348312792,-0.7168137013189905,-0.6285067989157536,-0.3590969245305971,-0.913428571106758
2004-11-11 06:00:00,-0.7027333348312792,-0.627860906984434,-0.5453377769407135,0.0581871131312152,-0.4565372528111572
2004-11-11 07:00:00,-0.4232007884588346,-0.4647368771481908,-0.3374152220031133,0.7356600213350987,0.1526511715829769
2004-11-11 08:00:00,0.6949293970309441,1.0926271264659635,0.6190285307098473,2.5520728911571053,1.7408924208962553
2004-11-11 09:00:00,3.280605450976057,3.198301190968446,2.178447692741848,4.952683413705649,2.197783739191856
2004-11-11 10:00:00,2.3022415386725013,2.601302281205455,1.325965217497688,4.280119729474258,1.7408924208962553
2004-11-11 11:00:00,1.6732933093345004,2.124265601108116,1.0036852573444075,4.451942568511474,1.8279193386668453
2004-11-11 12:00:00,0.625046260437833,0.6804026925736625,0.1408066543533669,2.365522380202413,2.176027009749208
2004-11-11 13:00:00,0.4852799872516105,0.530873316247192,0.234371804075287,1.5653188726862317,1.936702985880084
2004-11-11 14:00:00,1.2539944897758333,1.4753653598713083,0.6918014249380073,2.1593349733577525,1.4798116675844837
2004-11-11 15:00:00,0.9045788068102776,1.018016730500647,0.3071446983034471,2.0660597178804063,1.6103520442403694
2004-11-11 16:00:00,0.7648125336240554,0.8917406992736453,0.244767931822167,1.540772752823772,1.6538655031256646
2004-11-11 17:00:00,0.4852799872516105,0.2628808626968039,-0.0151352618498331,0.7700245891425421,1.2622443731580069
2004-11-11 18:00:00,1.2539944897758333,1.3802482946336811,0.5358595087348073,1.643866456246102,1.6756222325683123
2004-11-11 19:00:00,0.9744619434033888,1.201668581833366,0.4942749977472873,1.103851819271992,1.2187309142727116
2004-11-11 20:00:00,1.813059582520723,2.2488934070754536,0.9621007463568876,1.6193203363836426,1.4580549381418355
2004-11-11 21:00:00,1.7431764459276111,1.766072921405816,0.5670478919754474,2.296793244587526,2.110756821421265
2004-11-11 22:00:00,-0.6328501982381681,-0.6967197751221208,-0.6804874376501535,-0.2216386533008236,0.0873809832550339
2004-11-11 23:00:00,-0.7027333348312792,-0.7494034184018223,-0.7636564596251936,-0.4278260601454838,-0.5653209000243955
2004-11-12 00:00:00,-0.6328501982381681,-0.7555990055848265,-0.7116758208907935,-0.3492784765856133,-0.3912670644832143
2004-11-12 01:00:00,-0.3533176518657233,-0.6467654097362817,-0.6181106711688734,0.0041856494338042,0.022110794927091
2004-11-12 02:00:00,-0.982265881203724,-0.9145110873380702,-0.9299945035752736,-0.6683780347975874,-0.848158382778815
2004-11-12 03:00:00,-1.1919152909830577,-0.927093432942182,-1.054748036537834,-0.5423394248462938,-0.9728573816742622
2004-11-12 04:00:00,-1.056360429544248,-0.9258615905887412,-1.0131635255503135,-0.8991115615047072,-1.457346807172949
2004-11-12 05:00:00,-1.0521490177968351,-0.9258615905887412,-1.0027673978034335,-0.8205639779448366,-1.3050497010744155
2004-11-12 06:00:00,-1.1220321543899463,-0.9258615905887412,-1.0027673978034335,-0.7812901861649013,-1.2397795127464726
2004-11-12 07:00:00,-1.0521490177968351,-0.9141143228908412,-0.9403906313221536,-0.5947396752102088,-0.9351853005494056
2004-11-12 08:00:00,-0.4930839250519458,-0.5784640995767109,-0.5869222879282334,0.1367346966910857,0.0656242538123863
2004-11-12 09:00:00,-0.0737851054932787,-0.3250673674611659,-0.3582074774968732,0.5000172706554871,0.6530559487638729
2004-11-12 10:00:00,-0.3533176518657233,-0.5011756580526863,-0.5141493937000734,0.0925516809386585,0.1308944421403292
2004-11-12 11:00:00,-0.3533176518657233,-0.4716775537166328,-0.4621687549656733,0.3576497754532217,0.2614348187962151
2004-11-12 12:00:00,-0.2834345152726122,-0.4887452925527258,-0.4829610104594334,0.2005546083334806,0.1308944421403292
2004-11-12 13:00:00,-0.0737851054932787,-0.2170257438498892,-0.2750384555218333,0.1416439206635776,0.1744079010256245
2004-11-12 14:00:00,0.1358643042860546,0.0883255665721662,-0.1502849225592731,0.3527405514807298,0.326705007124158
2004-11-12 15:00:00,0.2057474408791658,0.2428961314233868,0.0056569936439269,0.55892795832539,0.3484617365668057
2004-11-12 16:00:00,0.0659811676929437,-0.0496795103068087,-0.1606810503061531,0.4852895987380113,0.5442723015506346
2004-11-12 17:00:00,0.3455137140653883,0.2703896275714098,0.161598909847127,0.5883833021603414,0.6530559487638729
2004-11-12 18:00:00,1.323877626368945,1.3349220999929416,0.5462556364816874,1.5162266329613123,1.153460725944769
2004-11-12 19:00:00,2.162475265486279,2.402672823802036,0.9828930018506477,1.7764155035033835,1.4798116675844837
2004-11-12 20:00:00,1.2539944897758333,1.4888482087676338,0.7749704469130475,1.1382163870794353,1.0881905376168255
2004-11-12 21:00:00,1.184111353182722,0.8314356166092259,0.1304105266064869,1.3934960336490148,1.2187309142727116
2004-11-12 22:00:00,-0.3533176518657233,-0.4972319128466619,-0.5661300324344735,-0.1480002937134449,0.1091377126976816
2004-11-12 23:00:00,-0.4232007884588346,-0.5151353018894043,-0.5453377769407135,-0.1627279656309207,-0.0649161228434995
2004-11-13 00:00:00,-0.3533176518657233,-0.6590462903619976,-0.6596951821563936,-0.1038172779610177,-0.0431593934008519
2004-11-13 01:00:00,-0.4232007884588346,-0.6769239945611102,-0.6700913099032735,-0.1087265019335097,0.022110794927091
2004-11-13 02:00:00,-0.7726164714243904,-0.8546588087797082,-0.8988061203346337,-0.5947396752102088,-0.7611314650082243
2004-11-13 03:00:00,-0.9123827446106128,-0.8883126384037926,-0.8988061203346337,-0.5099820012303015,-0.7945814073841247
2004-11-13 04:00:00,-0.5629670616450568,-0.6901777859303774,-0.6596951821563936,-0.3149139087781699,-0.4782939822538049
2004-11-13 05:00:00,-0.7726164714243904,-0.8033043218198201,-0.7948448428658336,-0.6241950190451602,-0.848158382778815
2004-11-13 06:00:00,-0.7726164714243904,-0.7879369562592448,-0.7844487151189536,-0.4474629560354514,-0.7611314650082243
2004-11-13 07:00:00,-0.8424996080175017,-0.8248015286891531,-0.8364293538533536,-0.4818275238428948,-0.5218074411391002
2004-11-13 08:00:00,-0.0039019689001675,-0.1140731072958928,-0.1710771780530332,0.8976644124273317,0.3049482776815104
2004-11-13 09:00:00,-0.0039019689001675,-0.0594243674503578,-0.0671159005842332,0.5491095103804061,0.391975195452101
2004-11-13 10:00:00,0.6949293970309441,0.8930812558181714,0.348729209290967,1.530954304878788,1.1752174553874164
2004-11-13 11:00:00,1.184111353182722,1.268911227751848,0.6502169139504874,1.7224140398059726,1.936702985880084
2004-11-13 12:00:00,1.1142282165896111,1.204134143685682,0.6398207862036073,1.4671343932363934,1.7844058797815503
2004-11-13 13:00:00,1.0443450799965,1.02681019539709,0.286352442809687,1.152944058996911,1.2187309142727116
2004-11-13 14:00:00,0.8346956702171663,0.6656714046112122,0.0784298878720869,0.6178386459952929,0.5007588426653393
2004-11-13 15:00:00,-0.0039019689001675,-0.1380420568622659,-0.2230578167874333,0.1563715925810534,0.1744079010256245
2004-11-13 16:00:00,0.1358643042860546,0.0970360707972066,-0.0775120283311131,0.6374755418852606,0.5007588426653393
2004-11-13 17:00:00,-0.0039019689001675,-0.1422159126281531,-0.2438500722811932,0.392014343260665,0.391975195452101
2004-11-13 18:00:00,-0.1436682420863899,-0.3696650465371344,-0.3997919884843933,0.0287317692962637,0.1308944421403292
2004-11-13 19:00:00,-0.1436682420863899,-0.3070662752877535,-0.3478113497499933,-0.0203604704286553,0.1744079010256245
2004-11-13 20:00:00,0.1358643042860546,0.026203773399318,-0.2334539445343132,0.284011415865843,0.6965694076491681
2004-11-13 21:00:00,-0.2834345152726122,-0.6086131155382263,-0.6908835653970335,-0.1627279656309207,0.0656242538123863
2004-11-13 22:00:00,-0.9123827446106128,-0.8961971528535667,-0.9923712700565536,-0.7027426026050307,-1.1092391360905869
2004-11-13 23:00:00,-0.9123827446106128,-0.8892925083206624,-0.9611828868159136,-0.7125610505500146,-1.2615362421891203
2004-11-14 00:00:00,-0.9123827446106128,-0.9226421717082864,-0.9923712700565536,-0.6781964827425712,-1.152752594975882
2004-11-14 01:00:00,-0.9123827446106128,-0.923011145246276,-0.9923712700565536,-0.6781964827425712,-1.1309958655332344
2004-11-14 02:00:00,-1.0521490177968351,-0.927093432942182,-1.0755402920315935,-0.8598377697247719,-1.4355900777303017
2004-11-14 03:00:00,-1.1919152909830577,-0.927093432942182,-1.0963325475253538,-0.5393849838049263,-0.9732184113872272
2004-11-14 04:00:00,-1.2617984275761684,-0.928114165110281,-1.1067286752722338,-0.9923868169820534,-1.827211207697959
2004-11-14 05:00:00,-1.2617984275761684,-0.928114165110281,-1.1379170585128735,-1.0512975046519564,-1.9577515843538449
2004-11-14 06:00:00,-1.33168156416928,-0.928114165110281,-1.1587093140066338,-1.070934400541924,-2.023021772681788
2004-11-14 07:00:00,-1.33168156416928,-0.927717400663052,-1.1587093140066338,-1.0463882806794644,-1.9359948549111967
2004-11-14 08:00:00,-1.2617984275761684,-0.921376700981145,-1.1483131862597538,-0.9776591450645776,-1.761941019370016
2004-11-14 09:00:00,-1.2617984275761684,-0.9128653802003314,-1.1379170585128735,-0.8892931135597233,-1.5443737249435396
2004-11-14 10:00:00,-1.1919152909830577,-0.9058130363705472,-1.127520930765994,-0.8794746656147395,-1.5008602660582444
2004-11-14 11:00:00,-1.1919152909830577,-0.901461996389246,-1.117124803019114,-0.850019321779788,-1.4355900777303017
2004-11-14 12:00:00,-1.0521490177968351,-0.9008824620743344,-1.0651441642847137,-0.7125610505500146,-1.2180227833038249
2004-11-14 13:00:00,-1.0521490177968351,-0.8995563732848655,-1.054748036537834,-0.6192857950726682,-1.0439689477626437
2004-11-14 14:00:00,-1.0521490177968351,-0.8983245538234421,-1.0339557810440738,-0.6291042430176521,-1.0439689477626437
2004-11-14 15:00:00,-1.1220321543899463,-0.8983248743116871,-1.0651441642847137,-0.7714717382199174,-1.3485631599597108
2004-11-14 16:00:00,-1.0521490177968351,-0.8983248743116871,-1.0443519087909536,-0.6781964827425712,-1.1092391360905869
2004-11-14 17:00:00,-0.982265881203724,-0.8961971528535667,-0.9923712700565536,-0.634013466990144,-1.022212218319996
2004-11-14 18:00:00,-0.4930839250519458,-0.6485213190462429,-0.6908835653970335,-0.4425537320629595,-0.6958612766802814
2004-11-14 19:00:00,-0.6328501982381681,-0.7945093002661869,-0.8676177370939936,-0.1529095176859368,-0.2389699583846807
2004-11-14 20:00:00,-0.7027333348312792,-0.7955444772973255,-0.8676177370939936,-0.1381818457684611,-0.0866728522861472
2004-11-14 21:00:00,-0.7726164714243904,-0.825433623076234,-0.8884099925877535,-0.2854585649432184,-0.282483417269976
2004-11-14 22:00:00,-1.0521490177968351,-0.8970930548502637,-1.0131635255503135,-0.634013466990144,-0.9351853005494056
2004-11-14 23:00:00,-0.9123827446106128,-0.8857425515995927,-0.9403906313221536,-0.5407382115127978,-0.8046449238935196
2004-11-15 00:00:00,-1.0521490177968351,-0.9238739911697098,-1.0443519087909536,-0.6978333786325388,-1.0439689477626437
2004-11-15 01:00:00,-1.1220321543899463,-0.925138889596414,-1.0651441642847137,-0.850019321779788,-1.4355900777303017
2004-11-15 02:00:00,-1.2617984275761684,-0.928114165110281,-1.117124803019114,-0.962931473147102,-1.7184275604847208
2004-11-15 03:00:00,-1.33168156416928,-0.927093432942182,-1.1379170585128735,-0.5273264627142912,-0.9355991152962662
2004-11-15 04:00:00,-1.2798758505213887,-0.928114165110281,-1.1379170585128735,-1.0512975046519564,-1.9359948549111967
2004-11-15 05:00:00,-1.2617984275761684,-0.928114165110281,-1.1379170585128735,-1.0316606087619886,-1.9142381254685497
2004-11-15 06:00:00,-1.1919152909830577,-0.927093432942182,-1.0963325475253538,-0.8991115615047072,-1.5008602660582444
2004-11-15 07:00:00,-0.982265881203724,-0.915926454995771,-0.9715790145627936,-0.2805493409707265,-0.347753605597919
2004-11-15 08:00:00,-0.0737851054932787,-0.2344490415017195,-0.2750384555218333,1.1873086268043545,1.2404876437153594
2004-11-15 09:00:00,0.2057474408791658,0.0208889794814638,-0.2854345832687133,1.000758115849662,1.131703996502121
2004-11-15 10:00:00,-0.213551378679501,-0.4601539868136971,-0.4725648827125534,0.6031109740778172,0.6748126782065205
2004-11-15 11:00:00,-0.3533176518657233,-0.5024960696218165,-0.5349416491938335,0.2447376240859077,0.3702184660094534
2004-11-15 12:00:00,-0.2834345152726122,-0.4888938159622354,-0.5141493937000734,0.4509250309305679,0.1308944421403292
2004-11-15 13:00:00,-0.213551378679501,-0.4640622036085686,-0.4829610104594334,0.3036483117558107,-0.1301863111714425
2004-11-15 14:00:00,-0.2834345152726122,-0.4850765262608553,-0.5349416491938335,0.0041856494338042,0.022110794927091
2004-11-15 15:00:00,-0.2834345152726122,-0.4687395921912831,-0.4829610104594334,0.1318254727185938,0.0873809832550339
2004-11-15 16:00:00,-0.2834345152726122,-0.3758821522165842,-0.3686036052437533,0.2398284001134158,0.2396780893535675
2004-11-15 17:00:00,0.3455137140653883,0.3178991712727834,0.0160531213908069,0.8092983809224774,1.1752174553874164
2004-11-15 18:00:00,1.323877626368945,1.40120419685732,0.5566517642285672,1.3591314658415714,1.8279193386668453
2004-11-15 19:00:00,1.184111353182722,1.3482760210467333,0.5462556364816874,1.0203950117396294,1.4145414792565405
2004-11-15 20:00:00,1.323877626368945,1.3789949108917774,0.5150672532410473,1.2904023302266847,1.5233251264697787
2004-11-15 21:00:00,0.2057474408791658,0.028293814596641,-0.2854345832687133,0.5736556302428657,0.8053530548624064
2004-11-15 22:00:00,-0.4930839250519458,-0.6343659484599399,-0.6181106711688734,-0.1038172779610177,0.0438675243697386
2004-11-15 23:00:00,-0.5629670616450568,-0.7025688687283158,-0.7636564596251936,-0.2854585649432184,-0.347753605597919
2004-11-16 00:00:00,-0.5629670616450568,-0.7350285591517741,-0.7740525873720735,-0.3492784765856133,-0.4130237939258619
2004-11-16 01:00:00,-0.7726164714243904,-0.8522476841449959,-0.8884099925877535,-0.5505566594577815,-0.7393747355655766
2004-11-16 02:00:00,-0.9123827446106128,-0.9145110873380702,-0.9507867590690338,-0.6143765711001764,-0.8046449238935196
2004-11-16 03:00:00,-1.0521490177968351,-0.927093432942182,-1.0859364197784738,-0.5157917040445494,-0.8396671299205489
2004-11-16 04:00:00,-1.1919152909830577,-0.928114165110281,-1.1067286752722338,-0.9874775930095616,-1.6966708310420733
2004-11-16 05:00:00,-1.1220321543899463,-0.927093432942182,-1.1067286752722338,-0.9236576813671666,-1.522616995500892
2004-11-16 06:00:00,-1.1220321543899463,-0.927093432942182,-1.054748036537834,-0.6978333786325388,-1.022212218319996
2004-11-16 07:00:00,-0.8424996080175017,-0.8246631693354114,-0.8364293538533536,0.1612808165535453,0.1961646304682722
2004-11-16 08:00:00,0.9744619434033888,1.20972455749418,0.5462556364816874,3.209908903471021,2.001973174208027
2004-11-16 09:00:00,2.162475265486279,2.664697786231743,1.554680027929048,4.088659994547073,2.43710776306098
2004-11-16 10:00:00,1.533527036148278,1.501187372469893,0.5254633809879271,2.94972003292895,2.2195404686345035
2004-11-16 11:00:00,0.9744619434033888,1.1862534635242952,0.4318982312660072,2.331157812394969,2.371837574733037
2004-11-16 12:00:00,0.3455137140653883,0.1881735877134469,-0.0671159005842332,1.275674658309209,1.7191356914536076
2004-11-16 13:00:00,0.2756305774722771,0.2155355005449067,-0.0255313895967131,0.7405692453075906,0.8053530548624064
2004-11-16 14:00:00,0.4852799872516105,0.3790199423045962,0.0368453768845668,1.0743964754370403,1.1099472670594734
2004-11-16 15:00:00,0.0659811676929437,6.0814715449120775e-05,-0.046323645090473,0.9173013083172994,0.827109784305054
2004-11-16 16:00:00,0.2057474408791658,0.3033946058516068,0.0056569936439269,1.20203629872183,0.827109784305054
2004-11-16 17:00:00,0.9744619434033888,1.2215970903118143,0.5150672532410473,1.7960523993933513,1.6973789620109598
2004-11-16 18:00:00,1.463643899555167,1.6102927423501423,0.7437820636724074,2.012058254182995,2.0890000919786176
2004-11-16 19:00:00,0.6949293970309441,0.9937191431311106,0.3279369537972071,0.9271197562622832,1.2622443731580069
2004-11-16 20:00:00,0.7648125336240554,1.0519529560525531,0.4630866145066473,1.094033371327008,1.3275145614859498
2004-11-16 21:00:00,0.4852799872516105,0.5107640523986003,0.1927872930877669,0.9713027720147104,1.3275145614859498
2004-11-16 22:00:00,0.0659811676929437,-0.2492544080327847,-0.3686036052437533,0.3036483117558107,0.6965694076491681
2004-11-16 23:00:00,-0.213551378679501,-0.493242383605647,-0.5453377769407135,0.1907361603884967,0.5225155721079869
2004-11-17 00:00:00,-0.2834345152726122,-0.6613241376708523,-0.6596951821563936,-0.2069109813833479,-0.0649161228434995
2004-11-17 01:00:00,-0.3533176518657233,-0.6490343291583132,-0.6285067989157536,0.1907361603884967,0.2396780893535675
2004-11-17 02:00:00,-0.7027333348312792,-0.8405956930239114,-0.8780138648408736,-0.526010539595322,-0.5435641705817479
2004-11-17 03:00:00,-0.9123827446106128,-0.9244555399821608,-0.9819751423096736,-0.5047738910937128,-0.5675752193493512
2004-11-17 04:00:00,-0.982265881203724,-0.927093432942182,-1.054748036537834,-0.692924154660047,-0.913428571106758
2004-11-17 05:00:00,-0.9123827446106128,-0.9258615905887412,-1.0131635255503135,-0.6536503628801117,-0.8916718416641102
2004-11-17 06:00:00,-0.8424996080175017,-0.9172999302614554,-0.9715790145627936,-0.4916459717878786,-0.6305910883523385
2004-11-17 07:00:00,-0.6328501982381681,-0.7703239295664132,-0.7636564596251936,-0.2707308930257427,-0.3912670644832143
2004-11-17 08:00:00,0.8346956702171663,1.083990609241468,0.4215021035191272,2.090605837742866,1.958459715322732
2004-11-17 09:00:00,1.184111353182722,1.5283596478284214,0.7957627024068074,1.8304169672007944,1.98021644476538
2004-11-17 10:00:00,0.7648125336240554,1.0111456456653904,0.3383330815440871,1.7764155035033835,2.241297198077151
2004-11-17 11:00:00,0.7361852171812608,1.0357093298462918,0.4838788700004072,1.2195201655069186,1.429339547721293
2004-11-17 12:00:00,0.7648125336240554,1.0080548570312418,0.3175408260503271,3.1411797678561344,1.6756222325683123
2004-11-17 13:00:00,1.463643899555167,1.6016578733509066,0.7957627024068074,3.273728815113416,2.06724336253597
2004-11-17 14:00:00,1.533527036148278,1.7306097067189012,0.9309123631162476,2.797534089781701,2.2195404686345035
2004-11-17 15:00:00,1.323877626368945,1.5538060482039429,0.8477433411412074,3.042995288406296,1.9149462564374364
2004-11-17 16:00:00,1.3937607629620554,1.750771530639662,1.0036852573444075,2.94972003292895,1.3275145614859498
2004-11-17 17:00:00,3.9794368169071688,3.22901898199665,2.5527082916295285,5.1637800445228015,3.524944235193362
